--------------------------------------------------------
--  文件已创建 - 星期五-十一月-01-2013   
--------------------------------------------------------
--------------------------------------------------------
--  DDL for Sequence COMMON_SEQ
--------------------------------------------------------

   CREATE SEQUENCE  "DATACOLLECT"."COMMON_SEQ"  MINVALUE 1 MAXVALUE 999999999999999999999999 INCREMENT BY 1 START WITH 21 CACHE 20 NOORDER  NOCYCLE ;
--------------------------------------------------------
--  DDL for Sequence DATA_LOG_SEQ
--------------------------------------------------------

   CREATE SEQUENCE  "DATACOLLECT"."DATA_LOG_SEQ"  MINVALUE 1 MAXVALUE 9999999999999999999999999999 INCREMENT BY 1 START WITH 1 CACHE 20 NOORDER  NOCYCLE ;
--------------------------------------------------------
--  DDL for Sequence DATA_SEQ
--------------------------------------------------------

   CREATE SEQUENCE  "DATACOLLECT"."DATA_SEQ"  MINVALUE 1 MAXVALUE 999999999999999999999999 INCREMENT BY 1 START WITH 1 CACHE 20 NOORDER  NOCYCLE ;
--------------------------------------------------------
--  DDL for Sequence DOWNLOAD_TASK_SEQ
--------------------------------------------------------

   CREATE SEQUENCE  "DATACOLLECT"."DOWNLOAD_TASK_SEQ"  MINVALUE 1 MAXVALUE 9999999999999999999999999999 INCREMENT BY 1 START WITH 181 CACHE 20 NOORDER  NOCYCLE ;
--------------------------------------------------------
--  DDL for Table ACCOUNT
--------------------------------------------------------

  CREATE TABLE "DATACOLLECT"."ACCOUNT" 
   (	"ID" NUMBER(10,0), 
	"USER_NAME" VARCHAR2(100 CHAR), 
	"PASS_WORD" VARCHAR2(100 CHAR), 
	"QQ" VARCHAR2(100 CHAR), 
	"EMAIL" VARCHAR2(100 CHAR), 
	"MOBILE" VARCHAR2(20 CHAR), 
	"LOGIN_TIME" VARCHAR2(100 CHAR)
   ) SEGMENT CREATION IMMEDIATE 
  PCTFREE 10 PCTUSED 40 INITRANS 1 MAXTRANS 255 NOCOMPRESS LOGGING
  STORAGE(INITIAL 65536 NEXT 1048576 MINEXTENTS 1 MAXEXTENTS 2147483645
  PCTINCREASE 0 FREELISTS 1 FREELIST GROUPS 1 BUFFER_POOL DEFAULT FLASH_CACHE DEFAULT CELL_FLASH_CACHE DEFAULT)
  TABLESPACE "DATATIGER" ;
 

   COMMENT ON COLUMN "DATACOLLECT"."ACCOUNT"."ID" IS 'id of account';
 
   COMMENT ON COLUMN "DATACOLLECT"."ACCOUNT"."LOGIN_TIME" IS '用户登录时间';
--------------------------------------------------------
--  DDL for Table ACCOUNT_ACTION
--------------------------------------------------------

  CREATE TABLE "DATACOLLECT"."ACCOUNT_ACTION" 
   (	"ID" NUMBER(10,0), 
	"MENU_ID" NUMBER(10,0), 
	"ACTION" VARCHAR2(1000 CHAR), 
	"ACTION_STATUS" NUMBER(10,0), 
	"ACTION_STATUS_REASON" VARCHAR2(1000 CHAR), 
	"ACTION_DATE" DATE
   ) SEGMENT CREATION DEFERRED 
  PCTFREE 10 PCTUSED 40 INITRANS 1 MAXTRANS 255 NOCOMPRESS LOGGING
  TABLESPACE "DATATIGER" ;
--------------------------------------------------------
--  DDL for Table ACCOUNT_ROLE_MAP
--------------------------------------------------------

  CREATE TABLE "DATACOLLECT"."ACCOUNT_ROLE_MAP" 
   (	"ACCOUNT_ID" NUMBER(10,0), 
	"ROLE_ID" NUMBER(10,0)
   ) SEGMENT CREATION IMMEDIATE 
  PCTFREE 10 PCTUSED 40 INITRANS 1 MAXTRANS 255 NOCOMPRESS LOGGING
  STORAGE(INITIAL 65536 NEXT 1048576 MINEXTENTS 1 MAXEXTENTS 2147483645
  PCTINCREASE 0 FREELISTS 1 FREELIST GROUPS 1 BUFFER_POOL DEFAULT FLASH_CACHE DEFAULT CELL_FLASH_CACHE DEFAULT)
  TABLESPACE "DATATIGER" ;
--------------------------------------------------------
--  DDL for Table DATA_IOS_APP
--------------------------------------------------------

  CREATE TABLE "DATACOLLECT"."DATA_IOS_APP" 
   (	"ID" NUMBER(24,0), 
	"TITLE" VARCHAR2(1000 CHAR), 
	"ITUNS_URL" VARCHAR2(2000 CHAR), 
	"APP_DESC" CLOB, 
	"MANUFACTURER" VARCHAR2(1000 CHAR), 
	"APP_PRICE" VARCHAR2(100 CHAR), 
	"CATEGORY" VARCHAR2(200 CHAR), 
	"UPDATE_DATE" VARCHAR2(100 CHAR), 
	"APP_VERSION" VARCHAR2(100 CHAR), 
	"SIZE_" VARCHAR2(100 CHAR), 
	"APP_LANGUAGE" VARCHAR2(1000 CHAR), 
	"MAC_RATE" VARCHAR2(1000 CHAR), 
	"OS_REQUIRE" VARCHAR2(1000 CHAR), 
	"CURRENT_VERSION_RATE_SCORE" VARCHAR2(500 CHAR), 
	"CURRENT_VERSION_RATE_COUNT" VARCHAR2(500 CHAR), 
	"TOTAL_VERSION_RATE_SCORE" VARCHAR2(500 CHAR), 
	"TOTAL_VERSION_RATE_COUNT" VARCHAR2(500 CHAR), 
	"NEW_FEATURE" VARCHAR2(1000 CHAR), 
	"ICON_URL" VARCHAR2(2000 CHAR), 
	"MANUFACTURER_WEB_SITE" VARCHAR2(2000 CHAR), 
	"MANUFACTURER_PRODUCT_SUPPORT" VARCHAR2(2000 CHAR), 
	"IPHONE_IMG_URL1" CLOB, 
	"IPHONE_IMG_URL2" CLOB, 
	"IPHONE_IMG_URL3" CLOB, 
	"IPHONE_IMG_URL4" CLOB, 
	"IPHONE_IMG_URL5" CLOB, 
	"IPAD_IMG_URL1" CLOB, 
	"IPAD_IMG_URL2" CLOB, 
	"IPAD_IMG_URL3" CLOB, 
	"IPAD_IMG_URL4" CLOB, 
	"IPAD_IMG_URL5" CLOB
   ) SEGMENT CREATION DEFERRED 
  PCTFREE 10 PCTUSED 40 INITRANS 1 MAXTRANS 255 NOCOMPRESS LOGGING
  TABLESPACE "DATATIGER" 
 LOB ("APP_DESC") STORE AS BASICFILE (
  TABLESPACE "DATATIGER" ENABLE STORAGE IN ROW CHUNK 8192 RETENTION 
  NOCACHE LOGGING ) 
 LOB ("IPHONE_IMG_URL1") STORE AS BASICFILE (
  TABLESPACE "DATATIGER" ENABLE STORAGE IN ROW CHUNK 8192 RETENTION 
  NOCACHE LOGGING ) 
 LOB ("IPHONE_IMG_URL2") STORE AS BASICFILE (
  TABLESPACE "DATATIGER" ENABLE STORAGE IN ROW CHUNK 8192 RETENTION 
  NOCACHE LOGGING ) 
 LOB ("IPHONE_IMG_URL3") STORE AS BASICFILE (
  TABLESPACE "DATATIGER" ENABLE STORAGE IN ROW CHUNK 8192 RETENTION 
  NOCACHE LOGGING ) 
 LOB ("IPHONE_IMG_URL4") STORE AS BASICFILE (
  TABLESPACE "DATATIGER" ENABLE STORAGE IN ROW CHUNK 8192 RETENTION 
  NOCACHE LOGGING ) 
 LOB ("IPHONE_IMG_URL5") STORE AS BASICFILE (
  TABLESPACE "DATATIGER" ENABLE STORAGE IN ROW CHUNK 8192 RETENTION 
  NOCACHE LOGGING ) 
 LOB ("IPAD_IMG_URL1") STORE AS BASICFILE (
  TABLESPACE "DATATIGER" ENABLE STORAGE IN ROW CHUNK 8192 RETENTION 
  NOCACHE LOGGING ) 
 LOB ("IPAD_IMG_URL2") STORE AS BASICFILE (
  TABLESPACE "DATATIGER" ENABLE STORAGE IN ROW CHUNK 8192 RETENTION 
  NOCACHE LOGGING ) 
 LOB ("IPAD_IMG_URL3") STORE AS BASICFILE (
  TABLESPACE "DATATIGER" ENABLE STORAGE IN ROW CHUNK 8192 RETENTION 
  NOCACHE LOGGING ) 
 LOB ("IPAD_IMG_URL4") STORE AS BASICFILE (
  TABLESPACE "DATATIGER" ENABLE STORAGE IN ROW CHUNK 8192 RETENTION 
  NOCACHE LOGGING ) 
 LOB ("IPAD_IMG_URL5") STORE AS BASICFILE (
  TABLESPACE "DATATIGER" ENABLE STORAGE IN ROW CHUNK 8192 RETENTION 
  NOCACHE LOGGING ) ;
 

   COMMENT ON COLUMN "DATACOLLECT"."DATA_IOS_APP"."TITLE" IS '标题';
 
   COMMENT ON COLUMN "DATACOLLECT"."DATA_IOS_APP"."ITUNS_URL" IS 'ituns中的打开地址';
 
   COMMENT ON COLUMN "DATACOLLECT"."DATA_IOS_APP"."APP_DESC" IS '产品描述';
 
   COMMENT ON COLUMN "DATACOLLECT"."DATA_IOS_APP"."MANUFACTURER" IS '开发商';
 
   COMMENT ON COLUMN "DATACOLLECT"."DATA_IOS_APP"."APP_PRICE" IS 'app 价格';
 
   COMMENT ON COLUMN "DATACOLLECT"."DATA_IOS_APP"."CATEGORY" IS '分类';
 
   COMMENT ON COLUMN "DATACOLLECT"."DATA_IOS_APP"."UPDATE_DATE" IS '更新日期';
 
   COMMENT ON COLUMN "DATACOLLECT"."DATA_IOS_APP"."APP_VERSION" IS '当前版本';
 
   COMMENT ON COLUMN "DATACOLLECT"."DATA_IOS_APP"."SIZE_" IS '文件大小';
 
   COMMENT ON COLUMN "DATACOLLECT"."DATA_IOS_APP"."APP_LANGUAGE" IS '支持语言';
 
   COMMENT ON COLUMN "DATACOLLECT"."DATA_IOS_APP"."MAC_RATE" IS 'mac 评级';
 
   COMMENT ON COLUMN "DATACOLLECT"."DATA_IOS_APP"."OS_REQUIRE" IS '系统要求';
 
   COMMENT ON COLUMN "DATACOLLECT"."DATA_IOS_APP"."CURRENT_VERSION_RATE_SCORE" IS '当前版本用户评分';
 
   COMMENT ON COLUMN "DATACOLLECT"."DATA_IOS_APP"."CURRENT_VERSION_RATE_COUNT" IS '当前版本用户投票数量';
 
   COMMENT ON COLUMN "DATACOLLECT"."DATA_IOS_APP"."TOTAL_VERSION_RATE_SCORE" IS '所有版本用户评分';
 
   COMMENT ON COLUMN "DATACOLLECT"."DATA_IOS_APP"."TOTAL_VERSION_RATE_COUNT" IS '所有版本用户投票数量';
 
   COMMENT ON COLUMN "DATACOLLECT"."DATA_IOS_APP"."NEW_FEATURE" IS '新功能';
 
   COMMENT ON COLUMN "DATACOLLECT"."DATA_IOS_APP"."ICON_URL" IS '图标链接地址';
 
   COMMENT ON COLUMN "DATACOLLECT"."DATA_IOS_APP"."MANUFACTURER_WEB_SITE" IS '开发商网站地址';
 
   COMMENT ON COLUMN "DATACOLLECT"."DATA_IOS_APP"."MANUFACTURER_PRODUCT_SUPPORT" IS '开发商产品支持地址';
 
   COMMENT ON COLUMN "DATACOLLECT"."DATA_IOS_APP"."IPHONE_IMG_URL1" IS 'iphone屏幕截图地址1';
 
   COMMENT ON COLUMN "DATACOLLECT"."DATA_IOS_APP"."IPHONE_IMG_URL2" IS 'iphone屏幕截图地址2';
 
   COMMENT ON COLUMN "DATACOLLECT"."DATA_IOS_APP"."IPHONE_IMG_URL3" IS 'iphone屏幕截图地址3';
 
   COMMENT ON COLUMN "DATACOLLECT"."DATA_IOS_APP"."IPHONE_IMG_URL4" IS 'iphone屏幕截图地址4';
 
   COMMENT ON COLUMN "DATACOLLECT"."DATA_IOS_APP"."IPHONE_IMG_URL5" IS 'iphone屏幕截图地址5';
 
   COMMENT ON COLUMN "DATACOLLECT"."DATA_IOS_APP"."IPAD_IMG_URL1" IS 'ipad屏幕截图地址1';
 
   COMMENT ON COLUMN "DATACOLLECT"."DATA_IOS_APP"."IPAD_IMG_URL2" IS 'ipad屏幕截图地址2';
 
   COMMENT ON COLUMN "DATACOLLECT"."DATA_IOS_APP"."IPAD_IMG_URL3" IS 'ipad屏幕截图地址3';
 
   COMMENT ON COLUMN "DATACOLLECT"."DATA_IOS_APP"."IPAD_IMG_URL4" IS 'ipad屏幕截图地址4';
 
   COMMENT ON COLUMN "DATACOLLECT"."DATA_IOS_APP"."IPAD_IMG_URL5" IS 'ipad屏幕截图地址5';
--------------------------------------------------------
--  DDL for Table DATA_SEARCH_LOG
--------------------------------------------------------

  CREATE TABLE "DATACOLLECT"."DATA_SEARCH_LOG" 
   (	"ID" NUMBER(24,0), 
	"SEARCH_KEYWORD" VARCHAR2(100 CHAR), 
	"LAST_SEARCH_DATE" NUMBER(24,0), 
	"TOTAL_SEARCH_COUNT" NUMBER(10,0) DEFAULT '0', 
	"SEARCH_RESULT_COUNT" NUMBER(24,0) DEFAULT '0', 
	"SEARCH_IN" NUMBER(3,0) DEFAULT '0'
   ) SEGMENT CREATION IMMEDIATE 
  PCTFREE 10 PCTUSED 40 INITRANS 1 MAXTRANS 255 NOCOMPRESS LOGGING
  STORAGE(INITIAL 65536 NEXT 1048576 MINEXTENTS 1 MAXEXTENTS 2147483645
  PCTINCREASE 0 FREELISTS 1 FREELIST GROUPS 1 BUFFER_POOL DEFAULT FLASH_CACHE DEFAULT CELL_FLASH_CACHE DEFAULT)
  TABLESPACE "DATATIGER" ;
 

   COMMENT ON COLUMN "DATACOLLECT"."DATA_SEARCH_LOG"."SEARCH_KEYWORD" IS '搜索的关键词';
 
   COMMENT ON COLUMN "DATACOLLECT"."DATA_SEARCH_LOG"."LAST_SEARCH_DATE" IS '最后一次搜索的时间,为 java 里面的 System.currentTimeMillis()';
 
   COMMENT ON COLUMN "DATACOLLECT"."DATA_SEARCH_LOG"."TOTAL_SEARCH_COUNT" IS '本关键词总共被搜索的次数，按照这个排序';
 
   COMMENT ON COLUMN "DATACOLLECT"."DATA_SEARCH_LOG"."SEARCH_RESULT_COUNT" IS '本关键词搜索出的结果条数';
 
   COMMENT ON COLUMN "DATACOLLECT"."DATA_SEARCH_LOG"."SEARCH_IN" IS '搜索的范围 0---全部，1---data_xiu_hao_chi, 2---data_xiu_hao_pu';
--------------------------------------------------------
--  DDL for Table DATA_SEARCH_LOG_DETAIL
--------------------------------------------------------

  CREATE TABLE "DATACOLLECT"."DATA_SEARCH_LOG_DETAIL" 
   (	"ID" NUMBER(24,0), 
	"SEARCH_KEYWORD" VARCHAR2(100 CHAR), 
	"SEARCH_DATE" NUMBER(24,0), 
	"SEARCHER_IP" VARCHAR2(15 CHAR), 
	"SEARCHER_AREA" VARCHAR2(15 CHAR), 
	"SEARCHER_HOST" VARCHAR2(1000 CHAR), 
	"SEARCH_IN" NUMBER(10,0) DEFAULT '-1', 
	"SEARCH_WEB_SITE" VARCHAR2(100 CHAR), 
	"ORDER_BY" VARCHAR2(100 CHAR), 
	"SEARCH_RESULT_COUNT" NUMBER(24,0) DEFAULT '0'
   ) SEGMENT CREATION IMMEDIATE 
  PCTFREE 10 PCTUSED 40 INITRANS 1 MAXTRANS 255 NOCOMPRESS LOGGING
  STORAGE(INITIAL 65536 NEXT 1048576 MINEXTENTS 1 MAXEXTENTS 2147483645
  PCTINCREASE 0 FREELISTS 1 FREELIST GROUPS 1 BUFFER_POOL DEFAULT FLASH_CACHE DEFAULT CELL_FLASH_CACHE DEFAULT)
  TABLESPACE "DATATIGER" ;
 

   COMMENT ON COLUMN "DATACOLLECT"."DATA_SEARCH_LOG_DETAIL"."SEARCH_KEYWORD" IS '搜索的关键词';
 
   COMMENT ON COLUMN "DATACOLLECT"."DATA_SEARCH_LOG_DETAIL"."SEARCH_DATE" IS '搜索的时间, 为 java 里面的 System.currentTimeMillis()';
 
   COMMENT ON COLUMN "DATACOLLECT"."DATA_SEARCH_LOG_DETAIL"."SEARCHER_IP" IS '搜索者的ip';
 
   COMMENT ON COLUMN "DATACOLLECT"."DATA_SEARCH_LOG_DETAIL"."SEARCHER_AREA" IS '搜索者所在地名称';
 
   COMMENT ON COLUMN "DATACOLLECT"."DATA_SEARCH_LOG_DETAIL"."SEARCHER_HOST" IS '搜索者的主机名称';
 
   COMMENT ON COLUMN "DATACOLLECT"."DATA_SEARCH_LOG_DETAIL"."SEARCH_IN" IS '搜索的范围 1---data_xiu_hao_chi, 2---data_xiu_hao_pu';
 
   COMMENT ON COLUMN "DATACOLLECT"."DATA_SEARCH_LOG_DETAIL"."SEARCH_WEB_SITE" IS '搜索的网站的代号 0---全部，1---淘宝，2---天猫，3---京东，4---苏宁，5---国美，6---亚马逊，7---当当，8---阿里巴巴，9---1号店，10---新蛋';
 
   COMMENT ON COLUMN "DATACOLLECT"."DATA_SEARCH_LOG_DETAIL"."ORDER_BY" IS '本次搜索 orderby 的字段';
 
   COMMENT ON COLUMN "DATACOLLECT"."DATA_SEARCH_LOG_DETAIL"."SEARCH_RESULT_COUNT" IS '本关键词搜索出的结果条数';
--------------------------------------------------------
--  DDL for Table DATA_TAO_BAO_JIE
--------------------------------------------------------

  CREATE TABLE "DATACOLLECT"."DATA_TAO_BAO_JIE" 
   (	"ID" NUMBER(24,0), 
	"SHOP_NAME" VARCHAR2(200 CHAR), 
	"SHOP_TAOBAO_URL" CLOB, 
	"SHOP_RATE_URL" CLOB, 
	"COMPANY_NAME" VARCHAR2(200 CHAR), 
	"TMALL_SHOP_IMG_URL" CLOB, 
	"PIN_PAI_ZHI_XIAO" VARCHAR2(100 CHAR), 
	"SELLER_NAME" VARCHAR2(200 CHAR), 
	"SELLER_TAO_BAO_WANGWANG_URL" CLOB, 
	"MAIN_PRODUCT" VARCHAR2(500 CHAR), 
	"MAIN_PRODUCT_PERCENTAGE" VARCHAR2(100 CHAR), 
	"AREA" VARCHAR2(100 CHAR), 
	"CREATE_TIME" VARCHAR2(100 CHAR), 
	"SELLER_CREDICT" VARCHAR2(100 CHAR), 
	"BUYER_CREDICT" VARCHAR2(100 CHAR), 
	"SELLER_CREDICT_PIC_URL" CLOB, 
	"BUYER_CREDICT_PIC_URL" CLOB, 
	"BUYER_VIP_PIC_URL" CLOB, 
	"BUYER_VIP_TEXT" VARCHAR2(100 CHAR), 
	"PRODUCT_COUNT" VARCHAR2(100 CHAR), 
	"SELLER_XIAO_FEI_BAO_ZHANG" VARCHAR2(100 CHAR), 
	"TMALL_ZHENG_PIN" VARCHAR2(100 CHAR), 
	"SELLER_7_TIAN_TUI_HUAN" VARCHAR2(100 CHAR), 
	"SELLER_JIA_YI_PEI_3" VARCHAR2(100 CHAR), 
	"TMALL_FA_PIAO" VARCHAR2(100 CHAR), 
	"SELLER_BAO_ZHENG_JIN" VARCHAR2(100 CHAR), 
	"SHOP_HAS_ENTITY_STORE" VARCHAR2(100 CHAR), 
	"SHOP_CAN_USE_CREDIT_CARD" VARCHAR2(100 CHAR), 
	"SHOP_REN_ZHENG_ZHIFU_BAO_GE_RE" VARCHAR2(100 CHAR), 
	"SHOP_REN_ZHENG_ZHIFU_BAO_QI_YE" VARCHAR2(100 CHAR), 
	"SHOP_REN_ZHENG_QI_YE_ZHI_ZHAO_" CLOB, 
	"PRODUCT_DESC_MATCH_SCORE" VARCHAR2(100 CHAR), 
	"PRODUCT_DESC_VOTER_NUMBER" VARCHAR2(100 CHAR), 
	"PRODUCT_DESC_COMPARE_AVERAGE" VARCHAR2(100 CHAR), 
	"PRODUCT_DESC_MATCH_SCORE_PERCE" VARCHAR2(100 CHAR), 
	"SELLER_SERVICE_SCORE" VARCHAR2(100 CHAR), 
	"SELLER_SERVICE_VOTER_NUMBER" VARCHAR2(100 CHAR), 
	"SELLER_SERVICE_COMPARE_AVERAGE" VARCHAR2(100 CHAR), 
	"SELLER_SERVICE_SCORE_PERCENTAG" VARCHAR2(100 CHAR), 
	"SELLER_SHIP_SPEED_SCORE" VARCHAR2(100 CHAR), 
	"SELLER_SHIP_SPEED_VOTER_NUMBER" VARCHAR2(100 CHAR), 
	"SELLER_SHIP_SPEED_COMPARE_AVER" VARCHAR2(100 CHAR), 
	"SELLER_SHIP_SPEED_SCORE_PERCEN" VARCHAR2(100 CHAR), 
	"AVG_DRAWBACK_SPEED" VARCHAR2(100 CHAR), 
	"DRAWBACK_PERCENTAGE_30" VARCHAR2(100 CHAR), 
	"DRAWBACK_COUNT_30_TOTAL" VARCHAR2(100 CHAR), 
	"DRAWBACK_COUNT_30_QUALITY" VARCHAR2(100 CHAR), 
	"DRAWBACK_COUNT_30_NOT_RECIVE" VARCHAR2(100 CHAR), 
	"DRAWBACK_COUNT_30_NO_REASON" VARCHAR2(100 CHAR), 
	"COMPLAINT_PERCENTAGE_30" VARCHAR2(100 CHAR), 
	"COMPLAINT_COUNT_30_TOTAL" VARCHAR2(100 CHAR), 
	"COMPLAINT_COUNT_30_AFTER_SALE" VARCHAR2(100 CHAR), 
	"COMPLAINT_COUNT_30_WEI_GUI" VARCHAR2(100 CHAR), 
	"PUNISH_COUNT_30" VARCHAR2(100 CHAR), 
	"PUNISH_COUNT_30_UNTRUE" VARCHAR2(100 CHAR), 
	"PUNISH_COUNT_30_PATENT" VARCHAR2(100 CHAR), 
	"PUNISH_COUNT_30_UNALLOW" VARCHAR2(100 CHAR), 
	"SELLER_GOOD_EVALUATION_PERCENT" VARCHAR2(100 CHAR), 
	"SHOP_SHOU_CANG_REN_QI" VARCHAR2(100 CHAR), 
	"SHOP_LOGO_PIC_URL" CLOB, 
	"SHOP_PHONE_NUMBER" VARCHAR2(200 CHAR), 
	"DOWNLOAD_TASK_PAGE_URL" CLOB, 
	"DOWNLOAD_TASK_ID" NUMBER(24,0), 
	"DOWNLOAD_TASK_LEVEL" NUMBER(10,0), 
	"DOWNLOAD_TASK_DATA_PARSE_TIME" VARCHAR2(20 CHAR), 
	"DOWNLOAD_TASK_DATA_PARSE_TIME_" NUMBER(24,0), 
	"DOWNLOAD_TASK_USELESS_CONTENT_" NUMBER(3,0) DEFAULT '0', 
	"SHOP_HUO_DAO_FU_KUAN" VARCHAR2(1000 CHAR)
   ) SEGMENT CREATION DEFERRED 
  PCTFREE 10 PCTUSED 40 INITRANS 1 MAXTRANS 255 NOCOMPRESS LOGGING
  TABLESPACE "DATATIGER" 
 LOB ("SHOP_TAOBAO_URL") STORE AS BASICFILE (
  TABLESPACE "DATATIGER" ENABLE STORAGE IN ROW CHUNK 8192 RETENTION 
  NOCACHE LOGGING ) 
 LOB ("SHOP_RATE_URL") STORE AS BASICFILE (
  TABLESPACE "DATATIGER" ENABLE STORAGE IN ROW CHUNK 8192 RETENTION 
  NOCACHE LOGGING ) 
 LOB ("TMALL_SHOP_IMG_URL") STORE AS BASICFILE (
  TABLESPACE "DATATIGER" ENABLE STORAGE IN ROW CHUNK 8192 RETENTION 
  NOCACHE LOGGING ) 
 LOB ("SELLER_TAO_BAO_WANGWANG_URL") STORE AS BASICFILE (
  TABLESPACE "DATATIGER" ENABLE STORAGE IN ROW CHUNK 8192 RETENTION 
  NOCACHE LOGGING ) 
 LOB ("SELLER_CREDICT_PIC_URL") STORE AS BASICFILE (
  TABLESPACE "DATATIGER" ENABLE STORAGE IN ROW CHUNK 8192 RETENTION 
  NOCACHE LOGGING ) 
 LOB ("BUYER_CREDICT_PIC_URL") STORE AS BASICFILE (
  TABLESPACE "DATATIGER" ENABLE STORAGE IN ROW CHUNK 8192 RETENTION 
  NOCACHE LOGGING ) 
 LOB ("BUYER_VIP_PIC_URL") STORE AS BASICFILE (
  TABLESPACE "DATATIGER" ENABLE STORAGE IN ROW CHUNK 8192 RETENTION 
  NOCACHE LOGGING ) 
 LOB ("SHOP_REN_ZHENG_QI_YE_ZHI_ZHAO_") STORE AS BASICFILE (
  TABLESPACE "DATATIGER" ENABLE STORAGE IN ROW CHUNK 8192 RETENTION 
  NOCACHE LOGGING ) 
 LOB ("SHOP_LOGO_PIC_URL") STORE AS BASICFILE (
  TABLESPACE "DATATIGER" ENABLE STORAGE IN ROW CHUNK 8192 RETENTION 
  NOCACHE LOGGING ) 
 LOB ("DOWNLOAD_TASK_PAGE_URL") STORE AS BASICFILE (
  TABLESPACE "DATATIGER" ENABLE STORAGE IN ROW CHUNK 8192 RETENTION 
  NOCACHE LOGGING ) ;
 

   COMMENT ON COLUMN "DATACOLLECT"."DATA_TAO_BAO_JIE"."SHOP_NAME" IS '店铺名称';
 
   COMMENT ON COLUMN "DATACOLLECT"."DATA_TAO_BAO_JIE"."SHOP_TAOBAO_URL" IS '店铺淘宝链接地址';
 
   COMMENT ON COLUMN "DATACOLLECT"."DATA_TAO_BAO_JIE"."SHOP_RATE_URL" IS '店铺评级链接地址，方便用户直接点击进入查看用户评价信息';
 
   COMMENT ON COLUMN "DATACOLLECT"."DATA_TAO_BAO_JIE"."COMPANY_NAME" IS '店铺所属公司名称';
 
   COMMENT ON COLUMN "DATACOLLECT"."DATA_TAO_BAO_JIE"."TMALL_SHOP_IMG_URL" IS '天猫商铺标志图片链接地址';
 
   COMMENT ON COLUMN "DATACOLLECT"."DATA_TAO_BAO_JIE"."PIN_PAI_ZHI_XIAO" IS '是否品牌直销的文字';
 
   COMMENT ON COLUMN "DATACOLLECT"."DATA_TAO_BAO_JIE"."SELLER_NAME" IS '卖家姓名';
 
   COMMENT ON COLUMN "DATACOLLECT"."DATA_TAO_BAO_JIE"."SELLER_TAO_BAO_WANGWANG_URL" IS '卖家淘宝旺旺链接地址';
 
   COMMENT ON COLUMN "DATACOLLECT"."DATA_TAO_BAO_JIE"."MAIN_PRODUCT" IS '当前主营';
 
   COMMENT ON COLUMN "DATACOLLECT"."DATA_TAO_BAO_JIE"."MAIN_PRODUCT_PERCENTAGE" IS '主营业务所占比例';
 
   COMMENT ON COLUMN "DATACOLLECT"."DATA_TAO_BAO_JIE"."AREA" IS '所在地区';
 
   COMMENT ON COLUMN "DATACOLLECT"."DATA_TAO_BAO_JIE"."CREATE_TIME" IS '创店时间';
 
   COMMENT ON COLUMN "DATACOLLECT"."DATA_TAO_BAO_JIE"."SELLER_CREDICT" IS '卖家信用';
 
   COMMENT ON COLUMN "DATACOLLECT"."DATA_TAO_BAO_JIE"."BUYER_CREDICT" IS '买家信用';
 
   COMMENT ON COLUMN "DATACOLLECT"."DATA_TAO_BAO_JIE"."SELLER_CREDICT_PIC_URL" IS '卖家信用图片链接地址';
 
   COMMENT ON COLUMN "DATACOLLECT"."DATA_TAO_BAO_JIE"."BUYER_CREDICT_PIC_URL" IS '买家信用图片链接地址';
 
   COMMENT ON COLUMN "DATACOLLECT"."DATA_TAO_BAO_JIE"."BUYER_VIP_PIC_URL" IS '买家会员资格图片链接地址';
 
   COMMENT ON COLUMN "DATACOLLECT"."DATA_TAO_BAO_JIE"."BUYER_VIP_TEXT" IS '买家会员资格文字';
 
   COMMENT ON COLUMN "DATACOLLECT"."DATA_TAO_BAO_JIE"."PRODUCT_COUNT" IS '宝贝数量';
 
   COMMENT ON COLUMN "DATACOLLECT"."DATA_TAO_BAO_JIE"."SELLER_XIAO_FEI_BAO_ZHANG" IS '卖家承诺消费者保障的文字';
 
   COMMENT ON COLUMN "DATACOLLECT"."DATA_TAO_BAO_JIE"."TMALL_ZHENG_PIN" IS '天猫正品保证的文字';
 
   COMMENT ON COLUMN "DATACOLLECT"."DATA_TAO_BAO_JIE"."SELLER_7_TIAN_TUI_HUAN" IS '卖家承诺7天退换的文字';
 
   COMMENT ON COLUMN "DATACOLLECT"."DATA_TAO_BAO_JIE"."SELLER_JIA_YI_PEI_3" IS '卖家承诺假一赔3的文字';
 
   COMMENT ON COLUMN "DATACOLLECT"."DATA_TAO_BAO_JIE"."TMALL_FA_PIAO" IS '天猫提供发票的文字';
 
   COMMENT ON COLUMN "DATACOLLECT"."DATA_TAO_BAO_JIE"."SELLER_BAO_ZHENG_JIN" IS '卖家当前保证金余额';
 
   COMMENT ON COLUMN "DATACOLLECT"."DATA_TAO_BAO_JIE"."SHOP_HAS_ENTITY_STORE" IS '店铺拥有实体门店的文字';
 
   COMMENT ON COLUMN "DATACOLLECT"."DATA_TAO_BAO_JIE"."SHOP_CAN_USE_CREDIT_CARD" IS '店铺可以使用信用卡支付的文字';
 
   COMMENT ON COLUMN "DATACOLLECT"."DATA_TAO_BAO_JIE"."SHOP_REN_ZHENG_ZHIFU_BAO_GE_RE" IS '店铺经营资质个人信息认证的文字';
 
   COMMENT ON COLUMN "DATACOLLECT"."DATA_TAO_BAO_JIE"."SHOP_REN_ZHENG_ZHIFU_BAO_QI_YE" IS '店铺经营资质支付宝企业信息认证的文字';
 
   COMMENT ON COLUMN "DATACOLLECT"."DATA_TAO_BAO_JIE"."SHOP_REN_ZHENG_QI_YE_ZHI_ZHAO_" IS '店铺经营资质企业执照链接地址';
 
   COMMENT ON COLUMN "DATACOLLECT"."DATA_TAO_BAO_JIE"."PRODUCT_DESC_MATCH_SCORE" IS '商品与描述相符分数';
 
   COMMENT ON COLUMN "DATACOLLECT"."DATA_TAO_BAO_JIE"."PRODUCT_DESC_VOTER_NUMBER" IS '商品描述投票人数';
 
   COMMENT ON COLUMN "DATACOLLECT"."DATA_TAO_BAO_JIE"."PRODUCT_DESC_COMPARE_AVERAGE" IS '商品描述得分与行业平均水平比较，''高于'': 高于行业平均值，''持平''：等于行业平均值，''低于''：低于行业平均值';
 
   COMMENT ON COLUMN "DATACOLLECT"."DATA_TAO_BAO_JIE"."PRODUCT_DESC_MATCH_SCORE_PERCE" IS '商品描述得分与行业平均得分值的百分比';
 
   COMMENT ON COLUMN "DATACOLLECT"."DATA_TAO_BAO_JIE"."SELLER_SERVICE_SCORE" IS '卖家服务态度得分';
 
   COMMENT ON COLUMN "DATACOLLECT"."DATA_TAO_BAO_JIE"."SELLER_SERVICE_VOTER_NUMBER" IS '卖家服务态度投票人数';
 
   COMMENT ON COLUMN "DATACOLLECT"."DATA_TAO_BAO_JIE"."SELLER_SERVICE_COMPARE_AVERAGE" IS '卖家服务态度得分与行业平均水平比较，''高于'': 高于行业平均值，''持平''：等于行业平均值，''低于''：低于行业平均值';
 
   COMMENT ON COLUMN "DATACOLLECT"."DATA_TAO_BAO_JIE"."SELLER_SERVICE_SCORE_PERCENTAG" IS '卖家服务态度得分与行业平均得分值的百分比';
 
   COMMENT ON COLUMN "DATACOLLECT"."DATA_TAO_BAO_JIE"."SELLER_SHIP_SPEED_SCORE" IS '卖家发货速度得分';
 
   COMMENT ON COLUMN "DATACOLLECT"."DATA_TAO_BAO_JIE"."SELLER_SHIP_SPEED_VOTER_NUMBER" IS '卖家发货速度投票人数';
 
   COMMENT ON COLUMN "DATACOLLECT"."DATA_TAO_BAO_JIE"."SELLER_SHIP_SPEED_COMPARE_AVER" IS '卖家发货速度得分与行业平均水平比较，''高于'': 高于行业平均值，''持平''：等于行业平均值，''低于''：低于行业平均值';
 
   COMMENT ON COLUMN "DATACOLLECT"."DATA_TAO_BAO_JIE"."SELLER_SHIP_SPEED_SCORE_PERCEN" IS '卖家发货速度得分与行业平均得分值的百分比';
 
   COMMENT ON COLUMN "DATACOLLECT"."DATA_TAO_BAO_JIE"."AVG_DRAWBACK_SPEED" IS '平均退款速度';
 
   COMMENT ON COLUMN "DATACOLLECT"."DATA_TAO_BAO_JIE"."DRAWBACK_PERCENTAGE_30" IS '近30天退款率';
 
   COMMENT ON COLUMN "DATACOLLECT"."DATA_TAO_BAO_JIE"."DRAWBACK_COUNT_30_TOTAL" IS '近30天退款总次数';
 
   COMMENT ON COLUMN "DATACOLLECT"."DATA_TAO_BAO_JIE"."DRAWBACK_COUNT_30_QUALITY" IS '近30天因商品质量问题退款次数';
 
   COMMENT ON COLUMN "DATACOLLECT"."DATA_TAO_BAO_JIE"."DRAWBACK_COUNT_30_NOT_RECIVE" IS '近30天因未收到货退款次数';
 
   COMMENT ON COLUMN "DATACOLLECT"."DATA_TAO_BAO_JIE"."DRAWBACK_COUNT_30_NO_REASON" IS '近30天因买家无理由退款次数';
 
   COMMENT ON COLUMN "DATACOLLECT"."DATA_TAO_BAO_JIE"."COMPLAINT_PERCENTAGE_30" IS '近30天投诉率';
 
   COMMENT ON COLUMN "DATACOLLECT"."DATA_TAO_BAO_JIE"."COMPLAINT_COUNT_30_TOTAL" IS '近30天投诉总数';
 
   COMMENT ON COLUMN "DATACOLLECT"."DATA_TAO_BAO_JIE"."COMPLAINT_COUNT_30_AFTER_SALE" IS '近30天因售后问题投诉数';
 
   COMMENT ON COLUMN "DATACOLLECT"."DATA_TAO_BAO_JIE"."COMPLAINT_COUNT_30_WEI_GUI" IS '近30天因行为违规投诉数';
 
   COMMENT ON COLUMN "DATACOLLECT"."DATA_TAO_BAO_JIE"."PUNISH_COUNT_30" IS '近30天处罚数';
 
   COMMENT ON COLUMN "DATACOLLECT"."DATA_TAO_BAO_JIE"."PUNISH_COUNT_30_UNTRUE" IS '近30天因虚假交易处罚数';
 
   COMMENT ON COLUMN "DATACOLLECT"."DATA_TAO_BAO_JIE"."PUNISH_COUNT_30_PATENT" IS '近30天因侵犯知识产权处罚数';
 
   COMMENT ON COLUMN "DATACOLLECT"."DATA_TAO_BAO_JIE"."PUNISH_COUNT_30_UNALLOW" IS '近30天因发布违禁信息处罚数';
 
   COMMENT ON COLUMN "DATACOLLECT"."DATA_TAO_BAO_JIE"."SELLER_GOOD_EVALUATION_PERCENT" IS '卖家好评率';
 
   COMMENT ON COLUMN "DATACOLLECT"."DATA_TAO_BAO_JIE"."SHOP_SHOU_CANG_REN_QI" IS '店铺收藏人气';
 
   COMMENT ON COLUMN "DATACOLLECT"."DATA_TAO_BAO_JIE"."SHOP_LOGO_PIC_URL" IS 'shop logo 图片地址 url';
 
   COMMENT ON COLUMN "DATACOLLECT"."DATA_TAO_BAO_JIE"."SHOP_PHONE_NUMBER" IS '店铺联系电话，主要天猫店铺';
 
   COMMENT ON COLUMN "DATACOLLECT"."DATA_TAO_BAO_JIE"."DOWNLOAD_TASK_PAGE_URL" IS '本条记录解析的页面的 url 链接, 每个数据表都有这个字段，便于分析解析不成功的情况';
 
   COMMENT ON COLUMN "DATACOLLECT"."DATA_TAO_BAO_JIE"."DOWNLOAD_TASK_ID" IS '本条记录对应的下载任务 id， 每个数据表都有这个字段， 便于分析解析不成功的情况';
 
   COMMENT ON COLUMN "DATACOLLECT"."DATA_TAO_BAO_JIE"."DOWNLOAD_TASK_LEVEL" IS '本条记录对应的下载任务 task_level， 每个数据表都有这个字段， 便于分析解析不成功的情况';
 
   COMMENT ON COLUMN "DATACOLLECT"."DATA_TAO_BAO_JIE"."DOWNLOAD_TASK_DATA_PARSE_TIME" IS '本条记录的最新解析时间，方便查看记录什么时候解析的， 每个 data table 都必须有，直接解析为时间格式字符串，可以避免客户端再解析';
 
   COMMENT ON COLUMN "DATACOLLECT"."DATA_TAO_BAO_JIE"."DOWNLOAD_TASK_DATA_PARSE_TIME_" IS '本条记录的最新解析时间，方便查看记录什么时候解析的，为数字格式， 每个 data table 都必须有，直接解析为，可以避免客户端再解析';
 
   COMMENT ON COLUMN "DATACOLLECT"."DATA_TAO_BAO_JIE"."DOWNLOAD_TASK_USELESS_CONTENT_" IS '本条记录该数据是否是有用的数据，比如数据解析比较完整，如果是则相对应的下载任务也设置为有用，方便以后下载，如果不是则相对应的下载任务也设置为无用，以后就不下载，每个数据表都有该字段';
 
   COMMENT ON COLUMN "DATACOLLECT"."DATA_TAO_BAO_JIE"."SHOP_HUO_DAO_FU_KUAN" IS '是否支持货到付款的图片的文字';
--------------------------------------------------------
--  DDL for Table DATA_VIDEO
--------------------------------------------------------

  CREATE TABLE "DATACOLLECT"."DATA_VIDEO" 
   (	"ID" NUMBER(24,0), 
	"BIAO_TI" VARCHAR2(1000 CHAR), 
	"PING_FEN" VARCHAR2(100 CHAR), 
	"PING_FEN_NUM" FLOAT(126) DEFAULT '-1.000', 
	"PLAY_COUNT" VARCHAR2(100 CHAR), 
	"PLAY_COUNT_NUM" FLOAT(126) DEFAULT '-1.000', 
	"DING_NUM" NUMBER(24,0) DEFAULT '0', 
	"CAI_NUM" NUMBER(24,0) DEFAULT '0', 
	"CHUANG_JIAN_ZHE" VARCHAR2(100 CHAR), 
	"DAO_YAN" VARCHAR2(100 CHAR), 
	"ZHU_YAN" VARCHAR2(200 CHAR), 
	"DI_QU" VARCHAR2(200 CHAR), 
	"LEI_XING" VARCHAR2(200 CHAR), 
	"TV_STATION" VARCHAR2(100 CHAR), 
	"ZHU_CHI_REN" VARCHAR2(100 CHAR), 
	"MIAN_BAO_XIE_TITLE" VARCHAR2(1000 CHAR), 
	"IMG_URL" VARCHAR2(2000 CHAR), 
	"META_SEARCH_KEYWORD" VARCHAR2(2000 CHAR), 
	"META_DESC" CLOB, 
	"ITEM_URL" CLOB, 
	"VIDEO_SITE" NUMBER(3,0) DEFAULT '1', 
	"CLICK_COUNT" NUMBER(10,0) DEFAULT '0', 
	"DOWNLOAD_TASK_PARENT_PAGE_URL" CLOB, 
	"DOWNLOAD_TASK_PAGE_URL" CLOB, 
	"DOWNLOAD_TASK_ID" NUMBER(24,0) DEFAULT '-1', 
	"DOWNLOAD_TASK_LEVEL" NUMBER(10,0) DEFAULT '1', 
	"DOWNLOAD_TASK_DATA_PARSE_TIME" VARCHAR2(20 CHAR), 
	"DOWNLOAD_TASK_DATA_PARSE_TIME_" NUMBER(24,0) DEFAULT '1', 
	"DOWNLOAD_TASK_USELESS_CONTENT_" NUMBER(3,0) DEFAULT '0'
   ) SEGMENT CREATION DEFERRED 
  PCTFREE 10 PCTUSED 40 INITRANS 1 MAXTRANS 255 NOCOMPRESS LOGGING
  TABLESPACE "DATATIGER" 
 LOB ("META_DESC") STORE AS BASICFILE (
  TABLESPACE "DATATIGER" ENABLE STORAGE IN ROW CHUNK 8192 RETENTION 
  NOCACHE LOGGING ) 
 LOB ("ITEM_URL") STORE AS BASICFILE (
  TABLESPACE "DATATIGER" ENABLE STORAGE IN ROW CHUNK 8192 RETENTION 
  NOCACHE LOGGING ) 
 LOB ("DOWNLOAD_TASK_PARENT_PAGE_URL") STORE AS BASICFILE (
  TABLESPACE "DATATIGER" ENABLE STORAGE IN ROW CHUNK 8192 RETENTION 
  NOCACHE LOGGING ) 
 LOB ("DOWNLOAD_TASK_PAGE_URL") STORE AS BASICFILE (
  TABLESPACE "DATATIGER" ENABLE STORAGE IN ROW CHUNK 8192 RETENTION 
  NOCACHE LOGGING ) ;
 

   COMMENT ON COLUMN "DATACOLLECT"."DATA_VIDEO"."BIAO_TI" IS '标题';
 
   COMMENT ON COLUMN "DATACOLLECT"."DATA_VIDEO"."PING_FEN" IS '评分';
 
   COMMENT ON COLUMN "DATACOLLECT"."DATA_VIDEO"."PING_FEN_NUM" IS '评分数值';
 
   COMMENT ON COLUMN "DATACOLLECT"."DATA_VIDEO"."PLAY_COUNT" IS '播放次数';
 
   COMMENT ON COLUMN "DATACOLLECT"."DATA_VIDEO"."PLAY_COUNT_NUM" IS '播放次数数值';
 
   COMMENT ON COLUMN "DATACOLLECT"."DATA_VIDEO"."DING_NUM" IS '顶数量';
 
   COMMENT ON COLUMN "DATACOLLECT"."DATA_VIDEO"."CAI_NUM" IS '踩数量';
 
   COMMENT ON COLUMN "DATACOLLECT"."DATA_VIDEO"."CHUANG_JIAN_ZHE" IS '视频创建者，对于短视频使用';
 
   COMMENT ON COLUMN "DATACOLLECT"."DATA_VIDEO"."DAO_YAN" IS '导演，对于电影，电视剧使用';
 
   COMMENT ON COLUMN "DATACOLLECT"."DATA_VIDEO"."ZHU_YAN" IS '主演';
 
   COMMENT ON COLUMN "DATACOLLECT"."DATA_VIDEO"."DI_QU" IS '生产地区';
 
   COMMENT ON COLUMN "DATACOLLECT"."DATA_VIDEO"."LEI_XING" IS '视频类型';
 
   COMMENT ON COLUMN "DATACOLLECT"."DATA_VIDEO"."TV_STATION" IS '播放电台名称';
 
   COMMENT ON COLUMN "DATACOLLECT"."DATA_VIDEO"."ZHU_CHI_REN" IS '节目主持人';
 
   COMMENT ON COLUMN "DATACOLLECT"."DATA_VIDEO"."MIAN_BAO_XIE_TITLE" IS '视频主页面包屑标题文字';
 
   COMMENT ON COLUMN "DATACOLLECT"."DATA_VIDEO"."IMG_URL" IS '图片链接url';
 
   COMMENT ON COLUMN "DATACOLLECT"."DATA_VIDEO"."META_SEARCH_KEYWORD" IS '商品 meta keywords 关键词信息, example: <meta name="keywords"';
 
   COMMENT ON COLUMN "DATACOLLECT"."DATA_VIDEO"."META_DESC" IS '商品 meta description 描述信息, example: <meta name="description"';
 
   COMMENT ON COLUMN "DATACOLLECT"."DATA_VIDEO"."ITEM_URL" IS '商品url链接地址';
 
   COMMENT ON COLUMN "DATACOLLECT"."DATA_VIDEO"."VIDEO_SITE" IS '视频网站，1---youku， 2---爱奇艺， 3---土豆，4---搜狐视频, 5---网易视频，6---新浪视频';
 
   COMMENT ON COLUMN "DATACOLLECT"."DATA_VIDEO"."CLICK_COUNT" IS '商品被点击的次数，缺省按照这个次数降序排列';
 
   COMMENT ON COLUMN "DATACOLLECT"."DATA_VIDEO"."DOWNLOAD_TASK_PARENT_PAGE_URL" IS 'Must have for each data table, 本下载任务的父下载任务url链接地址，方便搜索并删除相应的data内容';
 
   COMMENT ON COLUMN "DATACOLLECT"."DATA_VIDEO"."DOWNLOAD_TASK_PAGE_URL" IS 'Must have for each data table, 本下载任务的url链接地址';
 
   COMMENT ON COLUMN "DATACOLLECT"."DATA_VIDEO"."DOWNLOAD_TASK_ID" IS 'Must have for each data table, download_task 表 id';
 
   COMMENT ON COLUMN "DATACOLLECT"."DATA_VIDEO"."DOWNLOAD_TASK_LEVEL" IS 'Must have for each data table, download_task 级别';
 
   COMMENT ON COLUMN "DATACOLLECT"."DATA_VIDEO"."DOWNLOAD_TASK_DATA_PARSE_TIME" IS 'Must have for each data table, 下载的内容页面的解析时间字符串格式';
 
   COMMENT ON COLUMN "DATACOLLECT"."DATA_VIDEO"."DOWNLOAD_TASK_DATA_PARSE_TIME_" IS 'Must have for each data table, 下载的内容页面的解析时间数字格式';
 
   COMMENT ON COLUMN "DATACOLLECT"."DATA_VIDEO"."DOWNLOAD_TASK_USELESS_CONTENT_" IS 'Must have for each data table, 下载的页面是否是无效的内容页面，1 --- 是无效内容页面，0 --- 有效的内容页面';
--------------------------------------------------------
--  DDL for Table DATA_XIU_HAO_CHI
--------------------------------------------------------

  CREATE TABLE "DATACOLLECT"."DATA_XIU_HAO_CHI" 
   (	"ID" NUMBER(24,0), 
	"SHOP_NAME" VARCHAR2(200 BYTE), 
	"SHOP_URL" CLOB, 
	"SHOP_LEVEL_IMG_URL" VARCHAR2(100 BYTE), 
	"BIAO_TI" VARCHAR2(1000 BYTE), 
	"FEN_LEI" VARCHAR2(1000 BYTE), 
	"JIA_GE" VARCHAR2(200 BYTE), 
	"JIA_GE_NUM" FLOAT(126) DEFAULT -1.000, 
	"DAN_JIA" VARCHAR2(200 BYTE), 
	"DAN_JIA_NUM" FLOAT(126) DEFAULT -1.000, 
	"CU_XIAO_JIA" VARCHAR2(200 BYTE), 
	"CU_XIAO_JIA_NUM" FLOAT(126) DEFAULT -1.000, 
	"PING_FEN" VARCHAR2(100 BYTE), 
	"PING_FEN_NUM" FLOAT(126) DEFAULT -1.000, 
	"JIAO_YI" VARCHAR2(10 BYTE) DEFAULT '0', 
	"JIAO_YI_NUM" NUMBER(24,0) DEFAULT 0, 
	"JIAO_YI_SUCCESS" VARCHAR2(10 BYTE) DEFAULT '0', 
	"JIAO_YI_SUCCESS_NUM" NUMBER(24,0) DEFAULT 0, 
	"IMG_URL" VARCHAR2(2000 BYTE), 
	"META_SEARCH_KEYWORD" VARCHAR2(2000 BYTE), 
	"META_DESC" CLOB, 
	"ITEM_URL" CLOB, 
	"SHANG_PIN_LAI_YUAN" NUMBER(3,0) DEFAULT 1, 
	"HAO_PING_LV" VARCHAR2(10 BYTE), 
	"HAO_PING_LV_NUM" FLOAT(126) DEFAULT 0.000, 
	"CLICK_COUNT" NUMBER(10,0) DEFAULT 0, 
	"WANG_WANG_URL" VARCHAR2(2000 BYTE), 
	"SHANG_CHENG_PEI_SONG" NUMBER(3,0) DEFAULT 0, 
	"SONG_JI_FEN" VARCHAR2(500 BYTE), 
	"SONG_JI_FEN_NUM" NUMBER(24,0) DEFAULT -1, 
	"PIN_PAI_ZHI_XIAO" NUMBER(3,0) DEFAULT 0, 
	"DOWNLOAD_TASK_PARENT_PAGE_URL" CLOB, 
	"DOWNLOAD_TASK_PAGE_URL" CLOB, 
	"DOWNLOAD_TASK_ID" NUMBER(24,0) DEFAULT -1, 
	"DOWNLOAD_TASK_LEVEL" NUMBER(10,0) DEFAULT 1, 
	"DOWNLOAD_TASK_DATA_PARSE_TIME" VARCHAR2(20 BYTE), 
	"DOWNLOAD_TASK_DATA_PARSE_TIME_" NUMBER(24,0) DEFAULT 1, 
	"DOWNLOAD_TASK_USELESS_CONTENT_" NUMBER(3,0) DEFAULT 0
   ) SEGMENT CREATION DEFERRED 
  PCTFREE 10 PCTUSED 40 INITRANS 1 MAXTRANS 255 NOCOMPRESS LOGGING
  TABLESPACE "DATATIGER" 
 LOB ("SHOP_URL") STORE AS BASICFILE (
  TABLESPACE "DATATIGER" ENABLE STORAGE IN ROW CHUNK 8192 RETENTION 
  NOCACHE LOGGING ) 
 LOB ("META_DESC") STORE AS BASICFILE (
  TABLESPACE "DATATIGER" ENABLE STORAGE IN ROW CHUNK 8192 RETENTION 
  NOCACHE LOGGING ) 
 LOB ("ITEM_URL") STORE AS BASICFILE (
  TABLESPACE "DATATIGER" ENABLE STORAGE IN ROW CHUNK 8192 RETENTION 
  NOCACHE LOGGING ) 
 LOB ("DOWNLOAD_TASK_PARENT_PAGE_URL") STORE AS BASICFILE (
  TABLESPACE "DATATIGER" ENABLE STORAGE IN ROW CHUNK 8192 RETENTION 
  NOCACHE LOGGING ) 
 LOB ("DOWNLOAD_TASK_PAGE_URL") STORE AS BASICFILE (
  TABLESPACE "DATATIGER" ENABLE STORAGE IN ROW CHUNK 8192 RETENTION 
  NOCACHE LOGGING ) ;
 

   COMMENT ON COLUMN "DATACOLLECT"."DATA_XIU_HAO_CHI"."SHOP_NAME" IS '店铺名称';
 
   COMMENT ON COLUMN "DATACOLLECT"."DATA_XIU_HAO_CHI"."SHOP_URL" IS '店铺链接地址';
 
   COMMENT ON COLUMN "DATACOLLECT"."DATA_XIU_HAO_CHI"."SHOP_LEVEL_IMG_URL" IS '店铺评级，皇冠数，图片地址';
 
   COMMENT ON COLUMN "DATACOLLECT"."DATA_XIU_HAO_CHI"."BIAO_TI" IS '商品标题';
 
   COMMENT ON COLUMN "DATACOLLECT"."DATA_XIU_HAO_CHI"."FEN_LEI" IS '商品分类路径';
 
   COMMENT ON COLUMN "DATACOLLECT"."DATA_XIU_HAO_CHI"."JIA_GE" IS '商品价格';
 
   COMMENT ON COLUMN "DATACOLLECT"."DATA_XIU_HAO_CHI"."JIA_GE_NUM" IS '商品价格数值';
 
   COMMENT ON COLUMN "DATACOLLECT"."DATA_XIU_HAO_CHI"."DAN_JIA" IS '商品单价';
 
   COMMENT ON COLUMN "DATACOLLECT"."DATA_XIU_HAO_CHI"."DAN_JIA_NUM" IS '商品单价数值';
 
   COMMENT ON COLUMN "DATACOLLECT"."DATA_XIU_HAO_CHI"."CU_XIAO_JIA" IS '促销价';
 
   COMMENT ON COLUMN "DATACOLLECT"."DATA_XIU_HAO_CHI"."CU_XIAO_JIA_NUM" IS '促销价数值';
 
   COMMENT ON COLUMN "DATACOLLECT"."DATA_XIU_HAO_CHI"."PING_FEN" IS '商品评分';
 
   COMMENT ON COLUMN "DATACOLLECT"."DATA_XIU_HAO_CHI"."PING_FEN_NUM" IS '商品评分数值';
 
   COMMENT ON COLUMN "DATACOLLECT"."DATA_XIU_HAO_CHI"."JIAO_YI" IS '交易的数量';
 
   COMMENT ON COLUMN "DATACOLLECT"."DATA_XIU_HAO_CHI"."JIAO_YI_NUM" IS '交易的数量数值';
 
   COMMENT ON COLUMN "DATACOLLECT"."DATA_XIU_HAO_CHI"."JIAO_YI_SUCCESS" IS '交易成功的数量';
 
   COMMENT ON COLUMN "DATACOLLECT"."DATA_XIU_HAO_CHI"."JIAO_YI_SUCCESS_NUM" IS '交易成功的数量数值';
 
   COMMENT ON COLUMN "DATACOLLECT"."DATA_XIU_HAO_CHI"."IMG_URL" IS '图片链接url';
 
   COMMENT ON COLUMN "DATACOLLECT"."DATA_XIU_HAO_CHI"."META_SEARCH_KEYWORD" IS '商品 meta keywords 关键词信息, example: <meta name="keywords"';
 
   COMMENT ON COLUMN "DATACOLLECT"."DATA_XIU_HAO_CHI"."META_DESC" IS '商品 meta description 描述信息, example: <meta name="description"';
 
   COMMENT ON COLUMN "DATACOLLECT"."DATA_XIU_HAO_CHI"."ITEM_URL" IS '商品url链接地址';
 
   COMMENT ON COLUMN "DATACOLLECT"."DATA_XIU_HAO_CHI"."SHANG_PIN_LAI_YUAN" IS '商品来源，1---天猫， 2---淘宝， 3---京东，4---当当, 5---我买网';
 
   COMMENT ON COLUMN "DATACOLLECT"."DATA_XIU_HAO_CHI"."HAO_PING_LV" IS '店铺好评率';
 
   COMMENT ON COLUMN "DATACOLLECT"."DATA_XIU_HAO_CHI"."HAO_PING_LV_NUM" IS '店铺好评率数值';
 
   COMMENT ON COLUMN "DATACOLLECT"."DATA_XIU_HAO_CHI"."CLICK_COUNT" IS '商品被点击的次数，缺省按照这个次数降序排列';
 
   COMMENT ON COLUMN "DATACOLLECT"."DATA_XIU_HAO_CHI"."WANG_WANG_URL" IS '掌柜旺旺链接';
 
   COMMENT ON COLUMN "DATACOLLECT"."DATA_XIU_HAO_CHI"."SHANG_CHENG_PEI_SONG" IS '是否由商城进行配送发货';
 
   COMMENT ON COLUMN "DATACOLLECT"."DATA_XIU_HAO_CHI"."SONG_JI_FEN" IS '本商品送的积分比如天猫商城商品经常送天猫积分';
 
   COMMENT ON COLUMN "DATACOLLECT"."DATA_XIU_HAO_CHI"."SONG_JI_FEN_NUM" IS '本商品送的积分的数字值';
 
   COMMENT ON COLUMN "DATACOLLECT"."DATA_XIU_HAO_CHI"."PIN_PAI_ZHI_XIAO" IS '是否是品牌直销';
 
   COMMENT ON COLUMN "DATACOLLECT"."DATA_XIU_HAO_CHI"."DOWNLOAD_TASK_PARENT_PAGE_URL" IS 'Must have for each data table, 本下载任务的父下载任务url链接地址，方便搜索并删除相应的data内容';
 
   COMMENT ON COLUMN "DATACOLLECT"."DATA_XIU_HAO_CHI"."DOWNLOAD_TASK_PAGE_URL" IS 'Must have for each data table, 本下载任务的url链接地址';
 
   COMMENT ON COLUMN "DATACOLLECT"."DATA_XIU_HAO_CHI"."DOWNLOAD_TASK_ID" IS 'Must have for each data table, download_task 表 id';
 
   COMMENT ON COLUMN "DATACOLLECT"."DATA_XIU_HAO_CHI"."DOWNLOAD_TASK_LEVEL" IS 'Must have for each data table, download_task 级别';
 
   COMMENT ON COLUMN "DATACOLLECT"."DATA_XIU_HAO_CHI"."DOWNLOAD_TASK_DATA_PARSE_TIME" IS 'Must have for each data table, 下载的内容页面的解析时间字符串格式';
 
   COMMENT ON COLUMN "DATACOLLECT"."DATA_XIU_HAO_CHI"."DOWNLOAD_TASK_DATA_PARSE_TIME_" IS 'Must have for each data table, 下载的内容页面的解析时间数字格式';
 
   COMMENT ON COLUMN "DATACOLLECT"."DATA_XIU_HAO_CHI"."DOWNLOAD_TASK_USELESS_CONTENT_" IS 'Must have for each data table, 下载的页面是否是无效的内容页面，1 --- 是无效内容页面，0 --- 有效的内容页面';
--------------------------------------------------------
--  DDL for Table DB_SETTING
--------------------------------------------------------

  CREATE TABLE "DATACOLLECT"."DB_SETTING" 
   (	"DB_TYPE" VARCHAR2(10 CHAR), 
	"DB_IP" VARCHAR2(20 CHAR), 
	"DB_USERNAME" VARCHAR2(30 CHAR), 
	"DB_PASSWORD" VARCHAR2(30 CHAR), 
	"IS_TEST_DB" NUMBER(10,0), 
	"IS_OPERATE_DB" NUMBER(10,0)
   ) SEGMENT CREATION DEFERRED 
  PCTFREE 10 PCTUSED 40 INITRANS 1 MAXTRANS 255 NOCOMPRESS LOGGING
  TABLESPACE "DATATIGER" ;
--------------------------------------------------------
--  DDL for Table DOWNLOAD_MQ_MESSAGE
--------------------------------------------------------

  CREATE TABLE "DATACOLLECT"."DOWNLOAD_MQ_MESSAGE" 
   (	"ID" NUMBER(10,0), 
	"USER_ID" NUMBER(10,0), 
	"SITE_ID" NUMBER(10,0), 
	"DOWNLOAD_THREAD_TYPE" NUMBER(10,0), 
	"ACTION" VARCHAR2(100 CHAR), 
	"THREAD_TABLE_IDS" VARCHAR2(1000 CHAR), 
	"THREAD_IDS" VARCHAR2(1000 CHAR), 
	"SEND_TIME" VARCHAR2(100 CHAR), 
	"RECEIVE_TIME" VARCHAR2(100 CHAR), 
	"FINISH_TIME" VARCHAR2(100 CHAR), 
	"FAIL_REASON" VARCHAR2(1000 CHAR), 
	"CREATE_THREAD_COUNT" NUMBER(10,0)
   ) SEGMENT CREATION IMMEDIATE 
  PCTFREE 10 PCTUSED 40 INITRANS 1 MAXTRANS 255 NOCOMPRESS LOGGING
  STORAGE(INITIAL 65536 NEXT 1048576 MINEXTENTS 1 MAXEXTENTS 2147483645
  PCTINCREASE 0 FREELISTS 1 FREELIST GROUPS 1 BUFFER_POOL DEFAULT FLASH_CACHE DEFAULT CELL_FLASH_CACHE DEFAULT)
  TABLESPACE "DATATIGER" ;
 

   COMMENT ON COLUMN "DATACOLLECT"."DOWNLOAD_MQ_MESSAGE"."ID" IS '表索引id';
 
   COMMENT ON COLUMN "DATACOLLECT"."DOWNLOAD_MQ_MESSAGE"."USER_ID" IS '发送消息的用户的id';
 
   COMMENT ON COLUMN "DATACOLLECT"."DOWNLOAD_MQ_MESSAGE"."SITE_ID" IS '站点的id';
 
   COMMENT ON COLUMN "DATACOLLECT"."DOWNLOAD_MQ_MESSAGE"."DOWNLOAD_THREAD_TYPE" IS '线程的类型';
 
   COMMENT ON COLUMN "DATACOLLECT"."DOWNLOAD_MQ_MESSAGE"."ACTION" IS '执行的动作';
 
   COMMENT ON COLUMN "DATACOLLECT"."DOWNLOAD_MQ_MESSAGE"."THREAD_TABLE_IDS" IS '启动或者结束的线程表的id';
 
   COMMENT ON COLUMN "DATACOLLECT"."DOWNLOAD_MQ_MESSAGE"."THREAD_IDS" IS '启动或者结束的线程的id';
 
   COMMENT ON COLUMN "DATACOLLECT"."DOWNLOAD_MQ_MESSAGE"."SEND_TIME" IS 'MQ message 发送的时间';
 
   COMMENT ON COLUMN "DATACOLLECT"."DOWNLOAD_MQ_MESSAGE"."RECEIVE_TIME" IS 'MQ message 收到的时间';
 
   COMMENT ON COLUMN "DATACOLLECT"."DOWNLOAD_MQ_MESSAGE"."FINISH_TIME" IS 'Action 完成的时间';
 
   COMMENT ON COLUMN "DATACOLLECT"."DOWNLOAD_MQ_MESSAGE"."FAIL_REASON" IS 'MQ action 失败的原因';
 
   COMMENT ON COLUMN "DATACOLLECT"."DOWNLOAD_MQ_MESSAGE"."CREATE_THREAD_COUNT" IS '创建的线程数量，范围为 1 - 5';
--------------------------------------------------------
--  DDL for Table DOWNLOAD_SETTING
--------------------------------------------------------

  CREATE TABLE "DATACOLLECT"."DOWNLOAD_SETTING" 
   (	"TOTAL_COMMON_THREAD_NUMBER" NUMBER(10,0)
   ) SEGMENT CREATION DEFERRED 
  PCTFREE 10 PCTUSED 40 INITRANS 1 MAXTRANS 255 NOCOMPRESS LOGGING
  TABLESPACE "DATATIGER" ;
--------------------------------------------------------
--  DDL for Table DOWNLOAD_TASK
--------------------------------------------------------

  CREATE TABLE "DATACOLLECT"."DOWNLOAD_TASK" 
   (	"ID" NUMBER(10,0), 
	"PARENT_PAGE_URL" VARCHAR2(2000 CHAR) DEFAULT NULL, 
	"PAGE_URL" VARCHAR2(2000 CHAR) DEFAULT ' ', 
	"DECODE_PAGE_URL" VARCHAR2(2000 CHAR) DEFAULT NULL, 
	"SITE_ID" NUMBER(10,0) DEFAULT -1, 
	"IF_CONTENT_PAGE" NUMBER(3,0) DEFAULT 0, 
	"IF_REALLY_CONTENT_PAGE" NUMBER(3,0) DEFAULT -1, 
	"IN_DB_TIME" VARCHAR2(100 CHAR) DEFAULT NULL, 
	"APPLY_TIME" VARCHAR2(100 CHAR) DEFAULT NULL, 
	"IF_SITE_TOP_URL" NUMBER(3,0) DEFAULT 0, 
	"IF_TEST" NUMBER(3,0) DEFAULT 1, 
	"RUN_TIME" VARCHAR2(100 CHAR) DEFAULT NULL, 
	"THREAD_TABLE_ID" NUMBER(24,0) DEFAULT -1, 
	"TASK_RUN_DELTA_TIME" NUMBER(24,0) DEFAULT -1, 
	"ERROR_MESSAGE" CLOB, 
	"TASK_LEVEL" NUMBER(10,0) DEFAULT 3, 
	"USELESS_CONTENT_PAGE" NUMBER(3,0) DEFAULT 0, 
	"PARSED_OUT_URL_COUNT" NUMBER(24,0) DEFAULT -1, 
	"ACCESS_DENIED_THREAD_SLEEP_TIM" NUMBER(10,0) DEFAULT -1, 
	"RESET_APPLY_TIME_REASON" VARCHAR2(1000 CHAR), 
	"RESET_APPLY_TIME_TIME" VARCHAR2(100 CHAR), 
	"ACCESS_DENIED_DATE" VARCHAR2(100 CHAR) DEFAULT ' ', 
	"DURATION_INFO" CLOB
   ) SEGMENT CREATION IMMEDIATE 
  PCTFREE 10 PCTUSED 40 INITRANS 1 MAXTRANS 255 NOCOMPRESS LOGGING
  STORAGE(INITIAL 65536 NEXT 1048576 MINEXTENTS 1 MAXEXTENTS 2147483645
  PCTINCREASE 0 FREELISTS 1 FREELIST GROUPS 1 BUFFER_POOL DEFAULT FLASH_CACHE DEFAULT CELL_FLASH_CACHE DEFAULT)
  TABLESPACE "DATATIGER" 
 LOB ("ERROR_MESSAGE") STORE AS BASICFILE (
  TABLESPACE "DATATIGER" ENABLE STORAGE IN ROW CHUNK 8192 RETENTION 
  NOCACHE LOGGING 
  STORAGE(INITIAL 65536 NEXT 1048576 MINEXTENTS 1 MAXEXTENTS 2147483645
  PCTINCREASE 0 FREELISTS 1 FREELIST GROUPS 1 BUFFER_POOL DEFAULT FLASH_CACHE DEFAULT CELL_FLASH_CACHE DEFAULT)) 
 LOB ("DURATION_INFO") STORE AS BASICFILE (
  TABLESPACE "DATATIGER" ENABLE STORAGE IN ROW CHUNK 8192 RETENTION 
  NOCACHE LOGGING 
  STORAGE(INITIAL 65536 NEXT 1048576 MINEXTENTS 1 MAXEXTENTS 2147483645
  PCTINCREASE 0 FREELISTS 1 FREELIST GROUPS 1 BUFFER_POOL DEFAULT FLASH_CACHE DEFAULT CELL_FLASH_CACHE DEFAULT)) ;
 

   COMMENT ON COLUMN "DATACOLLECT"."DOWNLOAD_TASK"."PARENT_PAGE_URL" IS '当前页url的父页面url，方便得到当前页面的解析来源，可以用作分析解析配置，过滤掉不需要的产品信息。';
 
   COMMENT ON COLUMN "DATACOLLECT"."DOWNLOAD_TASK"."PAGE_URL" IS 'The page''s url that will be download.';
 
   COMMENT ON COLUMN "DATACOLLECT"."DOWNLOAD_TASK"."DECODE_PAGE_URL" IS 'Page url decode 之后的值，对于淘宝，天猫，url里面有很多参数是encode的，需要decode后进行判断';
 
   COMMENT ON COLUMN "DATACOLLECT"."DOWNLOAD_TASK"."SITE_ID" IS 'The download task beloned web site id.';
 
   COMMENT ON COLUMN "DATACOLLECT"."DOWNLOAD_TASK"."IF_CONTENT_PAGE" IS 'If this url related page is the content page or not. true---content page, false---category page.';
 
   COMMENT ON COLUMN "DATACOLLECT"."DOWNLOAD_TASK"."IF_REALLY_CONTENT_PAGE" IS '判断该页面是否真的是内容页面的标志，-1 --- 还没有判断，0 --- 不是内容页， 1 --- 真的是内容页 ， 缺省是 -1 代表还没有进行判断';
 
   COMMENT ON COLUMN "DATACOLLECT"."DOWNLOAD_TASK"."IN_DB_TIME" IS 'Record the date that this url saved to db table.';
 
   COMMENT ON COLUMN "DATACOLLECT"."DOWNLOAD_TASK"."APPLY_TIME" IS 'Record the date time that this url set to be task, if this is null then this is a task waiting for run.';
 
   COMMENT ON COLUMN "DATACOLLECT"."DOWNLOAD_TASK"."IF_SITE_TOP_URL" IS 'true---this is the top url of this site, false---this is not the top url of this site.';
 
   COMMENT ON COLUMN "DATACOLLECT"."DOWNLOAD_TASK"."RUN_TIME" IS 'Task run time';
 
   COMMENT ON COLUMN "DATACOLLECT"."DOWNLOAD_TASK"."THREAD_TABLE_ID" IS 'The id of last thread that run this task';
 
   COMMENT ON COLUMN "DATACOLLECT"."DOWNLOAD_TASK"."TASK_RUN_DELTA_TIME" IS 'Task run delta time';
 
   COMMENT ON COLUMN "DATACOLLECT"."DOWNLOAD_TASK"."ERROR_MESSAGE" IS 'Task run error message';
 
   COMMENT ON COLUMN "DATACOLLECT"."DOWNLOAD_TASK"."TASK_LEVEL" IS 'task level, default 0, level range(0,1,2,3,4,5), applying tasks will be ordered by level, big level will be run first ';
 
   COMMENT ON COLUMN "DATACOLLECT"."DOWNLOAD_TASK"."USELESS_CONTENT_PAGE" IS 'whether this url page is useful or useless, if true then will not download this page and parse even its applytime is ""';
 
   COMMENT ON COLUMN "DATACOLLECT"."DOWNLOAD_TASK"."PARSED_OUT_URL_COUNT" IS 'The url link count that parsed out from this download task url';
 
   COMMENT ON COLUMN "DATACOLLECT"."DOWNLOAD_TASK"."ACCESS_DENIED_THREAD_SLEEP_TIM" IS 'Record the thread sleep time if this task has been denied by website';
 
   COMMENT ON COLUMN "DATACOLLECT"."DOWNLOAD_TASK"."RESET_APPLY_TIME_REASON" IS 'Record why reset this task apply time, for analysis';
 
   COMMENT ON COLUMN "DATACOLLECT"."DOWNLOAD_TASK"."RESET_APPLY_TIME_TIME" IS 'When reset apply task time occured';
 
   COMMENT ON COLUMN "DATACOLLECT"."DOWNLOAD_TASK"."ACCESS_DENIED_DATE" IS 'Record when this task is access denied by the website';
 
   COMMENT ON COLUMN "DATACOLLECT"."DOWNLOAD_TASK"."DURATION_INFO" IS 'Record duration time in each step in download and parse a task for analyse later';
--------------------------------------------------------
--  DDL for Table DOWNLOAD_THREAD
--------------------------------------------------------

  CREATE TABLE "DATACOLLECT"."DOWNLOAD_THREAD" 
   (	"ID" NUMBER(10,0), 
	"USER_ID" NUMBER(24,0), 
	"THREAD_ID" VARCHAR2(100 CHAR), 
	"START_TIME" VARCHAR2(100 CHAR), 
	"STOP_TIME" VARCHAR2(100 CHAR), 
	"THREAD_TYPE" NUMBER(3,0), 
	"STOP_REASON" CLOB, 
	"SITE_ID" NUMBER(24,0), 
	"WEBDRIVER_EACH_BROWSE_START_TI" VARCHAR2(20 CHAR)
   ) SEGMENT CREATION IMMEDIATE 
  PCTFREE 10 PCTUSED 40 INITRANS 1 MAXTRANS 255 NOCOMPRESS LOGGING
  STORAGE(INITIAL 65536 NEXT 1048576 MINEXTENTS 1 MAXEXTENTS 2147483645
  PCTINCREASE 0 FREELISTS 1 FREELIST GROUPS 1 BUFFER_POOL DEFAULT FLASH_CACHE DEFAULT CELL_FLASH_CACHE DEFAULT)
  TABLESPACE "DATATIGER" 
 LOB ("STOP_REASON") STORE AS BASICFILE (
  TABLESPACE "DATATIGER" ENABLE STORAGE IN ROW CHUNK 8192 RETENTION 
  NOCACHE LOGGING 
  STORAGE(INITIAL 65536 NEXT 1048576 MINEXTENTS 1 MAXEXTENTS 2147483645
  PCTINCREASE 0 FREELISTS 1 FREELIST GROUPS 1 BUFFER_POOL DEFAULT FLASH_CACHE DEFAULT CELL_FLASH_CACHE DEFAULT)) ;
 

   COMMENT ON COLUMN "DATACOLLECT"."DOWNLOAD_THREAD"."USER_ID" IS 'User id who start this download thread.';
 
   COMMENT ON COLUMN "DATACOLLECT"."DOWNLOAD_THREAD"."THREAD_ID" IS 'The java download runner thread id. ';
 
   COMMENT ON COLUMN "DATACOLLECT"."DOWNLOAD_THREAD"."START_TIME" IS 'Thread start time.';
 
   COMMENT ON COLUMN "DATACOLLECT"."DOWNLOAD_THREAD"."STOP_TIME" IS 'Thread end time, if not end then this value is -1.';
 
   COMMENT ON COLUMN "DATACOLLECT"."DOWNLOAD_THREAD"."THREAD_TYPE" IS 'The work this thread implement. 0---Get web page in top url page, 1---Parse result in xml format, 2---Test working thread, 3---Running working thread.';
 
   COMMENT ON COLUMN "DATACOLLECT"."DOWNLOAD_THREAD"."STOP_REASON" IS 'The reason why this thread stop';
 
   COMMENT ON COLUMN "DATACOLLECT"."DOWNLOAD_THREAD"."SITE_ID" IS '线程访问的网站id';
 
   COMMENT ON COLUMN "DATACOLLECT"."DOWNLOAD_THREAD"."WEBDRIVER_EACH_BROWSE_START_TI" IS '每次 webdriver 访问网页的开始时间，webdriver每次访问一个网页都会更新这个时间，有一个监控线程轮询查看，如果 webdriver 开始访问页面时间和当前的时间之差大于10分钟，则认为 webdriver 挂起，则重新启动那个线程 ';
--------------------------------------------------------
--  DDL for Table DOWNLOAD_THREAD_APPLY_TASK_STA
--------------------------------------------------------

  CREATE TABLE "DATACOLLECT"."DOWNLOAD_THREAD_APPLY_TASK_STA" 
   (	"APPLYING_TASK" NUMBER(3,0) DEFAULT 0, 
	"APPLY_TIME" VARCHAR2(20 CHAR)
   ) SEGMENT CREATION IMMEDIATE 
  PCTFREE 10 PCTUSED 40 INITRANS 1 MAXTRANS 255 NOCOMPRESS LOGGING
  STORAGE(INITIAL 65536 NEXT 1048576 MINEXTENTS 1 MAXEXTENTS 2147483645
  PCTINCREASE 0 FREELISTS 1 FREELIST GROUPS 1 BUFFER_POOL DEFAULT FLASH_CACHE DEFAULT CELL_FLASH_CACHE DEFAULT)
  TABLESPACE "DATATIGER" ;
 

   COMMENT ON COLUMN "DATACOLLECT"."DOWNLOAD_THREAD_APPLY_TASK_STA"."APPLYING_TASK" IS '0: no thread apply download task, 1: has 1 thread apply download task';
 
   COMMENT ON COLUMN "DATACOLLECT"."DOWNLOAD_THREAD_APPLY_TASK_STA"."APPLY_TIME" IS 'last thread apply task time, for check how long since last apply task, use this to reset applying_task to 0 if apply thread forget reset it';
--------------------------------------------------------
--  DDL for Table MENU
--------------------------------------------------------

  CREATE TABLE "DATACOLLECT"."MENU" 
   (	"ID" NUMBER(10,0), 
	"MENU_NAME" VARCHAR2(100 CHAR), 
	"MENU_DESC" VARCHAR2(1000 CHAR), 
	"MENU_ACTION" VARCHAR2(500 CHAR)
   ) SEGMENT CREATION IMMEDIATE 
  PCTFREE 10 PCTUSED 40 INITRANS 1 MAXTRANS 255 NOCOMPRESS LOGGING
  STORAGE(INITIAL 65536 NEXT 1048576 MINEXTENTS 1 MAXEXTENTS 2147483645
  PCTINCREASE 0 FREELISTS 1 FREELIST GROUPS 1 BUFFER_POOL DEFAULT FLASH_CACHE DEFAULT CELL_FLASH_CACHE DEFAULT)
  TABLESPACE "DATATIGER" ;
--------------------------------------------------------
--  DDL for Table PARSE
--------------------------------------------------------

  CREATE TABLE "DATACOLLECT"."PARSE" 
   (	"ID" NUMBER(10,0), 
	"CATEGORY_ID" NUMBER(10,0), 
	"PARSE_NAME" VARCHAR2(100 CHAR), 
	"PARSE_DESC" VARCHAR2(1000 CHAR), 
	"SAVE_TO_TABLE" VARCHAR2(200 CHAR)
   ) SEGMENT CREATION IMMEDIATE 
  PCTFREE 10 PCTUSED 40 INITRANS 1 MAXTRANS 255 NOCOMPRESS LOGGING
  STORAGE(INITIAL 65536 NEXT 1048576 MINEXTENTS 1 MAXEXTENTS 2147483645
  PCTINCREASE 0 FREELISTS 1 FREELIST GROUPS 1 BUFFER_POOL DEFAULT FLASH_CACHE DEFAULT CELL_FLASH_CACHE DEFAULT)
  TABLESPACE "DATATIGER" ;
 

   COMMENT ON COLUMN "DATACOLLECT"."PARSE"."SAVE_TO_TABLE" IS '该解析保存到的表名称';
--------------------------------------------------------
--  DDL for Table PARSE_CATEGORY
--------------------------------------------------------

  CREATE TABLE "DATACOLLECT"."PARSE_CATEGORY" 
   (	"ID" NUMBER(10,0), 
	"CAT_NAME" VARCHAR2(200 CHAR), 
	"CAT_DESC" VARCHAR2(1000 CHAR)
   ) SEGMENT CREATION IMMEDIATE 
  PCTFREE 10 PCTUSED 40 INITRANS 1 MAXTRANS 255 NOCOMPRESS LOGGING
  STORAGE(INITIAL 65536 NEXT 1048576 MINEXTENTS 1 MAXEXTENTS 2147483645
  PCTINCREASE 0 FREELISTS 1 FREELIST GROUPS 1 BUFFER_POOL DEFAULT FLASH_CACHE DEFAULT CELL_FLASH_CACHE DEFAULT)
  TABLESPACE "DATATIGER" ;
--------------------------------------------------------
--  DDL for Table PARSE_ITEM
--------------------------------------------------------

  CREATE TABLE "DATACOLLECT"."PARSE_ITEM" 
   (	"ID" NUMBER(10,0), 
	"PARSE_ID" NUMBER(10,0), 
	"SAVE_TO_TABLE" VARCHAR2(200 CHAR), 
	"SAVE_TO_COLUMN" VARCHAR2(200 CHAR), 
	"COLUMN_DESC" VARCHAR2(200 CHAR), 
	"CHARACTOR" VARCHAR2(100 CHAR), 
	"NOT_CHARACTOR" VARCHAR2(100 CHAR), 
	"DEFAULT_VAL" VARCHAR2(200 CHAR), 
	"DATA_TYPE" VARCHAR2(20 CHAR), 
	"NUMBER_MULTIPLY_BY" VARCHAR2(20 CHAR), 
	"DATE_FORMAT" VARCHAR2(20 CHAR), 
	"IS_CHECK_REPEAT_COLUMN" NUMBER(3,0), 
	"IS_URL" NUMBER(3,0), 
	"SRC_REG_EXP" VARCHAR2(200 CHAR), 
	"DEST_REG_EXP" VARCHAR2(200 CHAR), 
	"EXEC_JAVASCRIPT" VARCHAR2(2000 CHAR), 
	"PAGE_URL_AS_VALUE" NUMBER(3,0) DEFAULT '0', 
	"REG_EXP_ITEM_RELATION" NUMBER(3,0) DEFAULT '0', 
	"BY_ELE_TYPE" VARCHAR2(100 CHAR), 
	"BY_ELE_VAL" VARCHAR2(1000 CHAR), 
	"BY_TAG_ATTRIBUTE" VARCHAR2(200 CHAR), 
	"BY_TAG_ATTRIBUTE_VALUE_PLUS" NUMBER(3,0) DEFAULT '0', 
	"PARSE_VALUE_REG_EXP" VARCHAR2(2000 CHAR), 
	"PARSE_VALUE_STRING" CLOB, 
	"IS_DIRECT_GET_TEXT" NUMBER(3,0) DEFAULT '1', 
	"USE_THIS_SETTING_URL_CHARACTOR" VARCHAR2(1000 CHAR)
   ) SEGMENT CREATION IMMEDIATE 
  PCTFREE 10 PCTUSED 40 INITRANS 1 MAXTRANS 255 NOCOMPRESS LOGGING
  STORAGE(INITIAL 65536 NEXT 1048576 MINEXTENTS 1 MAXEXTENTS 2147483645
  PCTINCREASE 0 FREELISTS 1 FREELIST GROUPS 1 BUFFER_POOL DEFAULT FLASH_CACHE DEFAULT CELL_FLASH_CACHE DEFAULT)
  TABLESPACE "DATATIGER" 
 LOB ("PARSE_VALUE_STRING") STORE AS BASICFILE (
  TABLESPACE "DATATIGER" ENABLE STORAGE IN ROW CHUNK 8192 RETENTION 
  NOCACHE LOGGING 
  STORAGE(INITIAL 65536 NEXT 1048576 MINEXTENTS 1 MAXEXTENTS 2147483645
  PCTINCREASE 0 FREELISTS 1 FREELIST GROUPS 1 BUFFER_POOL DEFAULT FLASH_CACHE DEFAULT CELL_FLASH_CACHE DEFAULT)) ;
 

   COMMENT ON COLUMN "DATACOLLECT"."PARSE_ITEM"."ID" IS 'parse_item id';
 
   COMMENT ON COLUMN "DATACOLLECT"."PARSE_ITEM"."PARSE_ID" IS '所属于的 parse table id';
 
   COMMENT ON COLUMN "DATACOLLECT"."PARSE_ITEM"."SAVE_TO_TABLE" IS '解析值保存到的表名称';
 
   COMMENT ON COLUMN "DATACOLLECT"."PARSE_ITEM"."SAVE_TO_COLUMN" IS '解析值保存到的字段名称';
 
   COMMENT ON COLUMN "DATACOLLECT"."PARSE_ITEM"."COLUMN_DESC" IS '该字段含义的描述';
 
   COMMENT ON COLUMN "DATACOLLECT"."PARSE_ITEM"."CHARACTOR" IS '解析本字段时候用到的特征字符串';
 
   COMMENT ON COLUMN "DATACOLLECT"."PARSE_ITEM"."NOT_CHARACTOR" IS '解析本字段时候用到的非特征字符串';
 
   COMMENT ON COLUMN "DATACOLLECT"."PARSE_ITEM"."DEFAULT_VAL" IS '本解析字段如果解析出来的值为空时候使用的缺省值';
 
   COMMENT ON COLUMN "DATACOLLECT"."PARSE_ITEM"."DATA_TYPE" IS '解析数据类型, String, Date, Number, Boolean, DateTime
5种类型';
 
   COMMENT ON COLUMN "DATACOLLECT"."PARSE_ITEM"."NUMBER_MULTIPLY_BY" IS '如果解析出来的值是数字，如果该字段的值不为空，则用该字段的值乘以解析出来的值（例子：方便记录产品单价，值可以是小数表示除法）';
 
   COMMENT ON COLUMN "DATACOLLECT"."PARSE_ITEM"."DATE_FORMAT" IS '如果本字段是时间值，则代表时间格式';
 
   COMMENT ON COLUMN "DATACOLLECT"."PARSE_ITEM"."IS_CHECK_REPEAT_COLUMN" IS '本字段的值是否用来查重';
 
   COMMENT ON COLUMN "DATACOLLECT"."PARSE_ITEM"."IS_URL" IS '本字段的值是否是url链接';
 
   COMMENT ON COLUMN "DATACOLLECT"."PARSE_ITEM"."SRC_REG_EXP" IS '对解析出来的字段值运行的源正则表达式';
 
   COMMENT ON COLUMN "DATACOLLECT"."PARSE_ITEM"."DEST_REG_EXP" IS '对解析出来的字段值运行的目标正则表达式，来替换源正则表达式里面的值';
 
   COMMENT ON COLUMN "DATACOLLECT"."PARSE_ITEM"."EXEC_JAVASCRIPT" IS '对解析出来的值执行 javascript';
 
   COMMENT ON COLUMN "DATACOLLECT"."PARSE_ITEM"."PAGE_URL_AS_VALUE" IS 'true---用该页面的url作为该字段的值，

false---不用该页面的url作为该字段的值，

default---false。';
 
   COMMENT ON COLUMN "DATACOLLECT"."PARSE_ITEM"."REG_EXP_ITEM_RELATION" IS 'true---check means and（replace multiple times according to number of src reg exp）, 

false---uncheck means or (if one of src reg exp match then return)';
 
   COMMENT ON COLUMN "DATACOLLECT"."PARSE_ITEM"."BY_ELE_TYPE" IS 'Search this element by what? tag, xpath, id, name, css selector etc， 通常使用id或者name，然后再按照字符串解析想要的值，这样webdriver的运行速度比较快';
 
   COMMENT ON COLUMN "DATACOLLECT"."PARSE_ITEM"."BY_ELE_VAL" IS 'id or name or xpath ... value，可以解析多个id，name，xpath等，多个值之间用分号分开';
 
   COMMENT ON COLUMN "DATACOLLECT"."PARSE_ITEM"."BY_TAG_ATTRIBUTE" IS 'element attribute,多个attribute可以用分号分割';
 
   COMMENT ON COLUMN "DATACOLLECT"."PARSE_ITEM"."BY_TAG_ATTRIBUTE_VALUE_PLUS" IS '是否将多个属性的值相加后返回，为checkbox类型，选中则将所有的属性的值拼成一个字符串返回，不选中则返回第一个非空字符串的属性值';
 
   COMMENT ON COLUMN "DATACOLLECT"."PARSE_ITEM"."PARSE_VALUE_REG_EXP" IS '对上面解析出来的值执行正则表达式得到想要的值,该字段的格式为 regexp1;regexp2;regexp3...';
 
   COMMENT ON COLUMN "DATACOLLECT"."PARSE_ITEM"."PARSE_VALUE_STRING" IS '如果该值很难用正则表达式解析，就用这个字段进行字符串解析，该字段内容格式startStr1,endStr1;startStr1,endStr1;startStr1,endStr1;...';
 
   COMMENT ON COLUMN "DATACOLLECT"."PARSE_ITEM"."IS_DIRECT_GET_TEXT" IS 'true: 直接调用WebElement.getText(), false:  调用webEle.getAttribute("innerHTML") 得到文本字段后再用其他配置进行解析';
 
   COMMENT ON COLUMN "DATACOLLECT"."PARSE_ITEM"."USE_THIS_SETTING_URL_CHARACTOR" IS '只有解析的内容页面的url匹配这样的url特征，才用这个解析配置进行数据解析, 如果该值为空，则所有的内容页面的url都用该配置进行解析';
--------------------------------------------------------
--  DDL for Table PARSE_ITEM_ACTION
--------------------------------------------------------

  CREATE TABLE "DATACOLLECT"."PARSE_ITEM_ACTION" 
   (	"ID" NUMBER(24,0), 
	"PARSE_ITEM_ID" NUMBER(24,0), 
	"BY_ELE_TYPE" VARCHAR2(10 CHAR), 
	"BY_ELE_VAL" VARCHAR2(1000 CHAR), 
	"BY_ELE_ACTION" VARCHAR2(100 CHAR)
   ) SEGMENT CREATION IMMEDIATE 
  PCTFREE 10 PCTUSED 40 INITRANS 1 MAXTRANS 255 NOCOMPRESS LOGGING
  STORAGE(INITIAL 65536 NEXT 1048576 MINEXTENTS 1 MAXEXTENTS 2147483645
  PCTINCREASE 0 FREELISTS 1 FREELIST GROUPS 1 BUFFER_POOL DEFAULT FLASH_CACHE DEFAULT CELL_FLASH_CACHE DEFAULT)
  TABLESPACE "DATATIGER" ;
 

   COMMENT ON COLUMN "DATACOLLECT"."PARSE_ITEM_ACTION"."PARSE_ITEM_ID" IS 'this action beloned parse item table record id';
 
   COMMENT ON COLUMN "DATACOLLECT"."PARSE_ITEM_ACTION"."BY_ELE_TYPE" IS 'Search by element type(Id, className, tagName etc )';
 
   COMMENT ON COLUMN "DATACOLLECT"."PARSE_ITEM_ACTION"."BY_ELE_VAL" IS 'The value of id, className, tagName etc';
 
   COMMENT ON COLUMN "DATACOLLECT"."PARSE_ITEM_ACTION"."BY_ELE_ACTION" IS 'Action that will take on above search web element';
--------------------------------------------------------
--  DDL for Table PARSE_PAGE_EXCEPTION
--------------------------------------------------------

  CREATE TABLE "DATACOLLECT"."PARSE_PAGE_EXCEPTION" 
   (	"ID" NUMBER(10,0), 
	"DOWNLOAD_TASK_ID" NUMBER(10,0), 
	"PARSE_ITEM_ID" NUMBER(10,0), 
	"ERROR_MESSAGE" VARCHAR2(2000 CHAR)
   ) SEGMENT CREATION DEFERRED 
  PCTFREE 10 PCTUSED 40 INITRANS 1 MAXTRANS 255 NOCOMPRESS LOGGING
  TABLESPACE "DATATIGER" ;
--------------------------------------------------------
--  DDL for Table ROLE
--------------------------------------------------------

  CREATE TABLE "DATACOLLECT"."ROLE" 
   (	"ID" NUMBER(10,0), 
	"ROLE_NAME" VARCHAR2(100 CHAR), 
	"ROLE_DESC" VARCHAR2(1000 CHAR)
   ) SEGMENT CREATION IMMEDIATE 
  PCTFREE 10 PCTUSED 40 INITRANS 1 MAXTRANS 255 NOCOMPRESS LOGGING
  STORAGE(INITIAL 65536 NEXT 1048576 MINEXTENTS 1 MAXEXTENTS 2147483645
  PCTINCREASE 0 FREELISTS 1 FREELIST GROUPS 1 BUFFER_POOL DEFAULT FLASH_CACHE DEFAULT CELL_FLASH_CACHE DEFAULT)
  TABLESPACE "DATATIGER" ;
--------------------------------------------------------
--  DDL for Table ROLE_MENU_MAP
--------------------------------------------------------

  CREATE TABLE "DATACOLLECT"."ROLE_MENU_MAP" 
   (	"ROLE_ID" NUMBER(10,0), 
	"MENU_ID" NUMBER(10,0)
   ) SEGMENT CREATION IMMEDIATE 
  PCTFREE 10 PCTUSED 40 INITRANS 1 MAXTRANS 255 NOCOMPRESS LOGGING
  STORAGE(INITIAL 65536 NEXT 1048576 MINEXTENTS 1 MAXEXTENTS 2147483645
  PCTINCREASE 0 FREELISTS 1 FREELIST GROUPS 1 BUFFER_POOL DEFAULT FLASH_CACHE DEFAULT CELL_FLASH_CACHE DEFAULT)
  TABLESPACE "DATATIGER" ;
--------------------------------------------------------
--  DDL for Table SELENIUM_SETTING
--------------------------------------------------------

  CREATE TABLE "DATACOLLECT"."SELENIUM_SETTING" 
   (	"BROWSER_TYPE" VARCHAR2(20 CHAR)
   ) SEGMENT CREATION DEFERRED 
  PCTFREE 10 PCTUSED 40 INITRANS 1 MAXTRANS 255 NOCOMPRESS LOGGING
  TABLESPACE "DATATIGER" ;
--------------------------------------------------------
--  DDL for Table SITE
--------------------------------------------------------

  CREATE TABLE "DATACOLLECT"."SITE" 
   (	"ID" NUMBER(10,0), 
	"CATEGORY_ID" NUMBER(10,0), 
	"SITE_NAME" VARCHAR2(200 CHAR), 
	"SITE_DESC" VARCHAR2(1000 CHAR), 
	"PARSE_ID" NUMBER(10,0), 
	"TOP_URL" VARCHAR2(2000 CHAR), 
	"START_DOWNLOAD_TIME" NUMBER(10,0) DEFAULT '0', 
	"DOWNLOAD_DURATION_SECONDS" NUMBER(10,0), 
	"OVER_WRITE_ATTRIBUTES" VARCHAR2(1000 CHAR), 
	"DOWNLOAD_TASK_REGET_DURATION_D" NUMBER(10,0), 
	"NEED_LOGIN" NUMBER(10,0), 
	"LOGIN_CHECK_RETURN_URL" VARCHAR2(1000 CHAR), 
	"LOGIN_CHECK_RETURN_DATA" VARCHAR2(100 CHAR), 
	"LOGIN_CHECK_RETURN_DATA_XPATH" VARCHAR2(200 CHAR), 
	"TEST_PASSED" NUMBER(10,0), 
	"SITE_STATUS" NUMBER(3,0), 
	"MULTI_COUNTRY" NUMBER(3,0), 
	"PLACE_HOLDERS" VARCHAR2(500 CHAR), 
	"BROWSER_TYPE" VARCHAR2(100 CHAR), 
	"ACCESS_DENIED_PAGE_ELEMENT_XP" VARCHAR2(1000 CHAR), 
	"ACCESS_DENIED_PAGE_ELEMENT_VAL" VARCHAR2(200 CHAR), 
	"ALERT_TEXT_TO_RESET_D_TASK" VARCHAR2(500 CHAR), 
	"NEED_SCROLL_PAGE_URL_CHAR" VARCHAR2(1000 CHAR), 
	"NOT_NEED_SCROLL_PAGE_URL_CHAR" VARCHAR2(1000 CHAR), 
	"SET_HIGH_LEVEL_TASK_URL_CHAR" VARCHAR2(1000 CHAR), 
	"SET_MIDDLE_LEVEL_TASK_URL_CHAR" VARCHAR2(1000 CHAR), 
	"SHOW_IMG_IN_BROWSER" NUMBER(3,0) DEFAULT '0'
   ) SEGMENT CREATION IMMEDIATE 
  PCTFREE 10 PCTUSED 40 INITRANS 1 MAXTRANS 255 NOCOMPRESS LOGGING
  STORAGE(INITIAL 65536 NEXT 1048576 MINEXTENTS 1 MAXEXTENTS 2147483645
  PCTINCREASE 0 FREELISTS 1 FREELIST GROUPS 1 BUFFER_POOL DEFAULT FLASH_CACHE DEFAULT CELL_FLASH_CACHE DEFAULT)
  TABLESPACE "DATATIGER" ;
 

   COMMENT ON COLUMN "DATACOLLECT"."SITE"."SITE_STATUS" IS '0---test status, 1---run time status';
 
   COMMENT ON COLUMN "DATACOLLECT"."SITE"."BROWSER_TYPE" IS '抓取网页的时候使用的浏览器类型';
 
   COMMENT ON COLUMN "DATACOLLECT"."SITE"."ACCESS_DENIED_PAGE_ELEMENT_XP" IS '记录 access denied 页面特征元素的 xpath';
 
   COMMENT ON COLUMN "DATACOLLECT"."SITE"."ACCESS_DENIED_PAGE_ELEMENT_VAL" IS '记录 access denied 页面特征元素的值';
 
   COMMENT ON COLUMN "DATACOLLECT"."SITE"."ALERT_TEXT_TO_RESET_D_TASK" IS '如果访问页面的时候出现的alert窗口里面有这样的文字，则重置下载任务申请时间重新下载相应的下载任务';
 
   COMMENT ON COLUMN "DATACOLLECT"."SITE"."NEED_SCROLL_PAGE_URL_CHAR" IS 'If download page url match one of these urls, then scroll page to the end of the page to show waterfull like page, if value is all, then all page need scroll';
 
   COMMENT ON COLUMN "DATACOLLECT"."SITE"."NOT_NEED_SCROLL_PAGE_URL_CHAR" IS 'If download page url match one of these urls, then not scroll page to the end of the page';
 
   COMMENT ON COLUMN "DATACOLLECT"."SITE"."SET_HIGH_LEVEL_TASK_URL_CHAR" IS '如果url链接匹配这里的字符串，则将其task_level设置为 3 ，这样可以优先抓取解析这些页面';
 
   COMMENT ON COLUMN "DATACOLLECT"."SITE"."SET_MIDDLE_LEVEL_TASK_URL_CHAR" IS '如果url链接匹配这里的字符串，则将其task_level设置为 2 ，这样可以次先抓取解析这些页面';
 
   COMMENT ON COLUMN "DATACOLLECT"."SITE"."SHOW_IMG_IN_BROWSER" IS '在启动浏览器的时候是否显示图片，有的网站如京东，如果不显示图片则解析不出图片的地址，可是淘宝等网站不需要显示图片就可以解析，不显示图片可以提高速度';
--------------------------------------------------------
--  DDL for Table SITE_AUTH
--------------------------------------------------------

  CREATE TABLE "DATACOLLECT"."SITE_AUTH" 
   (	"ID" NUMBER(10,0), 
	"SITE_ID" NUMBER(10,0), 
	"LOGIN_PAGE_URL" VARCHAR2(1000 CHAR), 
	"LOGIN_USER" VARCHAR2(100 CHAR), 
	"LOGIN_PASSWD" VARCHAR2(100 CHAR), 
	"LOGIN_USER_XPATH" VARCHAR2(1000 CHAR), 
	"LOGIN_PASSWD_XPATH" VARCHAR2(1000 CHAR), 
	"LOGIN_SUBMIT_XPATH" VARCHAR2(1000 CHAR)
   ) SEGMENT CREATION DEFERRED 
  PCTFREE 10 PCTUSED 40 INITRANS 1 MAXTRANS 255 NOCOMPRESS LOGGING
  TABLESPACE "DATATIGER" ;
--------------------------------------------------------
--  DDL for Table SITE_CATEGORY
--------------------------------------------------------

  CREATE TABLE "DATACOLLECT"."SITE_CATEGORY" 
   (	"ID" NUMBER(10,0), 
	"CAT_NAME" VARCHAR2(500 CHAR), 
	"CAT_DESC" VARCHAR2(1000 CHAR)
   ) SEGMENT CREATION IMMEDIATE 
  PCTFREE 10 PCTUSED 40 INITRANS 1 MAXTRANS 255 NOCOMPRESS LOGGING
  STORAGE(INITIAL 65536 NEXT 1048576 MINEXTENTS 1 MAXEXTENTS 2147483645
  PCTINCREASE 0 FREELISTS 1 FREELIST GROUPS 1 BUFFER_POOL DEFAULT FLASH_CACHE DEFAULT CELL_FLASH_CACHE DEFAULT)
  TABLESPACE "DATATIGER" ;
--------------------------------------------------------
--  DDL for Table SITE_CONTENT_PAGE_CHECK
--------------------------------------------------------

  CREATE TABLE "DATACOLLECT"."SITE_CONTENT_PAGE_CHECK" 
   (	"ID" NUMBER(24,0), 
	"SITE_ID" NUMBER(24,0), 
	"BY_ELE_TYPE" VARCHAR2(100 CHAR), 
	"BY_ELE_VAL" VARCHAR2(500 CHAR), 
	"BY_TAG_ATTRIBUTE" VARCHAR2(500 CHAR), 
	"CHARACTOR" CLOB, 
	"NOT_CHARACTOR" CLOB, 
	"PARSE_VALUE_REG_EXP" VARCHAR2(2000 CHAR), 
	"PARSE_VALUE_STRING" CLOB
   ) SEGMENT CREATION IMMEDIATE 
  PCTFREE 10 PCTUSED 40 INITRANS 1 MAXTRANS 255 NOCOMPRESS LOGGING
  STORAGE(INITIAL 65536 NEXT 1048576 MINEXTENTS 1 MAXEXTENTS 2147483645
  PCTINCREASE 0 FREELISTS 1 FREELIST GROUPS 1 BUFFER_POOL DEFAULT FLASH_CACHE DEFAULT CELL_FLASH_CACHE DEFAULT)
  TABLESPACE "DATATIGER" 
 LOB ("CHARACTOR") STORE AS BASICFILE (
  TABLESPACE "DATATIGER" ENABLE STORAGE IN ROW CHUNK 8192 RETENTION 
  NOCACHE LOGGING 
  STORAGE(INITIAL 65536 NEXT 1048576 MINEXTENTS 1 MAXEXTENTS 2147483645
  PCTINCREASE 0 FREELISTS 1 FREELIST GROUPS 1 BUFFER_POOL DEFAULT FLASH_CACHE DEFAULT CELL_FLASH_CACHE DEFAULT)) 
 LOB ("NOT_CHARACTOR") STORE AS BASICFILE (
  TABLESPACE "DATATIGER" ENABLE STORAGE IN ROW CHUNK 8192 RETENTION 
  NOCACHE LOGGING 
  STORAGE(INITIAL 65536 NEXT 1048576 MINEXTENTS 1 MAXEXTENTS 2147483645
  PCTINCREASE 0 FREELISTS 1 FREELIST GROUPS 1 BUFFER_POOL DEFAULT FLASH_CACHE DEFAULT CELL_FLASH_CACHE DEFAULT)) 
 LOB ("PARSE_VALUE_STRING") STORE AS BASICFILE (
  TABLESPACE "DATATIGER" ENABLE STORAGE IN ROW CHUNK 8192 RETENTION 
  NOCACHE LOGGING 
  STORAGE(INITIAL 65536 NEXT 1048576 MINEXTENTS 1 MAXEXTENTS 2147483645
  PCTINCREASE 0 FREELISTS 1 FREELIST GROUPS 1 BUFFER_POOL DEFAULT FLASH_CACHE DEFAULT CELL_FLASH_CACHE DEFAULT)) ;
 

   COMMENT ON COLUMN "DATACOLLECT"."SITE_CONTENT_PAGE_CHECK"."SITE_ID" IS 'the content page check item belonged web site id';
 
   COMMENT ON COLUMN "DATACOLLECT"."SITE_CONTENT_PAGE_CHECK"."BY_ELE_TYPE" IS 'search web element by condition';
 
   COMMENT ON COLUMN "DATACOLLECT"."SITE_CONTENT_PAGE_CHECK"."BY_ELE_VAL" IS 'search by element value';
 
   COMMENT ON COLUMN "DATACOLLECT"."SITE_CONTENT_PAGE_CHECK"."BY_TAG_ATTRIBUTE" IS 'if by_ele_type is Tag_Name, then by_ele_val is real tag name and by_tag_attribute is the attribute of that tag name';
 
   COMMENT ON COLUMN "DATACOLLECT"."SITE_CONTENT_PAGE_CHECK"."CHARACTOR" IS '是 content page 的特征字符串，multiple value can be seperated by ;';
 
   COMMENT ON COLUMN "DATACOLLECT"."SITE_CONTENT_PAGE_CHECK"."NOT_CHARACTOR" IS '非 content page 的特征字符串，multiple value can be seperated by ;';
 
   COMMENT ON COLUMN "DATACOLLECT"."SITE_CONTENT_PAGE_CHECK"."PARSE_VALUE_REG_EXP" IS '对上面解析出来的值执行正则表达式得到想要的值,该字段的格式为 regexp1;regexp2;regexp3...';
 
   COMMENT ON COLUMN "DATACOLLECT"."SITE_CONTENT_PAGE_CHECK"."PARSE_VALUE_STRING" IS '如果该值很难用正则表达式解析，就用这个字段进行字符串解析，该字段内容格式startStr1,endStr1;startStr1,endStr1;startStr1,endStr1;...';
--------------------------------------------------------
--  DDL for Table SITE_URL_PARSE
--------------------------------------------------------

  CREATE TABLE "DATACOLLECT"."SITE_URL_PARSE" 
   (	"ID" NUMBER(10,0), 
	"SITE_ID" NUMBER(10,0), 
	"URL_XPATH_CHARACTOR" VARCHAR2(1000 CHAR), 
	"NOT_URL_XPATH_CHARACTOR" VARCHAR2(1000 CHAR), 
	"URL_CHARACTOR" VARCHAR2(1000 CHAR), 
	"NOT_URL_CHARACTOR" VARCHAR2(1000 CHAR), 
	"EXEC_JAVASCRIPT" VARCHAR2(2000 CHAR), 
	"URL_PAGE_DESC" VARCHAR2(2000 CHAR), 
	"PAGE_ENCODING" VARCHAR2(200 CHAR), 
	"URL_MATCH_REG_EXP" VARCHAR2(1000 CHAR), 
	"CONTENT_PAGE_URL_CHARACTOR" VARCHAR2(1000 CHAR), 
	"CLICK_ELE_XPATH_BEFORE_PARSE" CLOB, 
	"BY_ELE_TYPE" VARCHAR2(100 CHAR), 
	"BY_ELE_VAL" VARCHAR2(1000 CHAR), 
	"BY_TAG_ATTRIBUTE" VARCHAR2(1000 CHAR), 
	"RUN_REGEXP_ON_URL" VARCHAR2(2000 CHAR), 
	"RUN_STRING_FIND_ON_URL" VARCHAR2(2000 CHAR), 
	"URL_PAGE_CHA_XPATH_VALUE" VARCHAR2(2000 CHAR), 
	"URL_PAGE_CHA_ATTRIBUTE" VARCHAR2(500 CHAR), 
	"URL_PAGE_CHARACTOR" VARCHAR2(500 CHAR), 
	"URL_PAGE_NOT_CHARACTOR" VARCHAR2(500 CHAR)
   ) SEGMENT CREATION IMMEDIATE 
  PCTFREE 10 PCTUSED 40 INITRANS 1 MAXTRANS 255 NOCOMPRESS LOGGING
  STORAGE(INITIAL 65536 NEXT 1048576 MINEXTENTS 1 MAXEXTENTS 2147483645
  PCTINCREASE 0 FREELISTS 1 FREELIST GROUPS 1 BUFFER_POOL DEFAULT FLASH_CACHE DEFAULT CELL_FLASH_CACHE DEFAULT)
  TABLESPACE "DATATIGER" 
 LOB ("CLICK_ELE_XPATH_BEFORE_PARSE") STORE AS BASICFILE (
  TABLESPACE "DATATIGER" ENABLE STORAGE IN ROW CHUNK 8192 RETENTION 
  NOCACHE LOGGING 
  STORAGE(INITIAL 65536 NEXT 1048576 MINEXTENTS 1 MAXEXTENTS 2147483645
  PCTINCREASE 0 FREELISTS 1 FREELIST GROUPS 1 BUFFER_POOL DEFAULT FLASH_CACHE DEFAULT CELL_FLASH_CACHE DEFAULT)) ;
 

   COMMENT ON COLUMN "DATACOLLECT"."SITE_URL_PARSE"."SITE_ID" IS 'the url parse item belonged web site id';
 
   COMMENT ON COLUMN "DATACOLLECT"."SITE_URL_PARSE"."URL_XPATH_CHARACTOR" IS '网页链接所在页面区域块的 xpath 的特征字符串，xpath 里面有这些特征字符串的网页链接都是正确的链接，该字段为空则代表xpath非特征字符串之外的所有链接都是正确的';
 
   COMMENT ON COLUMN "DATACOLLECT"."SITE_URL_PARSE"."NOT_URL_XPATH_CHARACTOR" IS '网页链接所在页面区域块的 xpath 的非特征字符串，链接元素 xpath 里面有这些特征字符串之一的就认为是不正确的链接';
 
   COMMENT ON COLUMN "DATACOLLECT"."SITE_URL_PARSE"."URL_CHARACTOR" IS 'if url link in the page match this then this url link is the url we want  ';
 
   COMMENT ON COLUMN "DATACOLLECT"."SITE_URL_PARSE"."NOT_URL_CHARACTOR" IS 'if url link in the page match this then this url link is not the url we want  ';
 
   COMMENT ON COLUMN "DATACOLLECT"."SITE_URL_PARSE"."EXEC_JAVASCRIPT" IS 'the javascript code that will run on the element or url parsed out';
 
   COMMENT ON COLUMN "DATACOLLECT"."SITE_URL_PARSE"."URL_PAGE_DESC" IS 'the description of the url according page';
 
   COMMENT ON COLUMN "DATACOLLECT"."SITE_URL_PARSE"."PAGE_ENCODING" IS 'the url page''s according page encoding';
 
   COMMENT ON COLUMN "DATACOLLECT"."SITE_URL_PARSE"."URL_MATCH_REG_EXP" IS 'url that match this regular expression is the url we want';
 
   COMMENT ON COLUMN "DATACOLLECT"."SITE_URL_PARSE"."CONTENT_PAGE_URL_CHARACTOR" IS 'record content page url charactor, if a url match 1 condition, then it is a content page';
 
   COMMENT ON COLUMN "DATACOLLECT"."SITE_URL_PARSE"."CLICK_ELE_XPATH_BEFORE_PARSE" IS 'Click These Web Elements By XPath Before Parse URL (foe parse more element in taobao, tmall, jd etc). All values here should be xpath of elements which need to be clicked before parse url link in this page. Format is urlCharactor1!@#xpath1,xpath2;urlChara';
 
   COMMENT ON COLUMN "DATACOLLECT"."SITE_URL_PARSE"."BY_ELE_TYPE" IS 'search web element by condition';
 
   COMMENT ON COLUMN "DATACOLLECT"."SITE_URL_PARSE"."BY_ELE_VAL" IS 'search by element value';
 
   COMMENT ON COLUMN "DATACOLLECT"."SITE_URL_PARSE"."BY_TAG_ATTRIBUTE" IS 'if by_ele_type is Tag_Name, then by_ele_val is real tag name and by_tag_attribute is the attribute of that tag name';
 
   COMMENT ON COLUMN "DATACOLLECT"."SITE_URL_PARSE"."RUN_REGEXP_ON_URL" IS '在解析出来的url上运行的正则表达式，使用正则表达式运行之后的url作为页面的url';
 
   COMMENT ON COLUMN "DATACOLLECT"."SITE_URL_PARSE"."RUN_STRING_FIND_ON_URL" IS '如果正则表达式不好写，则用该字段进行解析，该字段的格式是   startStr1!@#endStr1;startStr2!@#endStr2;..., 将这些字符串截取之后的字符串再拼成一个字符串作为url， 如果startStr 是字符串开始则用空字符串代表，如果endStr是字符串结尾则用空字符串代表';
 
   COMMENT ON COLUMN "DATACOLLECT"."SITE_URL_PARSE"."URL_PAGE_CHA_XPATH_VALUE" IS '在最上面解析出来的url对应的页面里面查询这样的xpath.   如果在上面的解析基础上仍不能判断是否为正确的链接则用如下配置进行判断.';
 
   COMMENT ON COLUMN "DATACOLLECT"."SITE_URL_PARSE"."URL_PAGE_CHA_ATTRIBUTE" IS '上面的 XPath对应的元素的属性名字，多个属性名只得到第一个非空的属性值';
 
   COMMENT ON COLUMN "DATACOLLECT"."SITE_URL_PARSE"."URL_PAGE_CHARACTOR" IS '如果本特征字符串不为空且上面的XPath对应的元素解析出来的值包含该特征字符串，则说明该url是我们想要的页面. ';
 
   COMMENT ON COLUMN "DATACOLLECT"."SITE_URL_PARSE"."URL_PAGE_NOT_CHARACTOR" IS '如果本非特征字符串不为空且上面的XPath对应的元素解析出来的值包含该非特征字符串，则说明该url不是我们想要的页面. ';
REM INSERTING into DATACOLLECT.ACCOUNT
SET DEFINE OFF;
Insert into DATACOLLECT.ACCOUNT (ID,USER_NAME,PASS_WORD,QQ,EMAIL,MOBILE,LOGIN_TIME) values (1,'admin','admin','wewrterererew','fdfdfrerereewd',null,null);
REM INSERTING into DATACOLLECT.ACCOUNT_ACTION
SET DEFINE OFF;
REM INSERTING into DATACOLLECT.ACCOUNT_ROLE_MAP
SET DEFINE OFF;
Insert into DATACOLLECT.ACCOUNT_ROLE_MAP (ACCOUNT_ID,ROLE_ID) values (1,2);
REM INSERTING into DATACOLLECT.DATA_IOS_APP
SET DEFINE OFF;
REM INSERTING into DATACOLLECT.DATA_SEARCH_LOG
SET DEFINE OFF;
REM INSERTING into DATACOLLECT.DATA_SEARCH_LOG_DETAIL
SET DEFINE OFF;
REM INSERTING into DATACOLLECT.DATA_TAO_BAO_JIE
SET DEFINE OFF;
REM INSERTING into DATACOLLECT.DATA_VIDEO
SET DEFINE OFF;
REM INSERTING into DATACOLLECT.DATA_XIU_HAO_CHI
SET DEFINE OFF;
REM INSERTING into DATACOLLECT.DB_SETTING
SET DEFINE OFF;
REM INSERTING into DATACOLLECT.DOWNLOAD_MQ_MESSAGE
SET DEFINE OFF;
Insert into DATACOLLECT.DOWNLOAD_MQ_MESSAGE (ID,USER_ID,SITE_ID,DOWNLOAD_THREAD_TYPE,ACTION,THREAD_TABLE_IDS,THREAD_IDS,SEND_TIME,RECEIVE_TIME,FINISH_TIME,FAIL_REASON,CREATE_THREAD_COUNT) values (6,1,6,4,'DOWNLOAD_THREAD_ACTION_STOP','5','24','1383301675710','1383301676400','1383301676443',' ',1);
Insert into DATACOLLECT.DOWNLOAD_MQ_MESSAGE (ID,USER_ID,SITE_ID,DOWNLOAD_THREAD_TYPE,ACTION,THREAD_TABLE_IDS,THREAD_IDS,SEND_TIME,RECEIVE_TIME,FINISH_TIME,FAIL_REASON,CREATE_THREAD_COUNT) values (7,1,6,2,'DOWNLOAD_THREAD_ACTION_CREATE','8','18','1383301692015','1383301692054','1383301692171',' ',1);
Insert into DATACOLLECT.DOWNLOAD_MQ_MESSAGE (ID,USER_ID,SITE_ID,DOWNLOAD_THREAD_TYPE,ACTION,THREAD_TABLE_IDS,THREAD_IDS,SEND_TIME,RECEIVE_TIME,FINISH_TIME,FAIL_REASON,CREATE_THREAD_COUNT) values (3,1,6,4,'DOWNLOAD_THREAD_ACTION_STOP','2','22','1383301524969','1383301532368','1383301533809',' ',1);
Insert into DATACOLLECT.DOWNLOAD_MQ_MESSAGE (ID,USER_ID,SITE_ID,DOWNLOAD_THREAD_TYPE,ACTION,THREAD_TABLE_IDS,THREAD_IDS,SEND_TIME,RECEIVE_TIME,FINISH_TIME,FAIL_REASON,CREATE_THREAD_COUNT) values (4,1,6,2,'DOWNLOAD_THREAD_ACTION_CREATE','5','24','1383301556879','1383301557623','1383301557789',' ',1);
Insert into DATACOLLECT.DOWNLOAD_MQ_MESSAGE (ID,USER_ID,SITE_ID,DOWNLOAD_THREAD_TYPE,ACTION,THREAD_TABLE_IDS,THREAD_IDS,SEND_TIME,RECEIVE_TIME,FINISH_TIME,FAIL_REASON,CREATE_THREAD_COUNT) values (1,1,6,2,'DOWNLOAD_THREAD_ACTION_CREATE','2','22','1383301343380','1383301347487','1383301347653',' ',1);
Insert into DATACOLLECT.DOWNLOAD_MQ_MESSAGE (ID,USER_ID,SITE_ID,DOWNLOAD_THREAD_TYPE,ACTION,THREAD_TABLE_IDS,THREAD_IDS,SEND_TIME,RECEIVE_TIME,FINISH_TIME,FAIL_REASON,CREATE_THREAD_COUNT) values (9,1,6,4,'DOWNLOAD_THREAD_ACTION_STOP','8','18','1383301832750','1383301833400','1383301833436',' ',1);
Insert into DATACOLLECT.DOWNLOAD_MQ_MESSAGE (ID,USER_ID,SITE_ID,DOWNLOAD_THREAD_TYPE,ACTION,THREAD_TABLE_IDS,THREAD_IDS,SEND_TIME,RECEIVE_TIME,FINISH_TIME,FAIL_REASON,CREATE_THREAD_COUNT) values (10,1,6,2,'DOWNLOAD_THREAD_ACTION_CREATE','11','18','1383301848269','1383301848313','1383301848455',' ',1);
Insert into DATACOLLECT.DOWNLOAD_MQ_MESSAGE (ID,USER_ID,SITE_ID,DOWNLOAD_THREAD_TYPE,ACTION,THREAD_TABLE_IDS,THREAD_IDS,SEND_TIME,RECEIVE_TIME,FINISH_TIME,FAIL_REASON,CREATE_THREAD_COUNT) values (12,1,6,4,'DOWNLOAD_THREAD_ACTION_STOP','11','18','1383301951570','1383301951624',' ',' ',1);
REM INSERTING into DATACOLLECT.DOWNLOAD_SETTING
SET DEFINE OFF;
REM INSERTING into DATACOLLECT.DOWNLOAD_TASK
SET DEFINE OFF;
REM INSERTING into DATACOLLECT.DOWNLOAD_THREAD
SET DEFINE OFF;
Insert into DATACOLLECT.DOWNLOAD_THREAD (ID,USER_ID,THREAD_ID,START_TIME,STOP_TIME,THREAD_TYPE,SITE_ID,WEBDRIVER_EACH_BROWSE_START_TI) values (11,1,'18','1383301848361',' ',2,6,null);
REM INSERTING into DATACOLLECT.DOWNLOAD_THREAD_APPLY_TASK_STA
SET DEFINE OFF;
Insert into DATACOLLECT.DOWNLOAD_THREAD_APPLY_TASK_STA (APPLYING_TASK,APPLY_TIME) values (0,'1383301897124');
REM INSERTING into DATACOLLECT.MENU
SET DEFINE OFF;
Insert into DATACOLLECT.MENU (ID,MENU_NAME,MENU_DESC,MENU_ACTION) values (1,'Web Site','Web Site define.','ACTION_WEB_SITE_CATEGORY_LIST');
Insert into DATACOLLECT.MENU (ID,MENU_NAME,MENU_DESC,MENU_ACTION) values (2,'Template','Template for parse the website page.','ACTION_PARSE_TEMPLATE_CATEGORY_LIST');
Insert into DATACOLLECT.MENU (ID,MENU_NAME,MENU_DESC,MENU_ACTION) values (3,'Role','Role in this system.','ACTION_ROLE_LIST');
Insert into DATACOLLECT.MENU (ID,MENU_NAME,MENU_DESC,MENU_ACTION) values (4,'Menu','Menu in navigation page.','ACTION_MENU_LIST');
Insert into DATACOLLECT.MENU (ID,MENU_NAME,MENU_DESC,MENU_ACTION) values (5,'User','User that will use this system.','ACTION_USER_LIST');
Insert into DATACOLLECT.MENU (ID,MENU_NAME,MENU_DESC,MENU_ACTION) values (6,'Settings','General Settings. Download Thread, etc','ACTION_SHOW_SETTING');
Insert into DATACOLLECT.MENU (ID,MENU_NAME,MENU_DESC,MENU_ACTION) values (7,'Report','Analyze and report.','ACTION_SHOW_ANALYTIC');
Insert into DATACOLLECT.MENU (ID,MENU_NAME,MENU_DESC,MENU_ACTION) values (8,'Data Table','Data table which store parsed out data.','ACTION_DATA_TABLE_LIST');
Insert into DATACOLLECT.MENU (ID,MENU_NAME,MENU_DESC,MENU_ACTION) values (9,'Log Out','User use this link to logout system','ACTION_LOGOUT');
REM INSERTING into DATACOLLECT.PARSE
SET DEFINE OFF;
Insert into DATACOLLECT.PARSE (ID,CATEGORY_ID,PARSE_NAME,PARSE_DESC,SAVE_TO_TABLE) values (22,4,'Sina soft download','Sina soft download',null);
Insert into DATACOLLECT.PARSE (ID,CATEGORY_ID,PARSE_NAME,PARSE_DESC,SAVE_TO_TABLE) values (23,4,'Mac ios app parse template','Mac ios app parse template',null);
Insert into DATACOLLECT.PARSE (ID,CATEGORY_ID,PARSE_NAME,PARSE_DESC,SAVE_TO_TABLE) values (24,6,'淘宝店铺','解析淘宝店铺信息的模版','data_tao_bao_jie');
Insert into DATACOLLECT.PARSE (ID,CATEGORY_ID,PARSE_NAME,PARSE_DESC,SAVE_TO_TABLE) values (27,6,'淘宝各种食品信息(不包括天猫)','解析淘宝里面的美食特产里面的食品信息(不包括天猫)','data_xiu_hao_chi');
Insert into DATACOLLECT.PARSE (ID,CATEGORY_ID,PARSE_NAME,PARSE_DESC,SAVE_TO_TABLE) values (29,6,'淘宝所有品类商品信息(不包括天猫)','解析淘宝所有品类商品信息(不包括天猫)','data_xiu_hao_chi');
Insert into DATACOLLECT.PARSE (ID,CATEGORY_ID,PARSE_NAME,PARSE_DESC,SAVE_TO_TABLE) values (30,6,'天猫各种食品信息(不包括淘宝)','解析天猫里面的美食特产里面的食品信息(不包括淘宝)','data_xiu_hao_chi');
Insert into DATACOLLECT.PARSE (ID,CATEGORY_ID,PARSE_NAME,PARSE_DESC,SAVE_TO_TABLE) values (31,6,'京东商城各种食品信息','解析京东商城里面的美食特产里面的食品信息','data_xiu_hao_chi');
Insert into DATACOLLECT.PARSE (ID,CATEGORY_ID,PARSE_NAME,PARSE_DESC,SAVE_TO_TABLE) values (46,6,'当当网各种食品信息','解析当当网里面的美食特产里面的食品信息','data_xiu_hao_chi');
Insert into DATACOLLECT.PARSE (ID,CATEGORY_ID,PARSE_NAME,PARSE_DESC,SAVE_TO_TABLE) values (47,6,'我买网各种食品信息','解析我买网里面的美食特产里面的食品信息','data_xiu_hao_chi');
Insert into DATACOLLECT.PARSE (ID,CATEGORY_ID,PARSE_NAME,PARSE_DESC,SAVE_TO_TABLE) values (48,7,'优酷网','优酷网解析模板','data_video');
REM INSERTING into DATACOLLECT.PARSE_CATEGORY
SET DEFINE OFF;
Insert into DATACOLLECT.PARSE_CATEGORY (ID,CAT_NAME,CAT_DESC) values (4,'下载网站','下载网站解析模板');
Insert into DATACOLLECT.PARSE_CATEGORY (ID,CAT_NAME,CAT_DESC) values (6,'电子商务网站','电子商务网站解析模板');
Insert into DATACOLLECT.PARSE_CATEGORY (ID,CAT_NAME,CAT_DESC) values (7,'视频网站','视频网站解析模板');
REM INSERTING into DATACOLLECT.PARSE_ITEM
SET DEFINE OFF;
Insert into DATACOLLECT.PARSE_ITEM (ID,PARSE_ID,SAVE_TO_TABLE,SAVE_TO_COLUMN,COLUMN_DESC,CHARACTOR,NOT_CHARACTOR,DEFAULT_VAL,DATA_TYPE,NUMBER_MULTIPLY_BY,DATE_FORMAT,IS_CHECK_REPEAT_COLUMN,IS_URL,SRC_REG_EXP,DEST_REG_EXP,EXEC_JAVASCRIPT,PAGE_URL_AS_VALUE,REG_EXP_ITEM_RELATION,BY_ELE_TYPE,BY_ELE_VAL,BY_TAG_ATTRIBUTE,BY_TAG_ATTRIBUTE_VALUE_PLUS,PARSE_VALUE_REG_EXP,IS_DIRECT_GET_TEXT,USE_THIS_SETTING_URL_CHARACTOR) values (56,24,'data_tao_bao_jie','tmall_fa_piao','天猫提供发票的文字',null,null,null,'DATA_TYPE_STRING',null,null,0,0,null,null,null,0,0,'XPath','//*[@id=shop-rate-box]/div[1]/div[2]/div[2]/div[2]/div[1]/div[1]/div[2]/a[2]','title',null,null,0,null);
Insert into DATACOLLECT.PARSE_ITEM (ID,PARSE_ID,SAVE_TO_TABLE,SAVE_TO_COLUMN,COLUMN_DESC,CHARACTOR,NOT_CHARACTOR,DEFAULT_VAL,DATA_TYPE,NUMBER_MULTIPLY_BY,DATE_FORMAT,IS_CHECK_REPEAT_COLUMN,IS_URL,SRC_REG_EXP,DEST_REG_EXP,EXEC_JAVASCRIPT,PAGE_URL_AS_VALUE,REG_EXP_ITEM_RELATION,BY_ELE_TYPE,BY_ELE_VAL,BY_TAG_ATTRIBUTE,BY_TAG_ATTRIBUTE_VALUE_PLUS,PARSE_VALUE_REG_EXP,IS_DIRECT_GET_TEXT,USE_THIS_SETTING_URL_CHARACTOR) values (57,24,'data_tao_bao_jie','seller_bao_zheng_jin','商家保证金数量',null,null,null,'DATA_TYPE_STRING',null,null,0,0,null,null,null,0,0,'XPath','//*[@id=shop-rate-box]/div[1]/div[2]/div[2]/div[2]/div[1]/div[2]/span',null,null,null,1,null);
Insert into DATACOLLECT.PARSE_ITEM (ID,PARSE_ID,SAVE_TO_TABLE,SAVE_TO_COLUMN,COLUMN_DESC,CHARACTOR,NOT_CHARACTOR,DEFAULT_VAL,DATA_TYPE,NUMBER_MULTIPLY_BY,DATE_FORMAT,IS_CHECK_REPEAT_COLUMN,IS_URL,SRC_REG_EXP,DEST_REG_EXP,EXEC_JAVASCRIPT,PAGE_URL_AS_VALUE,REG_EXP_ITEM_RELATION,BY_ELE_TYPE,BY_ELE_VAL,BY_TAG_ATTRIBUTE,BY_TAG_ATTRIBUTE_VALUE_PLUS,PARSE_VALUE_REG_EXP,IS_DIRECT_GET_TEXT,USE_THIS_SETTING_URL_CHARACTOR) values (58,24,'data_tao_bao_jie','shop_ren_zheng_zhifu_bao_ge_ren','店铺经营资质，支付宝个人认证文字','个人认证',null,null,'DATA_TYPE_STRING',null,null,0,0,null,null,null,0,0,'XPath','//*[@id=shop-info]/div[3]/div[3]/ul/li[2]/a/img;//*[@id=shop-rate-box]/div[1]/div[2]/div/div[2]/div[1]/dl/dd[3]/a/img;//*[@id=shop-rate-box]/div[1]/div[2]/div[3]/div[2]/div/ul/li/a/img','title',null,null,0,null);
Insert into DATACOLLECT.PARSE_ITEM (ID,PARSE_ID,SAVE_TO_TABLE,SAVE_TO_COLUMN,COLUMN_DESC,CHARACTOR,NOT_CHARACTOR,DEFAULT_VAL,DATA_TYPE,NUMBER_MULTIPLY_BY,DATE_FORMAT,IS_CHECK_REPEAT_COLUMN,IS_URL,SRC_REG_EXP,DEST_REG_EXP,EXEC_JAVASCRIPT,PAGE_URL_AS_VALUE,REG_EXP_ITEM_RELATION,BY_ELE_TYPE,BY_ELE_VAL,BY_TAG_ATTRIBUTE,BY_TAG_ATTRIBUTE_VALUE_PLUS,PARSE_VALUE_REG_EXP,IS_DIRECT_GET_TEXT,USE_THIS_SETTING_URL_CHARACTOR) values (59,24,'data_tao_bao_jie','shop_ren_zheng_zhifu_bao_qi_ye','店铺经营资质，支付宝企业认证文字','企业认证',null,null,'DATA_TYPE_STRING',null,null,0,0,null,null,null,0,0,'XPath','//*[@id=shop-info]/div[3]/div[3]/ul/li[2]/a/img;//*[@id=shop-rate-box]/div[1]/div[2]/div[3]/div[2]/div/ul/li[1]/a/img','alt',null,null,0,null);
Insert into DATACOLLECT.PARSE_ITEM (ID,PARSE_ID,SAVE_TO_TABLE,SAVE_TO_COLUMN,COLUMN_DESC,CHARACTOR,NOT_CHARACTOR,DEFAULT_VAL,DATA_TYPE,NUMBER_MULTIPLY_BY,DATE_FORMAT,IS_CHECK_REPEAT_COLUMN,IS_URL,SRC_REG_EXP,DEST_REG_EXP,EXEC_JAVASCRIPT,PAGE_URL_AS_VALUE,REG_EXP_ITEM_RELATION,BY_ELE_TYPE,BY_ELE_VAL,BY_TAG_ATTRIBUTE,BY_TAG_ATTRIBUTE_VALUE_PLUS,PARSE_VALUE_REG_EXP,IS_DIRECT_GET_TEXT,USE_THIS_SETTING_URL_CHARACTOR) values (60,24,'data_tao_bao_jie','shop_ren_zheng_qi_ye_zhi_zhao_url','店铺经营资质，支付宝企业认证营业执照链接地址',null,null,null,'DATA_TYPE_STRING',null,null,0,0,null,null,null,0,0,'Id','J_ShowLicence','href',null,null,0,null);
Insert into DATACOLLECT.PARSE_ITEM (ID,PARSE_ID,SAVE_TO_TABLE,SAVE_TO_COLUMN,COLUMN_DESC,CHARACTOR,NOT_CHARACTOR,DEFAULT_VAL,DATA_TYPE,NUMBER_MULTIPLY_BY,DATE_FORMAT,IS_CHECK_REPEAT_COLUMN,IS_URL,SRC_REG_EXP,DEST_REG_EXP,EXEC_JAVASCRIPT,PAGE_URL_AS_VALUE,REG_EXP_ITEM_RELATION,BY_ELE_TYPE,BY_ELE_VAL,BY_TAG_ATTRIBUTE,BY_TAG_ATTRIBUTE_VALUE_PLUS,PARSE_VALUE_REG_EXP,IS_DIRECT_GET_TEXT,USE_THIS_SETTING_URL_CHARACTOR) values (61,24,'data_tao_bao_jie','product_desc_match_score','宝贝与描述相符得分',null,null,null,'DATA_TYPE_STRING',null,null,0,0,null,null,null,0,0,'XPath','//*[@id=dsr]/li[1]/div[1]/em[1]','title',null,null,0,null);
Insert into DATACOLLECT.PARSE_ITEM (ID,PARSE_ID,SAVE_TO_TABLE,SAVE_TO_COLUMN,COLUMN_DESC,CHARACTOR,NOT_CHARACTOR,DEFAULT_VAL,DATA_TYPE,NUMBER_MULTIPLY_BY,DATE_FORMAT,IS_CHECK_REPEAT_COLUMN,IS_URL,SRC_REG_EXP,DEST_REG_EXP,EXEC_JAVASCRIPT,PAGE_URL_AS_VALUE,REG_EXP_ITEM_RELATION,BY_ELE_TYPE,BY_ELE_VAL,BY_TAG_ATTRIBUTE,BY_TAG_ATTRIBUTE_VALUE_PLUS,PARSE_VALUE_REG_EXP,IS_DIRECT_GET_TEXT,USE_THIS_SETTING_URL_CHARACTOR) values (62,24,'data_tao_bao_jie','avg_drawback_speed','商家平均退款速度','平均退款速度：',null,null,'DATA_TYPE_STRING',null,null,0,0,null,null,null,0,0,'XPath','//*[@id=halfmonth]/div[1]/div[2]/div[1]',null,null,null,1,null);
Insert into DATACOLLECT.PARSE_ITEM (ID,PARSE_ID,SAVE_TO_TABLE,SAVE_TO_COLUMN,COLUMN_DESC,CHARACTOR,NOT_CHARACTOR,DEFAULT_VAL,DATA_TYPE,NUMBER_MULTIPLY_BY,DATE_FORMAT,IS_CHECK_REPEAT_COLUMN,IS_URL,SRC_REG_EXP,DEST_REG_EXP,EXEC_JAVASCRIPT,PAGE_URL_AS_VALUE,REG_EXP_ITEM_RELATION,BY_ELE_TYPE,BY_ELE_VAL,BY_TAG_ATTRIBUTE,BY_TAG_ATTRIBUTE_VALUE_PLUS,PARSE_VALUE_REG_EXP,IS_DIRECT_GET_TEXT,USE_THIS_SETTING_URL_CHARACTOR) values (63,24,'data_tao_bao_jie','complaint_count_30_after_sale','因售后问题投诉数',null,null,null,'DATA_TYPE_STRING',null,null,0,0,null,null,null,0,0,'XPath','//*[@id=halfmonth]/div[2]/div[3]/div[2]/div[2]/ul/li[1]/span',null,null,null,1,null);
Insert into DATACOLLECT.PARSE_ITEM (ID,PARSE_ID,SAVE_TO_TABLE,SAVE_TO_COLUMN,COLUMN_DESC,CHARACTOR,NOT_CHARACTOR,DEFAULT_VAL,DATA_TYPE,NUMBER_MULTIPLY_BY,DATE_FORMAT,IS_CHECK_REPEAT_COLUMN,IS_URL,SRC_REG_EXP,DEST_REG_EXP,EXEC_JAVASCRIPT,PAGE_URL_AS_VALUE,REG_EXP_ITEM_RELATION,BY_ELE_TYPE,BY_ELE_VAL,BY_TAG_ATTRIBUTE,BY_TAG_ATTRIBUTE_VALUE_PLUS,PARSE_VALUE_REG_EXP,IS_DIRECT_GET_TEXT,USE_THIS_SETTING_URL_CHARACTOR) values (64,24,'data_tao_bao_jie','complaint_count_30_total','近30天投诉总数',null,null,null,'DATA_TYPE_STRING',null,null,0,0,null,null,null,0,0,'XPath','//*[@id=halfmonth]/div[2]/div[3]/div[2]/div[1]/span',null,null,null,1,null);
Insert into DATACOLLECT.PARSE_ITEM (ID,PARSE_ID,SAVE_TO_TABLE,SAVE_TO_COLUMN,COLUMN_DESC,CHARACTOR,NOT_CHARACTOR,DEFAULT_VAL,DATA_TYPE,NUMBER_MULTIPLY_BY,DATE_FORMAT,IS_CHECK_REPEAT_COLUMN,IS_URL,SRC_REG_EXP,DEST_REG_EXP,EXEC_JAVASCRIPT,PAGE_URL_AS_VALUE,REG_EXP_ITEM_RELATION,BY_ELE_TYPE,BY_ELE_VAL,BY_TAG_ATTRIBUTE,BY_TAG_ATTRIBUTE_VALUE_PLUS,PARSE_VALUE_REG_EXP,IS_DIRECT_GET_TEXT,USE_THIS_SETTING_URL_CHARACTOR) values (65,24,'data_tao_bao_jie','complaint_count_30_wei_gui','近30天因行为违规投诉数',null,null,null,'DATA_TYPE_STRING',null,null,0,0,null,null,null,0,0,'XPath','//*[@id=halfmonth]/div[2]/div[3]/div[2]/div[2]/ul/li[2]/span',null,null,null,1,null);
Insert into DATACOLLECT.PARSE_ITEM (ID,PARSE_ID,SAVE_TO_TABLE,SAVE_TO_COLUMN,COLUMN_DESC,CHARACTOR,NOT_CHARACTOR,DEFAULT_VAL,DATA_TYPE,NUMBER_MULTIPLY_BY,DATE_FORMAT,IS_CHECK_REPEAT_COLUMN,IS_URL,SRC_REG_EXP,DEST_REG_EXP,EXEC_JAVASCRIPT,PAGE_URL_AS_VALUE,REG_EXP_ITEM_RELATION,BY_ELE_TYPE,BY_ELE_VAL,BY_TAG_ATTRIBUTE,BY_TAG_ATTRIBUTE_VALUE_PLUS,PARSE_VALUE_REG_EXP,IS_DIRECT_GET_TEXT,USE_THIS_SETTING_URL_CHARACTOR) values (66,24,'data_tao_bao_jie','complaint_percentage_30','近30天投诉率',null,null,null,'DATA_TYPE_STRING',null,null,0,0,null,null,null,0,0,'XPath','//*[@id=halfmonth]/div[1]/div[2]/div[3]/span[2]',null,null,null,1,null);
Insert into DATACOLLECT.PARSE_ITEM (ID,PARSE_ID,SAVE_TO_TABLE,SAVE_TO_COLUMN,COLUMN_DESC,CHARACTOR,NOT_CHARACTOR,DEFAULT_VAL,DATA_TYPE,NUMBER_MULTIPLY_BY,DATE_FORMAT,IS_CHECK_REPEAT_COLUMN,IS_URL,SRC_REG_EXP,DEST_REG_EXP,EXEC_JAVASCRIPT,PAGE_URL_AS_VALUE,REG_EXP_ITEM_RELATION,BY_ELE_TYPE,BY_ELE_VAL,BY_TAG_ATTRIBUTE,BY_TAG_ATTRIBUTE_VALUE_PLUS,PARSE_VALUE_REG_EXP,IS_DIRECT_GET_TEXT,USE_THIS_SETTING_URL_CHARACTOR) values (67,24,'data_tao_bao_jie','drawback_count_30_not_recive','近30天因未收到货退款次数',null,null,null,'DATA_TYPE_STRING',null,null,0,0,null,null,null,0,0,'XPath','//*[@id=halfmonth]/div[2]/div[2]/div[2]/div[2]/ul/li[2]/span',null,null,null,1,null);
Insert into DATACOLLECT.PARSE_ITEM (ID,PARSE_ID,SAVE_TO_TABLE,SAVE_TO_COLUMN,COLUMN_DESC,CHARACTOR,NOT_CHARACTOR,DEFAULT_VAL,DATA_TYPE,NUMBER_MULTIPLY_BY,DATE_FORMAT,IS_CHECK_REPEAT_COLUMN,IS_URL,SRC_REG_EXP,DEST_REG_EXP,EXEC_JAVASCRIPT,PAGE_URL_AS_VALUE,REG_EXP_ITEM_RELATION,BY_ELE_TYPE,BY_ELE_VAL,BY_TAG_ATTRIBUTE,BY_TAG_ATTRIBUTE_VALUE_PLUS,PARSE_VALUE_REG_EXP,IS_DIRECT_GET_TEXT,USE_THIS_SETTING_URL_CHARACTOR) values (68,24,'data_tao_bao_jie','drawback_count_30_no_reason','近30天因买家无理由退款次数',null,null,null,'DATA_TYPE_STRING',null,null,0,0,null,null,null,0,0,'XPath','//*[@id=halfmonth]/div[2]/div[2]/div[2]/div[2]/ul/li[3]/span',null,null,null,1,null);
Insert into DATACOLLECT.PARSE_ITEM (ID,PARSE_ID,SAVE_TO_TABLE,SAVE_TO_COLUMN,COLUMN_DESC,CHARACTOR,NOT_CHARACTOR,DEFAULT_VAL,DATA_TYPE,NUMBER_MULTIPLY_BY,DATE_FORMAT,IS_CHECK_REPEAT_COLUMN,IS_URL,SRC_REG_EXP,DEST_REG_EXP,EXEC_JAVASCRIPT,PAGE_URL_AS_VALUE,REG_EXP_ITEM_RELATION,BY_ELE_TYPE,BY_ELE_VAL,BY_TAG_ATTRIBUTE,BY_TAG_ATTRIBUTE_VALUE_PLUS,PARSE_VALUE_REG_EXP,IS_DIRECT_GET_TEXT,USE_THIS_SETTING_URL_CHARACTOR) values (69,24,'data_tao_bao_jie','drawback_count_30_quality','近30天因商品质量问题退款次数',null,null,null,'DATA_TYPE_STRING',null,null,0,0,null,null,null,0,0,'XPath','//*[@id=halfmonth]/div[2]/div[2]/div[2]/div[2]/ul/li[1]/span',null,null,null,1,null);
Insert into DATACOLLECT.PARSE_ITEM (ID,PARSE_ID,SAVE_TO_TABLE,SAVE_TO_COLUMN,COLUMN_DESC,CHARACTOR,NOT_CHARACTOR,DEFAULT_VAL,DATA_TYPE,NUMBER_MULTIPLY_BY,DATE_FORMAT,IS_CHECK_REPEAT_COLUMN,IS_URL,SRC_REG_EXP,DEST_REG_EXP,EXEC_JAVASCRIPT,PAGE_URL_AS_VALUE,REG_EXP_ITEM_RELATION,BY_ELE_TYPE,BY_ELE_VAL,BY_TAG_ATTRIBUTE,BY_TAG_ATTRIBUTE_VALUE_PLUS,PARSE_VALUE_REG_EXP,IS_DIRECT_GET_TEXT,USE_THIS_SETTING_URL_CHARACTOR) values (70,24,'data_tao_bao_jie','drawback_count_30_total','近30天退款总次数',null,null,null,'DATA_TYPE_STRING',null,null,0,0,null,null,null,0,0,'XPath','//*[@id=halfmonth]/div[2]/div[2]/div[2]/div[1]/span',null,null,null,1,null);
Insert into DATACOLLECT.PARSE_ITEM (ID,PARSE_ID,SAVE_TO_TABLE,SAVE_TO_COLUMN,COLUMN_DESC,CHARACTOR,NOT_CHARACTOR,DEFAULT_VAL,DATA_TYPE,NUMBER_MULTIPLY_BY,DATE_FORMAT,IS_CHECK_REPEAT_COLUMN,IS_URL,SRC_REG_EXP,DEST_REG_EXP,EXEC_JAVASCRIPT,PAGE_URL_AS_VALUE,REG_EXP_ITEM_RELATION,BY_ELE_TYPE,BY_ELE_VAL,BY_TAG_ATTRIBUTE,BY_TAG_ATTRIBUTE_VALUE_PLUS,PARSE_VALUE_REG_EXP,IS_DIRECT_GET_TEXT,USE_THIS_SETTING_URL_CHARACTOR) values (71,24,'data_tao_bao_jie','product_desc_compare_average','商品描述得分与行业平均水平比较，''高于'': 高于行业平均值，''持平''：等于行业平均值，''低于''：低于行业平均值',null,null,null,'DATA_TYPE_STRING',null,null,0,0,null,null,null,0,0,'XPath','//*[@id=dsr]/li[2]/div[1]/em[2]/strong','class',null,null,0,null);
Insert into DATACOLLECT.PARSE_ITEM (ID,PARSE_ID,SAVE_TO_TABLE,SAVE_TO_COLUMN,COLUMN_DESC,CHARACTOR,NOT_CHARACTOR,DEFAULT_VAL,DATA_TYPE,NUMBER_MULTIPLY_BY,DATE_FORMAT,IS_CHECK_REPEAT_COLUMN,IS_URL,SRC_REG_EXP,DEST_REG_EXP,EXEC_JAVASCRIPT,PAGE_URL_AS_VALUE,REG_EXP_ITEM_RELATION,BY_ELE_TYPE,BY_ELE_VAL,BY_TAG_ATTRIBUTE,BY_TAG_ATTRIBUTE_VALUE_PLUS,PARSE_VALUE_REG_EXP,IS_DIRECT_GET_TEXT,USE_THIS_SETTING_URL_CHARACTOR) values (72,24,'data_tao_bao_jie','product_desc_match_score_percentage','商品描述得分与行业平均得分值的百分比',null,null,null,'DATA_TYPE_STRING',null,null,0,0,null,null,null,0,0,'XPath','//*[@id=dsr]/li[1]/div[1]/em[2]/strong',null,null,null,1,null);
Insert into DATACOLLECT.PARSE_ITEM (ID,PARSE_ID,SAVE_TO_TABLE,SAVE_TO_COLUMN,COLUMN_DESC,CHARACTOR,NOT_CHARACTOR,DEFAULT_VAL,DATA_TYPE,NUMBER_MULTIPLY_BY,DATE_FORMAT,IS_CHECK_REPEAT_COLUMN,IS_URL,SRC_REG_EXP,DEST_REG_EXP,EXEC_JAVASCRIPT,PAGE_URL_AS_VALUE,REG_EXP_ITEM_RELATION,BY_ELE_TYPE,BY_ELE_VAL,BY_TAG_ATTRIBUTE,BY_TAG_ATTRIBUTE_VALUE_PLUS,PARSE_VALUE_REG_EXP,IS_DIRECT_GET_TEXT,USE_THIS_SETTING_URL_CHARACTOR) values (73,24,'data_tao_bao_jie','product_desc_voter_number','商品描述投票人数',null,null,null,'DATA_TYPE_STRING',null,null,0,0,null,null,null,0,0,'XPath','//*[@id=dsr]/li[1]/div[2]/div/div[1]/span[2]',null,null,null,1,null);
Insert into DATACOLLECT.PARSE_ITEM (ID,PARSE_ID,SAVE_TO_TABLE,SAVE_TO_COLUMN,COLUMN_DESC,CHARACTOR,NOT_CHARACTOR,DEFAULT_VAL,DATA_TYPE,NUMBER_MULTIPLY_BY,DATE_FORMAT,IS_CHECK_REPEAT_COLUMN,IS_URL,SRC_REG_EXP,DEST_REG_EXP,EXEC_JAVASCRIPT,PAGE_URL_AS_VALUE,REG_EXP_ITEM_RELATION,BY_ELE_TYPE,BY_ELE_VAL,BY_TAG_ATTRIBUTE,BY_TAG_ATTRIBUTE_VALUE_PLUS,PARSE_VALUE_REG_EXP,IS_DIRECT_GET_TEXT,USE_THIS_SETTING_URL_CHARACTOR) values (74,24,'data_tao_bao_jie','punish_count_30','近30天处罚数',null,null,null,'DATA_TYPE_STRING',null,null,0,0,null,null,null,0,0,'XPath','//*[@id=halfmonth]/div[1]/div[2]/div[4]',null,null,null,1,null);
Insert into DATACOLLECT.PARSE_ITEM (ID,PARSE_ID,SAVE_TO_TABLE,SAVE_TO_COLUMN,COLUMN_DESC,CHARACTOR,NOT_CHARACTOR,DEFAULT_VAL,DATA_TYPE,NUMBER_MULTIPLY_BY,DATE_FORMAT,IS_CHECK_REPEAT_COLUMN,IS_URL,SRC_REG_EXP,DEST_REG_EXP,EXEC_JAVASCRIPT,PAGE_URL_AS_VALUE,REG_EXP_ITEM_RELATION,BY_ELE_TYPE,BY_ELE_VAL,BY_TAG_ATTRIBUTE,BY_TAG_ATTRIBUTE_VALUE_PLUS,PARSE_VALUE_REG_EXP,IS_DIRECT_GET_TEXT,USE_THIS_SETTING_URL_CHARACTOR) values (75,24,'data_tao_bao_jie','punish_count_30_patent','近30天因侵犯知识产权处罚数',null,null,null,'DATA_TYPE_STRING',null,null,0,0,null,null,null,0,0,'XPath','//*[@id=halfmonth]/div[2]/div[4]/div[2]/div[2]/ul/li[2]/span',null,null,null,1,null);
Insert into DATACOLLECT.PARSE_ITEM (ID,PARSE_ID,SAVE_TO_TABLE,SAVE_TO_COLUMN,COLUMN_DESC,CHARACTOR,NOT_CHARACTOR,DEFAULT_VAL,DATA_TYPE,NUMBER_MULTIPLY_BY,DATE_FORMAT,IS_CHECK_REPEAT_COLUMN,IS_URL,SRC_REG_EXP,DEST_REG_EXP,EXEC_JAVASCRIPT,PAGE_URL_AS_VALUE,REG_EXP_ITEM_RELATION,BY_ELE_TYPE,BY_ELE_VAL,BY_TAG_ATTRIBUTE,BY_TAG_ATTRIBUTE_VALUE_PLUS,PARSE_VALUE_REG_EXP,IS_DIRECT_GET_TEXT,USE_THIS_SETTING_URL_CHARACTOR) values (76,24,'data_tao_bao_jie','punish_count_30_unallow','近30天因发布违禁信息处罚数',null,null,null,'DATA_TYPE_STRING',null,null,0,0,null,null,null,0,0,'XPath','//*[@id=halfmonth]/div[2]/div[4]/div[2]/div[2]/ul/li[3]/span',null,null,null,1,null);
Insert into DATACOLLECT.PARSE_ITEM (ID,PARSE_ID,SAVE_TO_TABLE,SAVE_TO_COLUMN,COLUMN_DESC,CHARACTOR,NOT_CHARACTOR,DEFAULT_VAL,DATA_TYPE,NUMBER_MULTIPLY_BY,DATE_FORMAT,IS_CHECK_REPEAT_COLUMN,IS_URL,SRC_REG_EXP,DEST_REG_EXP,EXEC_JAVASCRIPT,PAGE_URL_AS_VALUE,REG_EXP_ITEM_RELATION,BY_ELE_TYPE,BY_ELE_VAL,BY_TAG_ATTRIBUTE,BY_TAG_ATTRIBUTE_VALUE_PLUS,PARSE_VALUE_REG_EXP,IS_DIRECT_GET_TEXT,USE_THIS_SETTING_URL_CHARACTOR) values (77,24,'data_tao_bao_jie','punish_count_30_untrue','近30天因虚假交易处罚数',null,null,null,'DATA_TYPE_STRING',null,null,0,0,null,null,null,0,0,'XPath','//*[@id=halfmonth]/div[2]/div[4]/div[2]/div[2]/ul/li[1]/span',null,null,null,1,null);
Insert into DATACOLLECT.PARSE_ITEM (ID,PARSE_ID,SAVE_TO_TABLE,SAVE_TO_COLUMN,COLUMN_DESC,CHARACTOR,NOT_CHARACTOR,DEFAULT_VAL,DATA_TYPE,NUMBER_MULTIPLY_BY,DATE_FORMAT,IS_CHECK_REPEAT_COLUMN,IS_URL,SRC_REG_EXP,DEST_REG_EXP,EXEC_JAVASCRIPT,PAGE_URL_AS_VALUE,REG_EXP_ITEM_RELATION,BY_ELE_TYPE,BY_ELE_VAL,BY_TAG_ATTRIBUTE,BY_TAG_ATTRIBUTE_VALUE_PLUS,PARSE_VALUE_REG_EXP,IS_DIRECT_GET_TEXT,USE_THIS_SETTING_URL_CHARACTOR) values (78,24,'data_tao_bao_jie','seller_good_evaluation_percentage','卖家好评率',null,null,null,'DATA_TYPE_STRING',null,null,0,0,null,null,null,0,0,'XPath','//*[@id=shop-rate-box]/div[1]/div[1]/div/div[3]/div[1]/div[1]/h4/em',null,null,null,1,null);
Insert into DATACOLLECT.PARSE_ITEM (ID,PARSE_ID,SAVE_TO_TABLE,SAVE_TO_COLUMN,COLUMN_DESC,CHARACTOR,NOT_CHARACTOR,DEFAULT_VAL,DATA_TYPE,NUMBER_MULTIPLY_BY,DATE_FORMAT,IS_CHECK_REPEAT_COLUMN,IS_URL,SRC_REG_EXP,DEST_REG_EXP,EXEC_JAVASCRIPT,PAGE_URL_AS_VALUE,REG_EXP_ITEM_RELATION,BY_ELE_TYPE,BY_ELE_VAL,BY_TAG_ATTRIBUTE,BY_TAG_ATTRIBUTE_VALUE_PLUS,PARSE_VALUE_REG_EXP,IS_DIRECT_GET_TEXT,USE_THIS_SETTING_URL_CHARACTOR) values (79,24,'data_tao_bao_jie','seller_service_compare_average','卖家服务态度得分与行业平均水平比较，''高于'': 高于行业平均值，''持平''：等于行业平均值，''低于''：低于行业平均值',null,null,null,'DATA_TYPE_STRING',null,null,0,0,null,null,null,0,0,'XPath','//*[@id=dsr]/li[2]/div[1]/em[2]/strong','class',null,null,0,null);
Insert into DATACOLLECT.PARSE_ITEM (ID,PARSE_ID,SAVE_TO_TABLE,SAVE_TO_COLUMN,COLUMN_DESC,CHARACTOR,NOT_CHARACTOR,DEFAULT_VAL,DATA_TYPE,NUMBER_MULTIPLY_BY,DATE_FORMAT,IS_CHECK_REPEAT_COLUMN,IS_URL,SRC_REG_EXP,DEST_REG_EXP,EXEC_JAVASCRIPT,PAGE_URL_AS_VALUE,REG_EXP_ITEM_RELATION,BY_ELE_TYPE,BY_ELE_VAL,BY_TAG_ATTRIBUTE,BY_TAG_ATTRIBUTE_VALUE_PLUS,PARSE_VALUE_REG_EXP,IS_DIRECT_GET_TEXT,USE_THIS_SETTING_URL_CHARACTOR) values (80,24,'data_tao_bao_jie','seller_service_score','卖家服务态度得分',null,null,null,'DATA_TYPE_STRING',null,null,0,0,null,null,null,0,0,'XPath','//*[@id=dsr]/li[2]/div[1]/em[1]','title',null,null,0,null);
Insert into DATACOLLECT.PARSE_ITEM (ID,PARSE_ID,SAVE_TO_TABLE,SAVE_TO_COLUMN,COLUMN_DESC,CHARACTOR,NOT_CHARACTOR,DEFAULT_VAL,DATA_TYPE,NUMBER_MULTIPLY_BY,DATE_FORMAT,IS_CHECK_REPEAT_COLUMN,IS_URL,SRC_REG_EXP,DEST_REG_EXP,EXEC_JAVASCRIPT,PAGE_URL_AS_VALUE,REG_EXP_ITEM_RELATION,BY_ELE_TYPE,BY_ELE_VAL,BY_TAG_ATTRIBUTE,BY_TAG_ATTRIBUTE_VALUE_PLUS,PARSE_VALUE_REG_EXP,IS_DIRECT_GET_TEXT,USE_THIS_SETTING_URL_CHARACTOR) values (81,24,'data_tao_bao_jie','seller_service_score_percentage','卖家服务态度得分与行业平均得分值的百分比',null,null,null,'DATA_TYPE_STRING',null,null,0,0,null,null,null,0,0,'XPath','//*[@id=dsr]/li[2]/div[1]/em[2]/strong',null,null,null,1,null);
Insert into DATACOLLECT.PARSE_ITEM (ID,PARSE_ID,SAVE_TO_TABLE,SAVE_TO_COLUMN,COLUMN_DESC,CHARACTOR,NOT_CHARACTOR,DEFAULT_VAL,DATA_TYPE,NUMBER_MULTIPLY_BY,DATE_FORMAT,IS_CHECK_REPEAT_COLUMN,IS_URL,SRC_REG_EXP,DEST_REG_EXP,EXEC_JAVASCRIPT,PAGE_URL_AS_VALUE,REG_EXP_ITEM_RELATION,BY_ELE_TYPE,BY_ELE_VAL,BY_TAG_ATTRIBUTE,BY_TAG_ATTRIBUTE_VALUE_PLUS,PARSE_VALUE_REG_EXP,IS_DIRECT_GET_TEXT,USE_THIS_SETTING_URL_CHARACTOR) values (82,24,'data_tao_bao_jie','seller_service_voter_number','卖家服务态度投票人数',null,null,null,'DATA_TYPE_STRING',null,null,0,0,null,null,null,0,0,'XPath','//*[@id=dsr]/li[2]/div[2]/div/div[1]/span[2]',null,null,null,1,null);
Insert into DATACOLLECT.PARSE_ITEM (ID,PARSE_ID,SAVE_TO_TABLE,SAVE_TO_COLUMN,COLUMN_DESC,CHARACTOR,NOT_CHARACTOR,DEFAULT_VAL,DATA_TYPE,NUMBER_MULTIPLY_BY,DATE_FORMAT,IS_CHECK_REPEAT_COLUMN,IS_URL,SRC_REG_EXP,DEST_REG_EXP,EXEC_JAVASCRIPT,PAGE_URL_AS_VALUE,REG_EXP_ITEM_RELATION,BY_ELE_TYPE,BY_ELE_VAL,BY_TAG_ATTRIBUTE,BY_TAG_ATTRIBUTE_VALUE_PLUS,PARSE_VALUE_REG_EXP,IS_DIRECT_GET_TEXT,USE_THIS_SETTING_URL_CHARACTOR) values (83,24,'data_tao_bao_jie','shop_logo_pic_url','shop logo 图片地址 url',null,null,null,'DATA_TYPE_STRING',null,null,0,0,null,null,null,0,0,'XPath','//*[@id=shop-logo]/p/a/img','src',null,null,0,null);
Insert into DATACOLLECT.PARSE_ITEM (ID,PARSE_ID,SAVE_TO_TABLE,SAVE_TO_COLUMN,COLUMN_DESC,CHARACTOR,NOT_CHARACTOR,DEFAULT_VAL,DATA_TYPE,NUMBER_MULTIPLY_BY,DATE_FORMAT,IS_CHECK_REPEAT_COLUMN,IS_URL,SRC_REG_EXP,DEST_REG_EXP,EXEC_JAVASCRIPT,PAGE_URL_AS_VALUE,REG_EXP_ITEM_RELATION,BY_ELE_TYPE,BY_ELE_VAL,BY_TAG_ATTRIBUTE,BY_TAG_ATTRIBUTE_VALUE_PLUS,PARSE_VALUE_REG_EXP,IS_DIRECT_GET_TEXT,USE_THIS_SETTING_URL_CHARACTOR) values (84,24,'data_tao_bao_jie','shop_shou_cang_ren_qi','店铺收藏人气',null,null,null,'DATA_TYPE_STRING',null,null,0,0,null,null,null,0,0,'Id','J_SCollCount',null,null,null,1,null);
Insert into DATACOLLECT.PARSE_ITEM (ID,PARSE_ID,SAVE_TO_TABLE,SAVE_TO_COLUMN,COLUMN_DESC,CHARACTOR,NOT_CHARACTOR,DEFAULT_VAL,DATA_TYPE,NUMBER_MULTIPLY_BY,DATE_FORMAT,IS_CHECK_REPEAT_COLUMN,IS_URL,SRC_REG_EXP,DEST_REG_EXP,EXEC_JAVASCRIPT,PAGE_URL_AS_VALUE,REG_EXP_ITEM_RELATION,BY_ELE_TYPE,BY_ELE_VAL,BY_TAG_ATTRIBUTE,BY_TAG_ATTRIBUTE_VALUE_PLUS,PARSE_VALUE_REG_EXP,IS_DIRECT_GET_TEXT,USE_THIS_SETTING_URL_CHARACTOR) values (85,24,'data_tao_bao_jie','shop_taobao_url','店铺淘宝链接地址',null,null,null,'DATA_TYPE_STRING',null,null,1,0,null,null,null,0,0,'XPath','//*[@id=shop-rate-box]/div[1]/div[2]/div[1]/div[2]/div/div[2]/a;//*[@id=shop-rate-box]/div[1]/div[2]/div[1]/div[2]/div[1]/div/a;//*[@id=header-content]/div[1]/div[1]/a[1];//*[@id=shop-info]/div[1]/a','href',null,null,0,null);
Insert into DATACOLLECT.PARSE_ITEM (ID,PARSE_ID,SAVE_TO_TABLE,SAVE_TO_COLUMN,COLUMN_DESC,CHARACTOR,NOT_CHARACTOR,DEFAULT_VAL,DATA_TYPE,NUMBER_MULTIPLY_BY,DATE_FORMAT,IS_CHECK_REPEAT_COLUMN,IS_URL,SRC_REG_EXP,DEST_REG_EXP,EXEC_JAVASCRIPT,PAGE_URL_AS_VALUE,REG_EXP_ITEM_RELATION,BY_ELE_TYPE,BY_ELE_VAL,BY_TAG_ATTRIBUTE,BY_TAG_ATTRIBUTE_VALUE_PLUS,PARSE_VALUE_REG_EXP,IS_DIRECT_GET_TEXT,USE_THIS_SETTING_URL_CHARACTOR) values (86,24,'data_tao_bao_jie','shop_can_use_credit_card','店铺可以使用信用卡支付的文字',null,null,null,'DATA_TYPE_STRING',null,null,0,0,null,null,null,0,0,'XPath','//*[@id=shop-info]/div[3]/div[3]/ul/li[1]/a/img','title',null,null,0,null);
Insert into DATACOLLECT.PARSE_ITEM (ID,PARSE_ID,SAVE_TO_TABLE,SAVE_TO_COLUMN,COLUMN_DESC,CHARACTOR,NOT_CHARACTOR,DEFAULT_VAL,DATA_TYPE,NUMBER_MULTIPLY_BY,DATE_FORMAT,IS_CHECK_REPEAT_COLUMN,IS_URL,SRC_REG_EXP,DEST_REG_EXP,EXEC_JAVASCRIPT,PAGE_URL_AS_VALUE,REG_EXP_ITEM_RELATION,BY_ELE_TYPE,BY_ELE_VAL,BY_TAG_ATTRIBUTE,BY_TAG_ATTRIBUTE_VALUE_PLUS,PARSE_VALUE_REG_EXP,IS_DIRECT_GET_TEXT,USE_THIS_SETTING_URL_CHARACTOR) values (87,24,'data_tao_bao_jie','shop_has_entity_store','是否拥有实体店铺',null,null,null,'DATA_TYPE_STRING',null,null,0,0,null,null,null,0,0,'XPath','//*[@id=shop-info]/div[3]/div[3]/ul/li[2]/a/img','alt',null,null,0,null);
Insert into DATACOLLECT.PARSE_ITEM (ID,PARSE_ID,SAVE_TO_TABLE,SAVE_TO_COLUMN,COLUMN_DESC,CHARACTOR,NOT_CHARACTOR,DEFAULT_VAL,DATA_TYPE,NUMBER_MULTIPLY_BY,DATE_FORMAT,IS_CHECK_REPEAT_COLUMN,IS_URL,SRC_REG_EXP,DEST_REG_EXP,EXEC_JAVASCRIPT,PAGE_URL_AS_VALUE,REG_EXP_ITEM_RELATION,BY_ELE_TYPE,BY_ELE_VAL,BY_TAG_ATTRIBUTE,BY_TAG_ATTRIBUTE_VALUE_PLUS,PARSE_VALUE_REG_EXP,IS_DIRECT_GET_TEXT,USE_THIS_SETTING_URL_CHARACTOR) values (88,24,'data_tao_bao_jie','shop_phone_number','店铺联系电话，主要天猫店铺',null,null,null,'DATA_TYPE_STRING',null,null,0,0,null,null,null,0,0,'XPath','//*[@id=shop-rate-box]/div[1]/div[2]/div[1]/div[2]/div/ul/li[4]',null,null,null,1,null);
Insert into DATACOLLECT.PARSE_ITEM (ID,PARSE_ID,SAVE_TO_TABLE,SAVE_TO_COLUMN,COLUMN_DESC,CHARACTOR,NOT_CHARACTOR,DEFAULT_VAL,DATA_TYPE,NUMBER_MULTIPLY_BY,DATE_FORMAT,IS_CHECK_REPEAT_COLUMN,IS_URL,SRC_REG_EXP,DEST_REG_EXP,EXEC_JAVASCRIPT,PAGE_URL_AS_VALUE,REG_EXP_ITEM_RELATION,BY_ELE_TYPE,BY_ELE_VAL,BY_TAG_ATTRIBUTE,BY_TAG_ATTRIBUTE_VALUE_PLUS,PARSE_VALUE_REG_EXP,IS_DIRECT_GET_TEXT,USE_THIS_SETTING_URL_CHARACTOR) values (89,24,'data_tao_bao_jie','seller_ship_speed_score','卖家发货速度得分',null,null,null,'DATA_TYPE_STRING',null,null,0,0,null,null,null,0,0,'XPath','//*[@id=dsr]/li[3]/div[1]/em[1]','title',null,null,0,null);
Insert into DATACOLLECT.PARSE_ITEM (ID,PARSE_ID,SAVE_TO_TABLE,SAVE_TO_COLUMN,COLUMN_DESC,CHARACTOR,NOT_CHARACTOR,DEFAULT_VAL,DATA_TYPE,NUMBER_MULTIPLY_BY,DATE_FORMAT,IS_CHECK_REPEAT_COLUMN,IS_URL,SRC_REG_EXP,DEST_REG_EXP,EXEC_JAVASCRIPT,PAGE_URL_AS_VALUE,REG_EXP_ITEM_RELATION,BY_ELE_TYPE,BY_ELE_VAL,BY_TAG_ATTRIBUTE,BY_TAG_ATTRIBUTE_VALUE_PLUS,PARSE_VALUE_REG_EXP,IS_DIRECT_GET_TEXT,USE_THIS_SETTING_URL_CHARACTOR) values (90,24,'data_tao_bao_jie','seller_ship_speed_compare_average','卖家发货速度得分与行业平均水平比较，''高于'': 高于行业平均值，''持平''：等于行业平均值，''低于''：低于行业平均值',null,null,null,'DATA_TYPE_STRING',null,null,0,0,null,null,null,0,0,'XPath','//*[@id=dsr]/li[3]/div[1]/em[2]/strong','class',null,null,0,null);
Insert into DATACOLLECT.PARSE_ITEM (ID,PARSE_ID,SAVE_TO_TABLE,SAVE_TO_COLUMN,COLUMN_DESC,CHARACTOR,NOT_CHARACTOR,DEFAULT_VAL,DATA_TYPE,NUMBER_MULTIPLY_BY,DATE_FORMAT,IS_CHECK_REPEAT_COLUMN,IS_URL,SRC_REG_EXP,DEST_REG_EXP,EXEC_JAVASCRIPT,PAGE_URL_AS_VALUE,REG_EXP_ITEM_RELATION,BY_ELE_TYPE,BY_ELE_VAL,BY_TAG_ATTRIBUTE,BY_TAG_ATTRIBUTE_VALUE_PLUS,PARSE_VALUE_REG_EXP,IS_DIRECT_GET_TEXT,USE_THIS_SETTING_URL_CHARACTOR) values (91,24,'data_tao_bao_jie','seller_ship_speed_score_percentage','卖家发货速度得分与行业平均得分值的百分比',null,null,null,'DATA_TYPE_STRING',null,null,0,0,null,null,null,0,0,'XPath','//*[@id=dsr]/li[3]/div[1]/em[2]/strong',null,null,null,1,null);
Insert into DATACOLLECT.PARSE_ITEM (ID,PARSE_ID,SAVE_TO_TABLE,SAVE_TO_COLUMN,COLUMN_DESC,CHARACTOR,NOT_CHARACTOR,DEFAULT_VAL,DATA_TYPE,NUMBER_MULTIPLY_BY,DATE_FORMAT,IS_CHECK_REPEAT_COLUMN,IS_URL,SRC_REG_EXP,DEST_REG_EXP,EXEC_JAVASCRIPT,PAGE_URL_AS_VALUE,REG_EXP_ITEM_RELATION,BY_ELE_TYPE,BY_ELE_VAL,BY_TAG_ATTRIBUTE,BY_TAG_ATTRIBUTE_VALUE_PLUS,PARSE_VALUE_REG_EXP,IS_DIRECT_GET_TEXT,USE_THIS_SETTING_URL_CHARACTOR) values (92,24,'data_tao_bao_jie','seller_ship_speed_voter_number','卖家发货速度投票人数',null,null,null,'DATA_TYPE_STRING',null,null,0,0,null,null,null,0,0,'XPath','//*[@id=dsr]/li[3]/div[2]/div/div[1]/span[2]',null,null,null,1,null);
Insert into DATACOLLECT.PARSE_ITEM (ID,PARSE_ID,SAVE_TO_TABLE,SAVE_TO_COLUMN,COLUMN_DESC,CHARACTOR,NOT_CHARACTOR,DEFAULT_VAL,DATA_TYPE,NUMBER_MULTIPLY_BY,DATE_FORMAT,IS_CHECK_REPEAT_COLUMN,IS_URL,SRC_REG_EXP,DEST_REG_EXP,EXEC_JAVASCRIPT,PAGE_URL_AS_VALUE,REG_EXP_ITEM_RELATION,BY_ELE_TYPE,BY_ELE_VAL,BY_TAG_ATTRIBUTE,BY_TAG_ATTRIBUTE_VALUE_PLUS,PARSE_VALUE_REG_EXP,IS_DIRECT_GET_TEXT,USE_THIS_SETTING_URL_CHARACTOR) values (93,24,'data_tao_bao_jie','drawback_percentage_30','近30天退款率','近30天退款率：',null,null,'DATA_TYPE_STRING',null,null,0,0,null,null,null,0,0,'XPath','//*[@id=halfmonth]/div[1]/div[2]/div[2]',null,null,null,1,null);
Insert into DATACOLLECT.PARSE_ITEM (ID,PARSE_ID,SAVE_TO_TABLE,SAVE_TO_COLUMN,COLUMN_DESC,CHARACTOR,NOT_CHARACTOR,DEFAULT_VAL,DATA_TYPE,NUMBER_MULTIPLY_BY,DATE_FORMAT,IS_CHECK_REPEAT_COLUMN,IS_URL,SRC_REG_EXP,DEST_REG_EXP,EXEC_JAVASCRIPT,PAGE_URL_AS_VALUE,REG_EXP_ITEM_RELATION,BY_ELE_TYPE,BY_ELE_VAL,BY_TAG_ATTRIBUTE,BY_TAG_ATTRIBUTE_VALUE_PLUS,PARSE_VALUE_REG_EXP,IS_DIRECT_GET_TEXT,USE_THIS_SETTING_URL_CHARACTOR) values (94,24,'data_tao_bao_jie','shop_rate_url','店铺评分网址',null,null,null,'DATA_TYPE_STRING',null,null,0,0,null,null,null,1,0,'Id','qq',null,null,null,1,null);
Insert into DATACOLLECT.PARSE_ITEM (ID,PARSE_ID,SAVE_TO_TABLE,SAVE_TO_COLUMN,COLUMN_DESC,CHARACTOR,NOT_CHARACTOR,DEFAULT_VAL,DATA_TYPE,NUMBER_MULTIPLY_BY,DATE_FORMAT,IS_CHECK_REPEAT_COLUMN,IS_URL,SRC_REG_EXP,DEST_REG_EXP,EXEC_JAVASCRIPT,PAGE_URL_AS_VALUE,REG_EXP_ITEM_RELATION,BY_ELE_TYPE,BY_ELE_VAL,BY_TAG_ATTRIBUTE,BY_TAG_ATTRIBUTE_VALUE_PLUS,PARSE_VALUE_REG_EXP,IS_DIRECT_GET_TEXT,USE_THIS_SETTING_URL_CHARACTOR) values (117,24,'data_tao_bao_jie','shop_huo_dao_fu_kuan','是否支持货到付款',null,null,null,'DATA_TYPE_STRING',null,null,0,0,null,null,null,0,0,'XPath','//*[@id=shop-info]/div[3]/div[3]/ul/li[2]/a/img','alt',null,null,0,null);
Insert into DATACOLLECT.PARSE_ITEM (ID,PARSE_ID,SAVE_TO_TABLE,SAVE_TO_COLUMN,COLUMN_DESC,CHARACTOR,NOT_CHARACTOR,DEFAULT_VAL,DATA_TYPE,NUMBER_MULTIPLY_BY,DATE_FORMAT,IS_CHECK_REPEAT_COLUMN,IS_URL,SRC_REG_EXP,DEST_REG_EXP,EXEC_JAVASCRIPT,PAGE_URL_AS_VALUE,REG_EXP_ITEM_RELATION,BY_ELE_TYPE,BY_ELE_VAL,BY_TAG_ATTRIBUTE,BY_TAG_ATTRIBUTE_VALUE_PLUS,PARSE_VALUE_REG_EXP,IS_DIRECT_GET_TEXT,USE_THIS_SETTING_URL_CHARACTOR) values (119,27,'data_xiu_hao_chi','biao_ti','商品标题',null,null,null,'DATA_TYPE_STRING',null,null,0,0,'-淘宝网',null,null,0,0,'XPath','/html/head/title',null,null,null,1,null);
Insert into DATACOLLECT.PARSE_ITEM (ID,PARSE_ID,SAVE_TO_TABLE,SAVE_TO_COLUMN,COLUMN_DESC,CHARACTOR,NOT_CHARACTOR,DEFAULT_VAL,DATA_TYPE,NUMBER_MULTIPLY_BY,DATE_FORMAT,IS_CHECK_REPEAT_COLUMN,IS_URL,SRC_REG_EXP,DEST_REG_EXP,EXEC_JAVASCRIPT,PAGE_URL_AS_VALUE,REG_EXP_ITEM_RELATION,BY_ELE_TYPE,BY_ELE_VAL,BY_TAG_ATTRIBUTE,BY_TAG_ATTRIBUTE_VALUE_PLUS,PARSE_VALUE_REG_EXP,IS_DIRECT_GET_TEXT,USE_THIS_SETTING_URL_CHARACTOR) values (121,27,'data_xiu_hao_chi','cu_xiao_jia','促销价',null,null,null,'DATA_TYPE_STRING',null,null,0,0,null,null,null,0,0,'XPath','//*[@id=J_PromoPrice]/div',null,null,null,1,null);
Insert into DATACOLLECT.PARSE_ITEM (ID,PARSE_ID,SAVE_TO_TABLE,SAVE_TO_COLUMN,COLUMN_DESC,CHARACTOR,NOT_CHARACTOR,DEFAULT_VAL,DATA_TYPE,NUMBER_MULTIPLY_BY,DATE_FORMAT,IS_CHECK_REPEAT_COLUMN,IS_URL,SRC_REG_EXP,DEST_REG_EXP,EXEC_JAVASCRIPT,PAGE_URL_AS_VALUE,REG_EXP_ITEM_RELATION,BY_ELE_TYPE,BY_ELE_VAL,BY_TAG_ATTRIBUTE,BY_TAG_ATTRIBUTE_VALUE_PLUS,PARSE_VALUE_REG_EXP,IS_DIRECT_GET_TEXT,USE_THIS_SETTING_URL_CHARACTOR) values (124,27,'data_xiu_hao_chi','img_url','图片链接url',null,null,null,'DATA_TYPE_STRING',null,null,0,0,null,null,null,0,0,'XPath','//*[@id=J_ImgBooth];/html/body/div[18]/img','data-src;src',null,null,0,null);
Insert into DATACOLLECT.PARSE_ITEM (ID,PARSE_ID,SAVE_TO_TABLE,SAVE_TO_COLUMN,COLUMN_DESC,CHARACTOR,NOT_CHARACTOR,DEFAULT_VAL,DATA_TYPE,NUMBER_MULTIPLY_BY,DATE_FORMAT,IS_CHECK_REPEAT_COLUMN,IS_URL,SRC_REG_EXP,DEST_REG_EXP,EXEC_JAVASCRIPT,PAGE_URL_AS_VALUE,REG_EXP_ITEM_RELATION,BY_ELE_TYPE,BY_ELE_VAL,BY_TAG_ATTRIBUTE,BY_TAG_ATTRIBUTE_VALUE_PLUS,PARSE_VALUE_REG_EXP,IS_DIRECT_GET_TEXT,USE_THIS_SETTING_URL_CHARACTOR) values (125,27,'data_xiu_hao_chi','item_url','商品链接url',null,null,null,'DATA_TYPE_STRING',null,null,1,0,null,null,null,1,0,'Id','qq',null,null,null,0,null);
Insert into DATACOLLECT.PARSE_ITEM (ID,PARSE_ID,SAVE_TO_TABLE,SAVE_TO_COLUMN,COLUMN_DESC,CHARACTOR,NOT_CHARACTOR,DEFAULT_VAL,DATA_TYPE,NUMBER_MULTIPLY_BY,DATE_FORMAT,IS_CHECK_REPEAT_COLUMN,IS_URL,SRC_REG_EXP,DEST_REG_EXP,EXEC_JAVASCRIPT,PAGE_URL_AS_VALUE,REG_EXP_ITEM_RELATION,BY_ELE_TYPE,BY_ELE_VAL,BY_TAG_ATTRIBUTE,BY_TAG_ATTRIBUTE_VALUE_PLUS,PARSE_VALUE_REG_EXP,IS_DIRECT_GET_TEXT,USE_THIS_SETTING_URL_CHARACTOR) values (126,27,'data_xiu_hao_chi','jia_ge','商品价格',null,null,null,'DATA_TYPE_STRING',null,null,0,0,null,null,null,0,0,'Id','J_StrPrice',null,null,null,1,null);
Insert into DATACOLLECT.PARSE_ITEM (ID,PARSE_ID,SAVE_TO_TABLE,SAVE_TO_COLUMN,COLUMN_DESC,CHARACTOR,NOT_CHARACTOR,DEFAULT_VAL,DATA_TYPE,NUMBER_MULTIPLY_BY,DATE_FORMAT,IS_CHECK_REPEAT_COLUMN,IS_URL,SRC_REG_EXP,DEST_REG_EXP,EXEC_JAVASCRIPT,PAGE_URL_AS_VALUE,REG_EXP_ITEM_RELATION,BY_ELE_TYPE,BY_ELE_VAL,BY_TAG_ATTRIBUTE,BY_TAG_ATTRIBUTE_VALUE_PLUS,PARSE_VALUE_REG_EXP,IS_DIRECT_GET_TEXT,USE_THIS_SETTING_URL_CHARACTOR) values (128,27,'data_xiu_hao_chi','ping_fen','商品评分',null,null,null,'DATA_TYPE_STRING',null,null,0,0,'分',null,null,0,0,'Id','J_RateStar',null,0,null,1,null);
Insert into DATACOLLECT.PARSE_ITEM (ID,PARSE_ID,SAVE_TO_TABLE,SAVE_TO_COLUMN,COLUMN_DESC,CHARACTOR,NOT_CHARACTOR,DEFAULT_VAL,DATA_TYPE,NUMBER_MULTIPLY_BY,DATE_FORMAT,IS_CHECK_REPEAT_COLUMN,IS_URL,SRC_REG_EXP,DEST_REG_EXP,EXEC_JAVASCRIPT,PAGE_URL_AS_VALUE,REG_EXP_ITEM_RELATION,BY_ELE_TYPE,BY_ELE_VAL,BY_TAG_ATTRIBUTE,BY_TAG_ATTRIBUTE_VALUE_PLUS,PARSE_VALUE_REG_EXP,IS_DIRECT_GET_TEXT,USE_THIS_SETTING_URL_CHARACTOR) values (131,27,'data_xiu_hao_chi','shop_name','店铺名称',null,null,null,'DATA_TYPE_STRING',null,null,0,0,null,null,null,0,0,'XPath','//*[@id=detail]/div[2]/div/div[3]/div/div[2]/p[1]/a;//*[@id=detail]/div[1]/div/div[1]/div/div[2]/p/a','title',null,null,0,null);
Insert into DATACOLLECT.PARSE_ITEM (ID,PARSE_ID,SAVE_TO_TABLE,SAVE_TO_COLUMN,COLUMN_DESC,CHARACTOR,NOT_CHARACTOR,DEFAULT_VAL,DATA_TYPE,NUMBER_MULTIPLY_BY,DATE_FORMAT,IS_CHECK_REPEAT_COLUMN,IS_URL,SRC_REG_EXP,DEST_REG_EXP,EXEC_JAVASCRIPT,PAGE_URL_AS_VALUE,REG_EXP_ITEM_RELATION,BY_ELE_TYPE,BY_ELE_VAL,BY_TAG_ATTRIBUTE,BY_TAG_ATTRIBUTE_VALUE_PLUS,PARSE_VALUE_REG_EXP,IS_DIRECT_GET_TEXT,USE_THIS_SETTING_URL_CHARACTOR) values (132,27,'data_xiu_hao_chi','shop_url','店铺链接url',null,null,null,'DATA_TYPE_STRING',null,null,0,0,null,null,null,0,0,'XPath','//*[@id=detail]/div[2]/div/div[3]/div/div[2]/p[1]/a;//*[@id=detail]/div[1]/div/div[1]/div/div[2]/p/a','href',null,null,0,null);
Insert into DATACOLLECT.PARSE_ITEM (ID,PARSE_ID,SAVE_TO_TABLE,SAVE_TO_COLUMN,COLUMN_DESC,CHARACTOR,NOT_CHARACTOR,DEFAULT_VAL,DATA_TYPE,NUMBER_MULTIPLY_BY,DATE_FORMAT,IS_CHECK_REPEAT_COLUMN,IS_URL,SRC_REG_EXP,DEST_REG_EXP,EXEC_JAVASCRIPT,PAGE_URL_AS_VALUE,REG_EXP_ITEM_RELATION,BY_ELE_TYPE,BY_ELE_VAL,BY_TAG_ATTRIBUTE,BY_TAG_ATTRIBUTE_VALUE_PLUS,PARSE_VALUE_REG_EXP,IS_DIRECT_GET_TEXT,USE_THIS_SETTING_URL_CHARACTOR) values (138,27,'data_xiu_hao_chi','dan_jia','商品单价',null,null,null,'DATA_TYPE_STRING',null,null,0,0,null,null,null,0,0,'XPath','//*[@id=J_StrPriceModBox]/span[2]',null,null,null,1,null);
Insert into DATACOLLECT.PARSE_ITEM (ID,PARSE_ID,SAVE_TO_TABLE,SAVE_TO_COLUMN,COLUMN_DESC,CHARACTOR,NOT_CHARACTOR,DEFAULT_VAL,DATA_TYPE,NUMBER_MULTIPLY_BY,DATE_FORMAT,IS_CHECK_REPEAT_COLUMN,IS_URL,SRC_REG_EXP,DEST_REG_EXP,EXEC_JAVASCRIPT,PAGE_URL_AS_VALUE,REG_EXP_ITEM_RELATION,BY_ELE_TYPE,BY_ELE_VAL,BY_TAG_ATTRIBUTE,BY_TAG_ATTRIBUTE_VALUE_PLUS,PARSE_VALUE_REG_EXP,IS_DIRECT_GET_TEXT,USE_THIS_SETTING_URL_CHARACTOR) values (139,27,'data_xiu_hao_chi','meta_desc','商品 meta description 信息',null,null,null,'DATA_TYPE_STRING',null,null,0,0,'欢迎前来淘宝网;',';',null,0,1,'Tag_Name','head',null,null,null,0,null);
Insert into DATACOLLECT.PARSE_ITEM (ID,PARSE_ID,SAVE_TO_TABLE,SAVE_TO_COLUMN,COLUMN_DESC,CHARACTOR,NOT_CHARACTOR,DEFAULT_VAL,DATA_TYPE,NUMBER_MULTIPLY_BY,DATE_FORMAT,IS_CHECK_REPEAT_COLUMN,IS_URL,SRC_REG_EXP,DEST_REG_EXP,EXEC_JAVASCRIPT,PAGE_URL_AS_VALUE,REG_EXP_ITEM_RELATION,BY_ELE_TYPE,BY_ELE_VAL,BY_TAG_ATTRIBUTE,BY_TAG_ATTRIBUTE_VALUE_PLUS,PARSE_VALUE_REG_EXP,IS_DIRECT_GET_TEXT,USE_THIS_SETTING_URL_CHARACTOR) values (140,27,'data_xiu_hao_chi','meta_search_keyword','商品 meta keyword 关键词信息',null,null,null,'DATA_TYPE_STRING',null,null,0,0,'淘宝,;掏宝,;网上购物,;店铺,;',';;;;',null,0,1,'Tag_Name','head',null,null,null,0,null);
Insert into DATACOLLECT.PARSE_ITEM (ID,PARSE_ID,SAVE_TO_TABLE,SAVE_TO_COLUMN,COLUMN_DESC,CHARACTOR,NOT_CHARACTOR,DEFAULT_VAL,DATA_TYPE,NUMBER_MULTIPLY_BY,DATE_FORMAT,IS_CHECK_REPEAT_COLUMN,IS_URL,SRC_REG_EXP,DEST_REG_EXP,EXEC_JAVASCRIPT,PAGE_URL_AS_VALUE,REG_EXP_ITEM_RELATION,BY_ELE_TYPE,BY_ELE_VAL,BY_TAG_ATTRIBUTE,BY_TAG_ATTRIBUTE_VALUE_PLUS,PARSE_VALUE_REG_EXP,IS_DIRECT_GET_TEXT,USE_THIS_SETTING_URL_CHARACTOR) values (141,27,'data_xiu_hao_chi','shang_pin_lai_yuan','商品信息来源',null,null,'2','DATA_TYPE_STRING',null,null,0,0,null,null,null,0,0,'Id','qq',null,null,null,0,null);
Insert into DATACOLLECT.PARSE_ITEM (ID,PARSE_ID,SAVE_TO_TABLE,SAVE_TO_COLUMN,COLUMN_DESC,CHARACTOR,NOT_CHARACTOR,DEFAULT_VAL,DATA_TYPE,NUMBER_MULTIPLY_BY,DATE_FORMAT,IS_CHECK_REPEAT_COLUMN,IS_URL,SRC_REG_EXP,DEST_REG_EXP,EXEC_JAVASCRIPT,PAGE_URL_AS_VALUE,REG_EXP_ITEM_RELATION,BY_ELE_TYPE,BY_ELE_VAL,BY_TAG_ATTRIBUTE,BY_TAG_ATTRIBUTE_VALUE_PLUS,PARSE_VALUE_REG_EXP,IS_DIRECT_GET_TEXT,USE_THIS_SETTING_URL_CHARACTOR) values (142,27,'data_xiu_hao_chi','shop_level_img_url','店铺评级，皇冠数图片地址',null,null,null,'DATA_TYPE_STRING',null,null,0,0,null,null,null,0,0,'XPath','//*[@id=shop-rank]/img','src',null,null,0,null);
Insert into DATACOLLECT.PARSE_ITEM (ID,PARSE_ID,SAVE_TO_TABLE,SAVE_TO_COLUMN,COLUMN_DESC,CHARACTOR,NOT_CHARACTOR,DEFAULT_VAL,DATA_TYPE,NUMBER_MULTIPLY_BY,DATE_FORMAT,IS_CHECK_REPEAT_COLUMN,IS_URL,SRC_REG_EXP,DEST_REG_EXP,EXEC_JAVASCRIPT,PAGE_URL_AS_VALUE,REG_EXP_ITEM_RELATION,BY_ELE_TYPE,BY_ELE_VAL,BY_TAG_ATTRIBUTE,BY_TAG_ATTRIBUTE_VALUE_PLUS,PARSE_VALUE_REG_EXP,IS_DIRECT_GET_TEXT,USE_THIS_SETTING_URL_CHARACTOR) values (143,27,'data_xiu_hao_chi','cu_xiao_jia_num','促销价数值表示',null,null,null,'DATA_TYPE_NUMBER',null,null,0,0,'-.*$;?',null,null,0,1,'XPath','//*[@id=J_PromoPrice]/div/strong',null,null,null,1,null);
Insert into DATACOLLECT.PARSE_ITEM (ID,PARSE_ID,SAVE_TO_TABLE,SAVE_TO_COLUMN,COLUMN_DESC,CHARACTOR,NOT_CHARACTOR,DEFAULT_VAL,DATA_TYPE,NUMBER_MULTIPLY_BY,DATE_FORMAT,IS_CHECK_REPEAT_COLUMN,IS_URL,SRC_REG_EXP,DEST_REG_EXP,EXEC_JAVASCRIPT,PAGE_URL_AS_VALUE,REG_EXP_ITEM_RELATION,BY_ELE_TYPE,BY_ELE_VAL,BY_TAG_ATTRIBUTE,BY_TAG_ATTRIBUTE_VALUE_PLUS,PARSE_VALUE_REG_EXP,IS_DIRECT_GET_TEXT,USE_THIS_SETTING_URL_CHARACTOR) values (144,27,'data_xiu_hao_chi','dan_jia_num','商品单价数值表示',null,null,null,'DATA_TYPE_NUMBER','0.002',null,0,0,'元.*$',null,null,0,0,'XPath','//*[@id=J_StrPriceModBox]/span[2]',null,null,null,1,null);
Insert into DATACOLLECT.PARSE_ITEM (ID,PARSE_ID,SAVE_TO_TABLE,SAVE_TO_COLUMN,COLUMN_DESC,CHARACTOR,NOT_CHARACTOR,DEFAULT_VAL,DATA_TYPE,NUMBER_MULTIPLY_BY,DATE_FORMAT,IS_CHECK_REPEAT_COLUMN,IS_URL,SRC_REG_EXP,DEST_REG_EXP,EXEC_JAVASCRIPT,PAGE_URL_AS_VALUE,REG_EXP_ITEM_RELATION,BY_ELE_TYPE,BY_ELE_VAL,BY_TAG_ATTRIBUTE,BY_TAG_ATTRIBUTE_VALUE_PLUS,PARSE_VALUE_REG_EXP,IS_DIRECT_GET_TEXT,USE_THIS_SETTING_URL_CHARACTOR) values (145,27,'data_xiu_hao_chi','jia_ge_num','商品价格数字表示',null,null,null,'DATA_TYPE_NUMBER',null,null,0,0,'-.*$;?',null,null,0,1,'Id','J_StrPrice',null,0,null,1,null);
Insert into DATACOLLECT.PARSE_ITEM (ID,PARSE_ID,SAVE_TO_TABLE,SAVE_TO_COLUMN,COLUMN_DESC,CHARACTOR,NOT_CHARACTOR,DEFAULT_VAL,DATA_TYPE,NUMBER_MULTIPLY_BY,DATE_FORMAT,IS_CHECK_REPEAT_COLUMN,IS_URL,SRC_REG_EXP,DEST_REG_EXP,EXEC_JAVASCRIPT,PAGE_URL_AS_VALUE,REG_EXP_ITEM_RELATION,BY_ELE_TYPE,BY_ELE_VAL,BY_TAG_ATTRIBUTE,BY_TAG_ATTRIBUTE_VALUE_PLUS,PARSE_VALUE_REG_EXP,IS_DIRECT_GET_TEXT,USE_THIS_SETTING_URL_CHARACTOR) values (146,27,'data_xiu_hao_chi','ping_fen_num','商品评分数字表示',null,null,null,'DATA_TYPE_NUMBER',null,null,0,0,'分',null,null,0,0,'Id','J_RateStar',null,0,null,1,null);
Insert into DATACOLLECT.PARSE_ITEM (ID,PARSE_ID,SAVE_TO_TABLE,SAVE_TO_COLUMN,COLUMN_DESC,CHARACTOR,NOT_CHARACTOR,DEFAULT_VAL,DATA_TYPE,NUMBER_MULTIPLY_BY,DATE_FORMAT,IS_CHECK_REPEAT_COLUMN,IS_URL,SRC_REG_EXP,DEST_REG_EXP,EXEC_JAVASCRIPT,PAGE_URL_AS_VALUE,REG_EXP_ITEM_RELATION,BY_ELE_TYPE,BY_ELE_VAL,BY_TAG_ATTRIBUTE,BY_TAG_ATTRIBUTE_VALUE_PLUS,PARSE_VALUE_REG_EXP,IS_DIRECT_GET_TEXT,USE_THIS_SETTING_URL_CHARACTOR) values (164,29,'data_xiu_hao_chi','biao_ti','商品标题',null,null,null,'DATA_TYPE_STRING',null,null,0,0,'-淘宝网',null,null,0,0,'XPath','/html/head/title',null,null,null,1,null);
Insert into DATACOLLECT.PARSE_ITEM (ID,PARSE_ID,SAVE_TO_TABLE,SAVE_TO_COLUMN,COLUMN_DESC,CHARACTOR,NOT_CHARACTOR,DEFAULT_VAL,DATA_TYPE,NUMBER_MULTIPLY_BY,DATE_FORMAT,IS_CHECK_REPEAT_COLUMN,IS_URL,SRC_REG_EXP,DEST_REG_EXP,EXEC_JAVASCRIPT,PAGE_URL_AS_VALUE,REG_EXP_ITEM_RELATION,BY_ELE_TYPE,BY_ELE_VAL,BY_TAG_ATTRIBUTE,BY_TAG_ATTRIBUTE_VALUE_PLUS,PARSE_VALUE_REG_EXP,IS_DIRECT_GET_TEXT,USE_THIS_SETTING_URL_CHARACTOR) values (165,29,'data_xiu_hao_chi','cu_xiao_jia','促销价',null,null,null,'DATA_TYPE_STRING',null,null,0,0,null,null,null,0,0,'XPath','//*[@id=J_PromoPrice]/div',null,null,null,1,null);
Insert into DATACOLLECT.PARSE_ITEM (ID,PARSE_ID,SAVE_TO_TABLE,SAVE_TO_COLUMN,COLUMN_DESC,CHARACTOR,NOT_CHARACTOR,DEFAULT_VAL,DATA_TYPE,NUMBER_MULTIPLY_BY,DATE_FORMAT,IS_CHECK_REPEAT_COLUMN,IS_URL,SRC_REG_EXP,DEST_REG_EXP,EXEC_JAVASCRIPT,PAGE_URL_AS_VALUE,REG_EXP_ITEM_RELATION,BY_ELE_TYPE,BY_ELE_VAL,BY_TAG_ATTRIBUTE,BY_TAG_ATTRIBUTE_VALUE_PLUS,PARSE_VALUE_REG_EXP,IS_DIRECT_GET_TEXT,USE_THIS_SETTING_URL_CHARACTOR) values (166,29,'data_xiu_hao_chi','cu_xiao_jia_num','促销价数值表示',null,null,null,'DATA_TYPE_NUMBER',null,null,0,0,'-.*$;?',null,null,0,1,'XPath','//*[@id=J_PromoPrice]/div/strong',null,null,null,1,null);
Insert into DATACOLLECT.PARSE_ITEM (ID,PARSE_ID,SAVE_TO_TABLE,SAVE_TO_COLUMN,COLUMN_DESC,CHARACTOR,NOT_CHARACTOR,DEFAULT_VAL,DATA_TYPE,NUMBER_MULTIPLY_BY,DATE_FORMAT,IS_CHECK_REPEAT_COLUMN,IS_URL,SRC_REG_EXP,DEST_REG_EXP,EXEC_JAVASCRIPT,PAGE_URL_AS_VALUE,REG_EXP_ITEM_RELATION,BY_ELE_TYPE,BY_ELE_VAL,BY_TAG_ATTRIBUTE,BY_TAG_ATTRIBUTE_VALUE_PLUS,PARSE_VALUE_REG_EXP,IS_DIRECT_GET_TEXT,USE_THIS_SETTING_URL_CHARACTOR) values (167,29,'data_xiu_hao_chi','dan_jia','商品单价',null,null,null,'DATA_TYPE_STRING',null,null,0,0,null,null,null,0,0,'XPath','//*[@id=J_StrPriceModBox]/span[2]',null,null,null,1,null);
Insert into DATACOLLECT.PARSE_ITEM (ID,PARSE_ID,SAVE_TO_TABLE,SAVE_TO_COLUMN,COLUMN_DESC,CHARACTOR,NOT_CHARACTOR,DEFAULT_VAL,DATA_TYPE,NUMBER_MULTIPLY_BY,DATE_FORMAT,IS_CHECK_REPEAT_COLUMN,IS_URL,SRC_REG_EXP,DEST_REG_EXP,EXEC_JAVASCRIPT,PAGE_URL_AS_VALUE,REG_EXP_ITEM_RELATION,BY_ELE_TYPE,BY_ELE_VAL,BY_TAG_ATTRIBUTE,BY_TAG_ATTRIBUTE_VALUE_PLUS,PARSE_VALUE_REG_EXP,IS_DIRECT_GET_TEXT,USE_THIS_SETTING_URL_CHARACTOR) values (168,29,'data_xiu_hao_chi','dan_jia_num','商品单价数值表示',null,null,null,'DATA_TYPE_NUMBER','0.002',null,0,0,'元.*$',null,null,0,0,'XPath','//*[@id=J_StrPriceModBox]/span[2]',null,null,null,1,null);
Insert into DATACOLLECT.PARSE_ITEM (ID,PARSE_ID,SAVE_TO_TABLE,SAVE_TO_COLUMN,COLUMN_DESC,CHARACTOR,NOT_CHARACTOR,DEFAULT_VAL,DATA_TYPE,NUMBER_MULTIPLY_BY,DATE_FORMAT,IS_CHECK_REPEAT_COLUMN,IS_URL,SRC_REG_EXP,DEST_REG_EXP,EXEC_JAVASCRIPT,PAGE_URL_AS_VALUE,REG_EXP_ITEM_RELATION,BY_ELE_TYPE,BY_ELE_VAL,BY_TAG_ATTRIBUTE,BY_TAG_ATTRIBUTE_VALUE_PLUS,PARSE_VALUE_REG_EXP,IS_DIRECT_GET_TEXT,USE_THIS_SETTING_URL_CHARACTOR) values (169,29,'data_xiu_hao_chi','img_url','图片链接url',null,null,null,'DATA_TYPE_STRING',null,null,0,0,null,null,null,0,0,'XPath','//*[@id=J_ImgBooth];/html/body/div[18]/img','data-src;src',0,null,0,null);
Insert into DATACOLLECT.PARSE_ITEM (ID,PARSE_ID,SAVE_TO_TABLE,SAVE_TO_COLUMN,COLUMN_DESC,CHARACTOR,NOT_CHARACTOR,DEFAULT_VAL,DATA_TYPE,NUMBER_MULTIPLY_BY,DATE_FORMAT,IS_CHECK_REPEAT_COLUMN,IS_URL,SRC_REG_EXP,DEST_REG_EXP,EXEC_JAVASCRIPT,PAGE_URL_AS_VALUE,REG_EXP_ITEM_RELATION,BY_ELE_TYPE,BY_ELE_VAL,BY_TAG_ATTRIBUTE,BY_TAG_ATTRIBUTE_VALUE_PLUS,PARSE_VALUE_REG_EXP,IS_DIRECT_GET_TEXT,USE_THIS_SETTING_URL_CHARACTOR) values (170,29,'data_xiu_hao_chi','item_url','商品链接url',null,null,null,'DATA_TYPE_STRING',null,null,1,0,null,null,null,1,0,'Id','qq',null,null,null,0,null);
Insert into DATACOLLECT.PARSE_ITEM (ID,PARSE_ID,SAVE_TO_TABLE,SAVE_TO_COLUMN,COLUMN_DESC,CHARACTOR,NOT_CHARACTOR,DEFAULT_VAL,DATA_TYPE,NUMBER_MULTIPLY_BY,DATE_FORMAT,IS_CHECK_REPEAT_COLUMN,IS_URL,SRC_REG_EXP,DEST_REG_EXP,EXEC_JAVASCRIPT,PAGE_URL_AS_VALUE,REG_EXP_ITEM_RELATION,BY_ELE_TYPE,BY_ELE_VAL,BY_TAG_ATTRIBUTE,BY_TAG_ATTRIBUTE_VALUE_PLUS,PARSE_VALUE_REG_EXP,IS_DIRECT_GET_TEXT,USE_THIS_SETTING_URL_CHARACTOR) values (171,29,'data_xiu_hao_chi','jia_ge','商品价格',null,null,null,'DATA_TYPE_STRING',null,null,0,0,null,null,null,0,0,'Id','J_StrPrice',null,null,null,1,null);
Insert into DATACOLLECT.PARSE_ITEM (ID,PARSE_ID,SAVE_TO_TABLE,SAVE_TO_COLUMN,COLUMN_DESC,CHARACTOR,NOT_CHARACTOR,DEFAULT_VAL,DATA_TYPE,NUMBER_MULTIPLY_BY,DATE_FORMAT,IS_CHECK_REPEAT_COLUMN,IS_URL,SRC_REG_EXP,DEST_REG_EXP,EXEC_JAVASCRIPT,PAGE_URL_AS_VALUE,REG_EXP_ITEM_RELATION,BY_ELE_TYPE,BY_ELE_VAL,BY_TAG_ATTRIBUTE,BY_TAG_ATTRIBUTE_VALUE_PLUS,PARSE_VALUE_REG_EXP,IS_DIRECT_GET_TEXT,USE_THIS_SETTING_URL_CHARACTOR) values (172,29,'data_xiu_hao_chi','jia_ge_num','商品价格数字表示',null,null,null,'DATA_TYPE_NUMBER',null,null,0,0,'?',null,null,0,0,'Id','J_StrPrice',null,null,null,1,null);
Insert into DATACOLLECT.PARSE_ITEM (ID,PARSE_ID,SAVE_TO_TABLE,SAVE_TO_COLUMN,COLUMN_DESC,CHARACTOR,NOT_CHARACTOR,DEFAULT_VAL,DATA_TYPE,NUMBER_MULTIPLY_BY,DATE_FORMAT,IS_CHECK_REPEAT_COLUMN,IS_URL,SRC_REG_EXP,DEST_REG_EXP,EXEC_JAVASCRIPT,PAGE_URL_AS_VALUE,REG_EXP_ITEM_RELATION,BY_ELE_TYPE,BY_ELE_VAL,BY_TAG_ATTRIBUTE,BY_TAG_ATTRIBUTE_VALUE_PLUS,PARSE_VALUE_REG_EXP,IS_DIRECT_GET_TEXT,USE_THIS_SETTING_URL_CHARACTOR) values (173,29,'data_xiu_hao_chi','meta_desc','商品 meta description 信息',null,null,null,'DATA_TYPE_STRING',null,null,0,0,'欢迎前来淘宝网;',';',null,0,1,'Tag_Name','head',null,null,null,0,null);
Insert into DATACOLLECT.PARSE_ITEM (ID,PARSE_ID,SAVE_TO_TABLE,SAVE_TO_COLUMN,COLUMN_DESC,CHARACTOR,NOT_CHARACTOR,DEFAULT_VAL,DATA_TYPE,NUMBER_MULTIPLY_BY,DATE_FORMAT,IS_CHECK_REPEAT_COLUMN,IS_URL,SRC_REG_EXP,DEST_REG_EXP,EXEC_JAVASCRIPT,PAGE_URL_AS_VALUE,REG_EXP_ITEM_RELATION,BY_ELE_TYPE,BY_ELE_VAL,BY_TAG_ATTRIBUTE,BY_TAG_ATTRIBUTE_VALUE_PLUS,PARSE_VALUE_REG_EXP,IS_DIRECT_GET_TEXT,USE_THIS_SETTING_URL_CHARACTOR) values (174,29,'data_xiu_hao_chi','meta_search_keyword','商品 meta keyword 关键词信息',null,null,null,'DATA_TYPE_STRING',null,null,0,0,'淘宝,;掏宝,;网上购物,;店铺,;',';;;;',null,0,1,'Tag_Name','head',null,null,null,0,null);
Insert into DATACOLLECT.PARSE_ITEM (ID,PARSE_ID,SAVE_TO_TABLE,SAVE_TO_COLUMN,COLUMN_DESC,CHARACTOR,NOT_CHARACTOR,DEFAULT_VAL,DATA_TYPE,NUMBER_MULTIPLY_BY,DATE_FORMAT,IS_CHECK_REPEAT_COLUMN,IS_URL,SRC_REG_EXP,DEST_REG_EXP,EXEC_JAVASCRIPT,PAGE_URL_AS_VALUE,REG_EXP_ITEM_RELATION,BY_ELE_TYPE,BY_ELE_VAL,BY_TAG_ATTRIBUTE,BY_TAG_ATTRIBUTE_VALUE_PLUS,PARSE_VALUE_REG_EXP,IS_DIRECT_GET_TEXT,USE_THIS_SETTING_URL_CHARACTOR) values (175,29,'data_xiu_hao_chi','ping_fen','商品评分',null,null,null,'DATA_TYPE_STRING',null,null,0,0,'分',null,null,0,0,'Id','J_RateStar',null,null,null,1,null);
Insert into DATACOLLECT.PARSE_ITEM (ID,PARSE_ID,SAVE_TO_TABLE,SAVE_TO_COLUMN,COLUMN_DESC,CHARACTOR,NOT_CHARACTOR,DEFAULT_VAL,DATA_TYPE,NUMBER_MULTIPLY_BY,DATE_FORMAT,IS_CHECK_REPEAT_COLUMN,IS_URL,SRC_REG_EXP,DEST_REG_EXP,EXEC_JAVASCRIPT,PAGE_URL_AS_VALUE,REG_EXP_ITEM_RELATION,BY_ELE_TYPE,BY_ELE_VAL,BY_TAG_ATTRIBUTE,BY_TAG_ATTRIBUTE_VALUE_PLUS,PARSE_VALUE_REG_EXP,IS_DIRECT_GET_TEXT,USE_THIS_SETTING_URL_CHARACTOR) values (176,29,'data_xiu_hao_chi','ping_fen_num','商品评分数字表示',null,null,null,'DATA_TYPE_NUMBER',null,null,0,0,'分',null,null,0,0,'Id','J_RateStar',null,null,null,1,null);
Insert into DATACOLLECT.PARSE_ITEM (ID,PARSE_ID,SAVE_TO_TABLE,SAVE_TO_COLUMN,COLUMN_DESC,CHARACTOR,NOT_CHARACTOR,DEFAULT_VAL,DATA_TYPE,NUMBER_MULTIPLY_BY,DATE_FORMAT,IS_CHECK_REPEAT_COLUMN,IS_URL,SRC_REG_EXP,DEST_REG_EXP,EXEC_JAVASCRIPT,PAGE_URL_AS_VALUE,REG_EXP_ITEM_RELATION,BY_ELE_TYPE,BY_ELE_VAL,BY_TAG_ATTRIBUTE,BY_TAG_ATTRIBUTE_VALUE_PLUS,PARSE_VALUE_REG_EXP,IS_DIRECT_GET_TEXT,USE_THIS_SETTING_URL_CHARACTOR) values (177,29,'data_xiu_hao_chi','shang_pin_lai_yuan','商品信息来源',null,null,'2','DATA_TYPE_STRING',null,null,0,0,null,null,null,0,0,'Id','qq',null,null,null,0,null);
Insert into DATACOLLECT.PARSE_ITEM (ID,PARSE_ID,SAVE_TO_TABLE,SAVE_TO_COLUMN,COLUMN_DESC,CHARACTOR,NOT_CHARACTOR,DEFAULT_VAL,DATA_TYPE,NUMBER_MULTIPLY_BY,DATE_FORMAT,IS_CHECK_REPEAT_COLUMN,IS_URL,SRC_REG_EXP,DEST_REG_EXP,EXEC_JAVASCRIPT,PAGE_URL_AS_VALUE,REG_EXP_ITEM_RELATION,BY_ELE_TYPE,BY_ELE_VAL,BY_TAG_ATTRIBUTE,BY_TAG_ATTRIBUTE_VALUE_PLUS,PARSE_VALUE_REG_EXP,IS_DIRECT_GET_TEXT,USE_THIS_SETTING_URL_CHARACTOR) values (178,29,'data_xiu_hao_chi','shop_level_img_url','店铺评级，皇冠数图片地址',null,null,null,'DATA_TYPE_STRING',null,null,0,0,null,null,null,0,0,'XPath','//*[@id=shop-rank]/img','src',null,null,0,null);
Insert into DATACOLLECT.PARSE_ITEM (ID,PARSE_ID,SAVE_TO_TABLE,SAVE_TO_COLUMN,COLUMN_DESC,CHARACTOR,NOT_CHARACTOR,DEFAULT_VAL,DATA_TYPE,NUMBER_MULTIPLY_BY,DATE_FORMAT,IS_CHECK_REPEAT_COLUMN,IS_URL,SRC_REG_EXP,DEST_REG_EXP,EXEC_JAVASCRIPT,PAGE_URL_AS_VALUE,REG_EXP_ITEM_RELATION,BY_ELE_TYPE,BY_ELE_VAL,BY_TAG_ATTRIBUTE,BY_TAG_ATTRIBUTE_VALUE_PLUS,PARSE_VALUE_REG_EXP,IS_DIRECT_GET_TEXT,USE_THIS_SETTING_URL_CHARACTOR) values (179,29,'data_xiu_hao_chi','shop_name','店铺名称',null,null,null,'DATA_TYPE_STRING',null,null,0,0,null,null,null,0,0,'XPath','//*[@id=detail]/div[2]/div/div[3]/div/div[2]/p[1]/a;//*[@id=detail]/div[1]/div/div[1]/div/div[2]/p/a','title',null,null,0,null);
Insert into DATACOLLECT.PARSE_ITEM (ID,PARSE_ID,SAVE_TO_TABLE,SAVE_TO_COLUMN,COLUMN_DESC,CHARACTOR,NOT_CHARACTOR,DEFAULT_VAL,DATA_TYPE,NUMBER_MULTIPLY_BY,DATE_FORMAT,IS_CHECK_REPEAT_COLUMN,IS_URL,SRC_REG_EXP,DEST_REG_EXP,EXEC_JAVASCRIPT,PAGE_URL_AS_VALUE,REG_EXP_ITEM_RELATION,BY_ELE_TYPE,BY_ELE_VAL,BY_TAG_ATTRIBUTE,BY_TAG_ATTRIBUTE_VALUE_PLUS,PARSE_VALUE_REG_EXP,IS_DIRECT_GET_TEXT,USE_THIS_SETTING_URL_CHARACTOR) values (180,29,'data_xiu_hao_chi','shop_url','店铺链接url',null,null,null,'DATA_TYPE_STRING',null,null,0,0,null,null,null,0,0,'XPath','//*[@id=detail]/div[2]/div/div[3]/div/div[2]/p[1]/a;//*[@id=detail]/div[1]/div/div[1]/div/div[2]/p/a','href',null,null,0,null);
Insert into DATACOLLECT.PARSE_ITEM (ID,PARSE_ID,SAVE_TO_TABLE,SAVE_TO_COLUMN,COLUMN_DESC,CHARACTOR,NOT_CHARACTOR,DEFAULT_VAL,DATA_TYPE,NUMBER_MULTIPLY_BY,DATE_FORMAT,IS_CHECK_REPEAT_COLUMN,IS_URL,SRC_REG_EXP,DEST_REG_EXP,EXEC_JAVASCRIPT,PAGE_URL_AS_VALUE,REG_EXP_ITEM_RELATION,BY_ELE_TYPE,BY_ELE_VAL,BY_TAG_ATTRIBUTE,BY_TAG_ATTRIBUTE_VALUE_PLUS,PARSE_VALUE_REG_EXP,IS_DIRECT_GET_TEXT,USE_THIS_SETTING_URL_CHARACTOR) values (181,27,'data_xiu_hao_chi','jiao_yi','30天内交易的数量',null,null,null,'DATA_TYPE_STRING','1',null,0,0,null,null,null,0,0,'Class_Name','J_TDealCount',null,0,null,1,null);
Insert into DATACOLLECT.PARSE_ITEM (ID,PARSE_ID,SAVE_TO_TABLE,SAVE_TO_COLUMN,COLUMN_DESC,CHARACTOR,NOT_CHARACTOR,DEFAULT_VAL,DATA_TYPE,NUMBER_MULTIPLY_BY,DATE_FORMAT,IS_CHECK_REPEAT_COLUMN,IS_URL,SRC_REG_EXP,DEST_REG_EXP,EXEC_JAVASCRIPT,PAGE_URL_AS_VALUE,REG_EXP_ITEM_RELATION,BY_ELE_TYPE,BY_ELE_VAL,BY_TAG_ATTRIBUTE,BY_TAG_ATTRIBUTE_VALUE_PLUS,PARSE_VALUE_REG_EXP,IS_DIRECT_GET_TEXT,USE_THIS_SETTING_URL_CHARACTOR) values (182,27,'data_xiu_hao_chi','jiao_yi_success','30天内成功的交易数量',null,null,null,'DATA_TYPE_STRING','1',null,0,0,null,null,null,0,0,'Id','J_OrdersClosed',null,0,null,1,null);
Insert into DATACOLLECT.PARSE_ITEM (ID,PARSE_ID,SAVE_TO_TABLE,SAVE_TO_COLUMN,COLUMN_DESC,CHARACTOR,NOT_CHARACTOR,DEFAULT_VAL,DATA_TYPE,NUMBER_MULTIPLY_BY,DATE_FORMAT,IS_CHECK_REPEAT_COLUMN,IS_URL,SRC_REG_EXP,DEST_REG_EXP,EXEC_JAVASCRIPT,PAGE_URL_AS_VALUE,REG_EXP_ITEM_RELATION,BY_ELE_TYPE,BY_ELE_VAL,BY_TAG_ATTRIBUTE,BY_TAG_ATTRIBUTE_VALUE_PLUS,PARSE_VALUE_REG_EXP,IS_DIRECT_GET_TEXT,USE_THIS_SETTING_URL_CHARACTOR) values (183,27,'data_xiu_hao_chi','jiao_yi_num','30天内交易的数量的数值',null,null,null,'DATA_TYPE_NUMBER','1',null,0,0,null,null,null,0,0,'Class_Name','J_TDealCount',null,0,null,1,null);
Insert into DATACOLLECT.PARSE_ITEM (ID,PARSE_ID,SAVE_TO_TABLE,SAVE_TO_COLUMN,COLUMN_DESC,CHARACTOR,NOT_CHARACTOR,DEFAULT_VAL,DATA_TYPE,NUMBER_MULTIPLY_BY,DATE_FORMAT,IS_CHECK_REPEAT_COLUMN,IS_URL,SRC_REG_EXP,DEST_REG_EXP,EXEC_JAVASCRIPT,PAGE_URL_AS_VALUE,REG_EXP_ITEM_RELATION,BY_ELE_TYPE,BY_ELE_VAL,BY_TAG_ATTRIBUTE,BY_TAG_ATTRIBUTE_VALUE_PLUS,PARSE_VALUE_REG_EXP,IS_DIRECT_GET_TEXT,USE_THIS_SETTING_URL_CHARACTOR) values (184,27,'data_xiu_hao_chi','jiao_yi_success_num','30天内成功的交易数量的数值',null,null,null,'DATA_TYPE_NUMBER','1',null,0,0,null,null,null,0,0,'Id','J_OrdersClosed',null,0,null,1,null);
Insert into DATACOLLECT.PARSE_ITEM (ID,PARSE_ID,SAVE_TO_TABLE,SAVE_TO_COLUMN,COLUMN_DESC,CHARACTOR,NOT_CHARACTOR,DEFAULT_VAL,DATA_TYPE,NUMBER_MULTIPLY_BY,DATE_FORMAT,IS_CHECK_REPEAT_COLUMN,IS_URL,SRC_REG_EXP,DEST_REG_EXP,EXEC_JAVASCRIPT,PAGE_URL_AS_VALUE,REG_EXP_ITEM_RELATION,BY_ELE_TYPE,BY_ELE_VAL,BY_TAG_ATTRIBUTE,BY_TAG_ATTRIBUTE_VALUE_PLUS,PARSE_VALUE_REG_EXP,IS_DIRECT_GET_TEXT,USE_THIS_SETTING_URL_CHARACTOR) values (185,27,'data_xiu_hao_chi','hao_ping_lv','店铺好评率',null,null,null,'DATA_TYPE_STRING','1',null,0,0,null,null,null,0,0,'Id','J_PositiveRating',null,0,null,1,null);
Insert into DATACOLLECT.PARSE_ITEM (ID,PARSE_ID,SAVE_TO_TABLE,SAVE_TO_COLUMN,COLUMN_DESC,CHARACTOR,NOT_CHARACTOR,DEFAULT_VAL,DATA_TYPE,NUMBER_MULTIPLY_BY,DATE_FORMAT,IS_CHECK_REPEAT_COLUMN,IS_URL,SRC_REG_EXP,DEST_REG_EXP,EXEC_JAVASCRIPT,PAGE_URL_AS_VALUE,REG_EXP_ITEM_RELATION,BY_ELE_TYPE,BY_ELE_VAL,BY_TAG_ATTRIBUTE,BY_TAG_ATTRIBUTE_VALUE_PLUS,PARSE_VALUE_REG_EXP,IS_DIRECT_GET_TEXT,USE_THIS_SETTING_URL_CHARACTOR) values (186,27,'data_xiu_hao_chi','hao_ping_lv_num','店铺好评率数值',null,null,null,'DATA_TYPE_NUMBER','1',null,0,0,'\%',null,null,0,0,'Id','J_PositiveRating',null,0,null,1,null);
Insert into DATACOLLECT.PARSE_ITEM (ID,PARSE_ID,SAVE_TO_TABLE,SAVE_TO_COLUMN,COLUMN_DESC,CHARACTOR,NOT_CHARACTOR,DEFAULT_VAL,DATA_TYPE,NUMBER_MULTIPLY_BY,DATE_FORMAT,IS_CHECK_REPEAT_COLUMN,IS_URL,SRC_REG_EXP,DEST_REG_EXP,EXEC_JAVASCRIPT,PAGE_URL_AS_VALUE,REG_EXP_ITEM_RELATION,BY_ELE_TYPE,BY_ELE_VAL,BY_TAG_ATTRIBUTE,BY_TAG_ATTRIBUTE_VALUE_PLUS,PARSE_VALUE_REG_EXP,IS_DIRECT_GET_TEXT,USE_THIS_SETTING_URL_CHARACTOR) values (187,27,'data_xiu_hao_chi','wang_wang_url','掌柜旺旺链接地址',null,null,null,'DATA_TYPE_STRING','1',null,0,0,'spm=(.)*&',null,null,0,0,'XPath','//*[@id=detail]/div[2]/div/div[3]/div/div[2]/p[1]/span/a','href',0,null,0,null);
Insert into DATACOLLECT.PARSE_ITEM (ID,PARSE_ID,SAVE_TO_TABLE,SAVE_TO_COLUMN,COLUMN_DESC,CHARACTOR,NOT_CHARACTOR,DEFAULT_VAL,DATA_TYPE,NUMBER_MULTIPLY_BY,DATE_FORMAT,IS_CHECK_REPEAT_COLUMN,IS_URL,SRC_REG_EXP,DEST_REG_EXP,EXEC_JAVASCRIPT,PAGE_URL_AS_VALUE,REG_EXP_ITEM_RELATION,BY_ELE_TYPE,BY_ELE_VAL,BY_TAG_ATTRIBUTE,BY_TAG_ATTRIBUTE_VALUE_PLUS,PARSE_VALUE_REG_EXP,IS_DIRECT_GET_TEXT,USE_THIS_SETTING_URL_CHARACTOR) values (188,30,'data_xiu_hao_chi','biao_ti','商品标题',null,null,null,'DATA_TYPE_STRING',null,null,0,0,'-tmall.com天猫',null,null,0,0,'XPath','/html/head/title',null,0,null,1,null);
Insert into DATACOLLECT.PARSE_ITEM (ID,PARSE_ID,SAVE_TO_TABLE,SAVE_TO_COLUMN,COLUMN_DESC,CHARACTOR,NOT_CHARACTOR,DEFAULT_VAL,DATA_TYPE,NUMBER_MULTIPLY_BY,DATE_FORMAT,IS_CHECK_REPEAT_COLUMN,IS_URL,SRC_REG_EXP,DEST_REG_EXP,EXEC_JAVASCRIPT,PAGE_URL_AS_VALUE,REG_EXP_ITEM_RELATION,BY_ELE_TYPE,BY_ELE_VAL,BY_TAG_ATTRIBUTE,BY_TAG_ATTRIBUTE_VALUE_PLUS,PARSE_VALUE_REG_EXP,IS_DIRECT_GET_TEXT,USE_THIS_SETTING_URL_CHARACTOR) values (189,30,'data_xiu_hao_chi','cu_xiao_jia','促销价',null,null,null,'DATA_TYPE_STRING',null,null,0,0,null,null,null,0,0,'Id','J_PromoBox',null,0,null,1,null);
Insert into DATACOLLECT.PARSE_ITEM (ID,PARSE_ID,SAVE_TO_TABLE,SAVE_TO_COLUMN,COLUMN_DESC,CHARACTOR,NOT_CHARACTOR,DEFAULT_VAL,DATA_TYPE,NUMBER_MULTIPLY_BY,DATE_FORMAT,IS_CHECK_REPEAT_COLUMN,IS_URL,SRC_REG_EXP,DEST_REG_EXP,EXEC_JAVASCRIPT,PAGE_URL_AS_VALUE,REG_EXP_ITEM_RELATION,BY_ELE_TYPE,BY_ELE_VAL,BY_TAG_ATTRIBUTE,BY_TAG_ATTRIBUTE_VALUE_PLUS,PARSE_VALUE_REG_EXP,IS_DIRECT_GET_TEXT,USE_THIS_SETTING_URL_CHARACTOR) values (190,30,'data_xiu_hao_chi','cu_xiao_jia_num','促销价数值表示',null,null,null,'DATA_TYPE_NUMBER',null,null,0,0,null,null,null,0,0,'XPath','//*[@id=J_PromoBox]/strong',null,0,null,1,null);
Insert into DATACOLLECT.PARSE_ITEM (ID,PARSE_ID,SAVE_TO_TABLE,SAVE_TO_COLUMN,COLUMN_DESC,CHARACTOR,NOT_CHARACTOR,DEFAULT_VAL,DATA_TYPE,NUMBER_MULTIPLY_BY,DATE_FORMAT,IS_CHECK_REPEAT_COLUMN,IS_URL,SRC_REG_EXP,DEST_REG_EXP,EXEC_JAVASCRIPT,PAGE_URL_AS_VALUE,REG_EXP_ITEM_RELATION,BY_ELE_TYPE,BY_ELE_VAL,BY_TAG_ATTRIBUTE,BY_TAG_ATTRIBUTE_VALUE_PLUS,PARSE_VALUE_REG_EXP,IS_DIRECT_GET_TEXT,USE_THIS_SETTING_URL_CHARACTOR) values (191,30,'data_xiu_hao_chi','dan_jia','商品单价',null,null,null,'DATA_TYPE_STRING',null,null,0,0,null,null,null,0,0,'XPath','//*[@id=J_StrPriceModBox]/span[3]',null,0,null,1,null);
Insert into DATACOLLECT.PARSE_ITEM (ID,PARSE_ID,SAVE_TO_TABLE,SAVE_TO_COLUMN,COLUMN_DESC,CHARACTOR,NOT_CHARACTOR,DEFAULT_VAL,DATA_TYPE,NUMBER_MULTIPLY_BY,DATE_FORMAT,IS_CHECK_REPEAT_COLUMN,IS_URL,SRC_REG_EXP,DEST_REG_EXP,EXEC_JAVASCRIPT,PAGE_URL_AS_VALUE,REG_EXP_ITEM_RELATION,BY_ELE_TYPE,BY_ELE_VAL,BY_TAG_ATTRIBUTE,BY_TAG_ATTRIBUTE_VALUE_PLUS,PARSE_VALUE_REG_EXP,IS_DIRECT_GET_TEXT,USE_THIS_SETTING_URL_CHARACTOR) values (192,30,'data_xiu_hao_chi','dan_jia_num','商品单价数值表示',null,null,null,'DATA_TYPE_NUMBER','0.002',null,0,0,'元.*$',null,null,0,0,'XPath','//*[@id=J_StrPriceModBox]/span[3]',null,0,null,1,null);
Insert into DATACOLLECT.PARSE_ITEM (ID,PARSE_ID,SAVE_TO_TABLE,SAVE_TO_COLUMN,COLUMN_DESC,CHARACTOR,NOT_CHARACTOR,DEFAULT_VAL,DATA_TYPE,NUMBER_MULTIPLY_BY,DATE_FORMAT,IS_CHECK_REPEAT_COLUMN,IS_URL,SRC_REG_EXP,DEST_REG_EXP,EXEC_JAVASCRIPT,PAGE_URL_AS_VALUE,REG_EXP_ITEM_RELATION,BY_ELE_TYPE,BY_ELE_VAL,BY_TAG_ATTRIBUTE,BY_TAG_ATTRIBUTE_VALUE_PLUS,PARSE_VALUE_REG_EXP,IS_DIRECT_GET_TEXT,USE_THIS_SETTING_URL_CHARACTOR) values (193,30,'data_xiu_hao_chi','hao_ping_lv','店铺好评率',null,null,null,'DATA_TYPE_STRING','1',null,0,0,null,null,null,0,0,'XPath','//*[@id=side-shop-info]/div/div[2]/div[1]/ul/li[1]/a/em',null,0,null,1,null);
Insert into DATACOLLECT.PARSE_ITEM (ID,PARSE_ID,SAVE_TO_TABLE,SAVE_TO_COLUMN,COLUMN_DESC,CHARACTOR,NOT_CHARACTOR,DEFAULT_VAL,DATA_TYPE,NUMBER_MULTIPLY_BY,DATE_FORMAT,IS_CHECK_REPEAT_COLUMN,IS_URL,SRC_REG_EXP,DEST_REG_EXP,EXEC_JAVASCRIPT,PAGE_URL_AS_VALUE,REG_EXP_ITEM_RELATION,BY_ELE_TYPE,BY_ELE_VAL,BY_TAG_ATTRIBUTE,BY_TAG_ATTRIBUTE_VALUE_PLUS,PARSE_VALUE_REG_EXP,IS_DIRECT_GET_TEXT,USE_THIS_SETTING_URL_CHARACTOR) values (194,30,'data_xiu_hao_chi','hao_ping_lv_num','店铺好评率数值',null,null,null,'DATA_TYPE_NUMBER','1',null,0,0,'分',null,null,0,0,'XPath','//*[@id=side-shop-info]/div/div[2]/div[1]/ul/li[1]/a/em','title',0,null,0,null);
Insert into DATACOLLECT.PARSE_ITEM (ID,PARSE_ID,SAVE_TO_TABLE,SAVE_TO_COLUMN,COLUMN_DESC,CHARACTOR,NOT_CHARACTOR,DEFAULT_VAL,DATA_TYPE,NUMBER_MULTIPLY_BY,DATE_FORMAT,IS_CHECK_REPEAT_COLUMN,IS_URL,SRC_REG_EXP,DEST_REG_EXP,EXEC_JAVASCRIPT,PAGE_URL_AS_VALUE,REG_EXP_ITEM_RELATION,BY_ELE_TYPE,BY_ELE_VAL,BY_TAG_ATTRIBUTE,BY_TAG_ATTRIBUTE_VALUE_PLUS,PARSE_VALUE_REG_EXP,IS_DIRECT_GET_TEXT,USE_THIS_SETTING_URL_CHARACTOR) values (195,30,'data_xiu_hao_chi','img_url','图片链接url',null,null,null,'DATA_TYPE_STRING',null,null,0,0,null,null,null,0,0,'Id','J_ImgBooth','src',0,null,0,null);
Insert into DATACOLLECT.PARSE_ITEM (ID,PARSE_ID,SAVE_TO_TABLE,SAVE_TO_COLUMN,COLUMN_DESC,CHARACTOR,NOT_CHARACTOR,DEFAULT_VAL,DATA_TYPE,NUMBER_MULTIPLY_BY,DATE_FORMAT,IS_CHECK_REPEAT_COLUMN,IS_URL,SRC_REG_EXP,DEST_REG_EXP,EXEC_JAVASCRIPT,PAGE_URL_AS_VALUE,REG_EXP_ITEM_RELATION,BY_ELE_TYPE,BY_ELE_VAL,BY_TAG_ATTRIBUTE,BY_TAG_ATTRIBUTE_VALUE_PLUS,PARSE_VALUE_REG_EXP,IS_DIRECT_GET_TEXT,USE_THIS_SETTING_URL_CHARACTOR) values (196,30,'data_xiu_hao_chi','item_url','商品链接url',null,null,null,'DATA_TYPE_STRING',null,null,1,0,null,null,null,1,0,'Id','qq',null,0,null,0,null);
Insert into DATACOLLECT.PARSE_ITEM (ID,PARSE_ID,SAVE_TO_TABLE,SAVE_TO_COLUMN,COLUMN_DESC,CHARACTOR,NOT_CHARACTOR,DEFAULT_VAL,DATA_TYPE,NUMBER_MULTIPLY_BY,DATE_FORMAT,IS_CHECK_REPEAT_COLUMN,IS_URL,SRC_REG_EXP,DEST_REG_EXP,EXEC_JAVASCRIPT,PAGE_URL_AS_VALUE,REG_EXP_ITEM_RELATION,BY_ELE_TYPE,BY_ELE_VAL,BY_TAG_ATTRIBUTE,BY_TAG_ATTRIBUTE_VALUE_PLUS,PARSE_VALUE_REG_EXP,IS_DIRECT_GET_TEXT,USE_THIS_SETTING_URL_CHARACTOR) values (197,30,'data_xiu_hao_chi','jia_ge','商品价格',null,null,null,'DATA_TYPE_STRING',null,null,0,0,null,null,null,0,0,'Id','J_StrPrice',null,0,null,1,null);
Insert into DATACOLLECT.PARSE_ITEM (ID,PARSE_ID,SAVE_TO_TABLE,SAVE_TO_COLUMN,COLUMN_DESC,CHARACTOR,NOT_CHARACTOR,DEFAULT_VAL,DATA_TYPE,NUMBER_MULTIPLY_BY,DATE_FORMAT,IS_CHECK_REPEAT_COLUMN,IS_URL,SRC_REG_EXP,DEST_REG_EXP,EXEC_JAVASCRIPT,PAGE_URL_AS_VALUE,REG_EXP_ITEM_RELATION,BY_ELE_TYPE,BY_ELE_VAL,BY_TAG_ATTRIBUTE,BY_TAG_ATTRIBUTE_VALUE_PLUS,PARSE_VALUE_REG_EXP,IS_DIRECT_GET_TEXT,USE_THIS_SETTING_URL_CHARACTOR) values (198,30,'data_xiu_hao_chi','jia_ge_num','商品价格数字表示',null,null,null,'DATA_TYPE_NUMBER',null,null,0,0,'-.*$',null,null,0,0,'Id','J_StrPrice',null,0,null,1,null);
Insert into DATACOLLECT.PARSE_ITEM (ID,PARSE_ID,SAVE_TO_TABLE,SAVE_TO_COLUMN,COLUMN_DESC,CHARACTOR,NOT_CHARACTOR,DEFAULT_VAL,DATA_TYPE,NUMBER_MULTIPLY_BY,DATE_FORMAT,IS_CHECK_REPEAT_COLUMN,IS_URL,SRC_REG_EXP,DEST_REG_EXP,EXEC_JAVASCRIPT,PAGE_URL_AS_VALUE,REG_EXP_ITEM_RELATION,BY_ELE_TYPE,BY_ELE_VAL,BY_TAG_ATTRIBUTE,BY_TAG_ATTRIBUTE_VALUE_PLUS,PARSE_VALUE_REG_EXP,IS_DIRECT_GET_TEXT,USE_THIS_SETTING_URL_CHARACTOR) values (199,30,'data_xiu_hao_chi','jiao_yi','30天内交易的数量',null,null,null,'DATA_TYPE_STRING','1',null,0,0,null,null,null,0,0,'Class_Name','J_TDealCount',null,0,null,1,null);
Insert into DATACOLLECT.PARSE_ITEM (ID,PARSE_ID,SAVE_TO_TABLE,SAVE_TO_COLUMN,COLUMN_DESC,CHARACTOR,NOT_CHARACTOR,DEFAULT_VAL,DATA_TYPE,NUMBER_MULTIPLY_BY,DATE_FORMAT,IS_CHECK_REPEAT_COLUMN,IS_URL,SRC_REG_EXP,DEST_REG_EXP,EXEC_JAVASCRIPT,PAGE_URL_AS_VALUE,REG_EXP_ITEM_RELATION,BY_ELE_TYPE,BY_ELE_VAL,BY_TAG_ATTRIBUTE,BY_TAG_ATTRIBUTE_VALUE_PLUS,PARSE_VALUE_REG_EXP,IS_DIRECT_GET_TEXT,USE_THIS_SETTING_URL_CHARACTOR) values (200,30,'data_xiu_hao_chi','jiao_yi_num','30天内交易的数量的数值',null,null,null,'DATA_TYPE_NUMBER','1',null,0,0,null,null,null,0,0,'Class_Name','J_TDealCount',null,0,null,1,null);
Insert into DATACOLLECT.PARSE_ITEM (ID,PARSE_ID,SAVE_TO_TABLE,SAVE_TO_COLUMN,COLUMN_DESC,CHARACTOR,NOT_CHARACTOR,DEFAULT_VAL,DATA_TYPE,NUMBER_MULTIPLY_BY,DATE_FORMAT,IS_CHECK_REPEAT_COLUMN,IS_URL,SRC_REG_EXP,DEST_REG_EXP,EXEC_JAVASCRIPT,PAGE_URL_AS_VALUE,REG_EXP_ITEM_RELATION,BY_ELE_TYPE,BY_ELE_VAL,BY_TAG_ATTRIBUTE,BY_TAG_ATTRIBUTE_VALUE_PLUS,PARSE_VALUE_REG_EXP,IS_DIRECT_GET_TEXT,USE_THIS_SETTING_URL_CHARACTOR) values (201,30,'data_xiu_hao_chi','jiao_yi_success','30天内成功的交易数量',null,null,null,'DATA_TYPE_STRING','1',null,0,0,null,null,null,0,0,'Class_Name','J_TDealCount',null,0,null,1,null);
Insert into DATACOLLECT.PARSE_ITEM (ID,PARSE_ID,SAVE_TO_TABLE,SAVE_TO_COLUMN,COLUMN_DESC,CHARACTOR,NOT_CHARACTOR,DEFAULT_VAL,DATA_TYPE,NUMBER_MULTIPLY_BY,DATE_FORMAT,IS_CHECK_REPEAT_COLUMN,IS_URL,SRC_REG_EXP,DEST_REG_EXP,EXEC_JAVASCRIPT,PAGE_URL_AS_VALUE,REG_EXP_ITEM_RELATION,BY_ELE_TYPE,BY_ELE_VAL,BY_TAG_ATTRIBUTE,BY_TAG_ATTRIBUTE_VALUE_PLUS,PARSE_VALUE_REG_EXP,IS_DIRECT_GET_TEXT,USE_THIS_SETTING_URL_CHARACTOR) values (202,30,'data_xiu_hao_chi','jiao_yi_success_num','30天内成功的交易数量的数值',null,null,null,'DATA_TYPE_NUMBER','1',null,0,0,null,null,null,0,0,'Class_Name','J_TDealCount',null,0,null,1,null);
Insert into DATACOLLECT.PARSE_ITEM (ID,PARSE_ID,SAVE_TO_TABLE,SAVE_TO_COLUMN,COLUMN_DESC,CHARACTOR,NOT_CHARACTOR,DEFAULT_VAL,DATA_TYPE,NUMBER_MULTIPLY_BY,DATE_FORMAT,IS_CHECK_REPEAT_COLUMN,IS_URL,SRC_REG_EXP,DEST_REG_EXP,EXEC_JAVASCRIPT,PAGE_URL_AS_VALUE,REG_EXP_ITEM_RELATION,BY_ELE_TYPE,BY_ELE_VAL,BY_TAG_ATTRIBUTE,BY_TAG_ATTRIBUTE_VALUE_PLUS,PARSE_VALUE_REG_EXP,IS_DIRECT_GET_TEXT,USE_THIS_SETTING_URL_CHARACTOR) values (203,30,'data_xiu_hao_chi','meta_desc','商品 meta description 信息',null,null,null,'DATA_TYPE_STRING',null,null,0,0,'欢迎前来淘宝网;',';',null,0,1,'Tag_Name','head',null,0,null,0,null);
Insert into DATACOLLECT.PARSE_ITEM (ID,PARSE_ID,SAVE_TO_TABLE,SAVE_TO_COLUMN,COLUMN_DESC,CHARACTOR,NOT_CHARACTOR,DEFAULT_VAL,DATA_TYPE,NUMBER_MULTIPLY_BY,DATE_FORMAT,IS_CHECK_REPEAT_COLUMN,IS_URL,SRC_REG_EXP,DEST_REG_EXP,EXEC_JAVASCRIPT,PAGE_URL_AS_VALUE,REG_EXP_ITEM_RELATION,BY_ELE_TYPE,BY_ELE_VAL,BY_TAG_ATTRIBUTE,BY_TAG_ATTRIBUTE_VALUE_PLUS,PARSE_VALUE_REG_EXP,IS_DIRECT_GET_TEXT,USE_THIS_SETTING_URL_CHARACTOR) values (204,30,'data_xiu_hao_chi','meta_search_keyword','商品 meta keyword 关键词信息',null,null,null,'DATA_TYPE_STRING',null,null,0,0,'淘宝,;掏宝,;网上购物,;店铺,;',';;;;',null,0,1,'Tag_Name','head',null,0,null,0,null);
Insert into DATACOLLECT.PARSE_ITEM (ID,PARSE_ID,SAVE_TO_TABLE,SAVE_TO_COLUMN,COLUMN_DESC,CHARACTOR,NOT_CHARACTOR,DEFAULT_VAL,DATA_TYPE,NUMBER_MULTIPLY_BY,DATE_FORMAT,IS_CHECK_REPEAT_COLUMN,IS_URL,SRC_REG_EXP,DEST_REG_EXP,EXEC_JAVASCRIPT,PAGE_URL_AS_VALUE,REG_EXP_ITEM_RELATION,BY_ELE_TYPE,BY_ELE_VAL,BY_TAG_ATTRIBUTE,BY_TAG_ATTRIBUTE_VALUE_PLUS,PARSE_VALUE_REG_EXP,IS_DIRECT_GET_TEXT,USE_THIS_SETTING_URL_CHARACTOR) values (205,30,'data_xiu_hao_chi','ping_fen','商品评分',null,null,null,'DATA_TYPE_STRING',null,null,0,0,null,null,null,0,0,'XPath','//*[@id=J_Stars]/p/span[1]/em',null,0,null,1,null);
Insert into DATACOLLECT.PARSE_ITEM (ID,PARSE_ID,SAVE_TO_TABLE,SAVE_TO_COLUMN,COLUMN_DESC,CHARACTOR,NOT_CHARACTOR,DEFAULT_VAL,DATA_TYPE,NUMBER_MULTIPLY_BY,DATE_FORMAT,IS_CHECK_REPEAT_COLUMN,IS_URL,SRC_REG_EXP,DEST_REG_EXP,EXEC_JAVASCRIPT,PAGE_URL_AS_VALUE,REG_EXP_ITEM_RELATION,BY_ELE_TYPE,BY_ELE_VAL,BY_TAG_ATTRIBUTE,BY_TAG_ATTRIBUTE_VALUE_PLUS,PARSE_VALUE_REG_EXP,IS_DIRECT_GET_TEXT,USE_THIS_SETTING_URL_CHARACTOR) values (206,30,'data_xiu_hao_chi','ping_fen_num','商品评分数字表示',null,null,null,'DATA_TYPE_NUMBER',null,null,0,0,null,null,null,0,0,'XPath','//*[@id=J_Stars]/p/span[1]/em',null,0,null,1,null);
Insert into DATACOLLECT.PARSE_ITEM (ID,PARSE_ID,SAVE_TO_TABLE,SAVE_TO_COLUMN,COLUMN_DESC,CHARACTOR,NOT_CHARACTOR,DEFAULT_VAL,DATA_TYPE,NUMBER_MULTIPLY_BY,DATE_FORMAT,IS_CHECK_REPEAT_COLUMN,IS_URL,SRC_REG_EXP,DEST_REG_EXP,EXEC_JAVASCRIPT,PAGE_URL_AS_VALUE,REG_EXP_ITEM_RELATION,BY_ELE_TYPE,BY_ELE_VAL,BY_TAG_ATTRIBUTE,BY_TAG_ATTRIBUTE_VALUE_PLUS,PARSE_VALUE_REG_EXP,IS_DIRECT_GET_TEXT,USE_THIS_SETTING_URL_CHARACTOR) values (207,30,'data_xiu_hao_chi','shang_pin_lai_yuan','商品信息来源',null,null,'1','DATA_TYPE_NUMBER',null,null,0,0,null,null,null,0,0,'Id','qq',null,0,null,0,null);
Insert into DATACOLLECT.PARSE_ITEM (ID,PARSE_ID,SAVE_TO_TABLE,SAVE_TO_COLUMN,COLUMN_DESC,CHARACTOR,NOT_CHARACTOR,DEFAULT_VAL,DATA_TYPE,NUMBER_MULTIPLY_BY,DATE_FORMAT,IS_CHECK_REPEAT_COLUMN,IS_URL,SRC_REG_EXP,DEST_REG_EXP,EXEC_JAVASCRIPT,PAGE_URL_AS_VALUE,REG_EXP_ITEM_RELATION,BY_ELE_TYPE,BY_ELE_VAL,BY_TAG_ATTRIBUTE,BY_TAG_ATTRIBUTE_VALUE_PLUS,PARSE_VALUE_REG_EXP,IS_DIRECT_GET_TEXT,USE_THIS_SETTING_URL_CHARACTOR) values (209,30,'data_xiu_hao_chi','shop_name','店铺名称',null,null,null,'DATA_TYPE_STRING',null,null,0,0,null,null,null,0,0,'XPath','//*[@id=mallLogo]/span[2]/a',null,0,null,1,null);
Insert into DATACOLLECT.PARSE_ITEM (ID,PARSE_ID,SAVE_TO_TABLE,SAVE_TO_COLUMN,COLUMN_DESC,CHARACTOR,NOT_CHARACTOR,DEFAULT_VAL,DATA_TYPE,NUMBER_MULTIPLY_BY,DATE_FORMAT,IS_CHECK_REPEAT_COLUMN,IS_URL,SRC_REG_EXP,DEST_REG_EXP,EXEC_JAVASCRIPT,PAGE_URL_AS_VALUE,REG_EXP_ITEM_RELATION,BY_ELE_TYPE,BY_ELE_VAL,BY_TAG_ATTRIBUTE,BY_TAG_ATTRIBUTE_VALUE_PLUS,PARSE_VALUE_REG_EXP,IS_DIRECT_GET_TEXT,USE_THIS_SETTING_URL_CHARACTOR) values (210,30,'data_xiu_hao_chi','shop_url','店铺链接url',null,null,null,'DATA_TYPE_STRING',null,null,0,0,'spm=.*$',null,null,0,0,'XPath','//*[@id=mallLogo]/span[2]/a','href',0,null,0,null);
Insert into DATACOLLECT.PARSE_ITEM (ID,PARSE_ID,SAVE_TO_TABLE,SAVE_TO_COLUMN,COLUMN_DESC,CHARACTOR,NOT_CHARACTOR,DEFAULT_VAL,DATA_TYPE,NUMBER_MULTIPLY_BY,DATE_FORMAT,IS_CHECK_REPEAT_COLUMN,IS_URL,SRC_REG_EXP,DEST_REG_EXP,EXEC_JAVASCRIPT,PAGE_URL_AS_VALUE,REG_EXP_ITEM_RELATION,BY_ELE_TYPE,BY_ELE_VAL,BY_TAG_ATTRIBUTE,BY_TAG_ATTRIBUTE_VALUE_PLUS,PARSE_VALUE_REG_EXP,IS_DIRECT_GET_TEXT,USE_THIS_SETTING_URL_CHARACTOR) values (211,30,'data_xiu_hao_chi','wang_wang_url','掌柜旺旺链接地址',null,null,null,'DATA_TYPE_STRING','1',null,0,0,'spm=(.)*&',null,null,0,0,'XPath','//*[@id=mallLogo]/span[2]/span/a','href',0,null,0,null);
Insert into DATACOLLECT.PARSE_ITEM (ID,PARSE_ID,SAVE_TO_TABLE,SAVE_TO_COLUMN,COLUMN_DESC,CHARACTOR,NOT_CHARACTOR,DEFAULT_VAL,DATA_TYPE,NUMBER_MULTIPLY_BY,DATE_FORMAT,IS_CHECK_REPEAT_COLUMN,IS_URL,SRC_REG_EXP,DEST_REG_EXP,EXEC_JAVASCRIPT,PAGE_URL_AS_VALUE,REG_EXP_ITEM_RELATION,BY_ELE_TYPE,BY_ELE_VAL,BY_TAG_ATTRIBUTE,BY_TAG_ATTRIBUTE_VALUE_PLUS,PARSE_VALUE_REG_EXP,IS_DIRECT_GET_TEXT,USE_THIS_SETTING_URL_CHARACTOR) values (212,30,'data_xiu_hao_chi','pin_pai_zhi_xiao','是否是品牌直销',null,null,null,'DATA_TYPE_BOOLEAN','1',null,0,0,null,null,null,0,0,'XPath','//*[@id=mallLogo]/span[2]/a/span',null,0,null,1,null);
Insert into DATACOLLECT.PARSE_ITEM (ID,PARSE_ID,SAVE_TO_TABLE,SAVE_TO_COLUMN,COLUMN_DESC,CHARACTOR,NOT_CHARACTOR,DEFAULT_VAL,DATA_TYPE,NUMBER_MULTIPLY_BY,DATE_FORMAT,IS_CHECK_REPEAT_COLUMN,IS_URL,SRC_REG_EXP,DEST_REG_EXP,EXEC_JAVASCRIPT,PAGE_URL_AS_VALUE,REG_EXP_ITEM_RELATION,BY_ELE_TYPE,BY_ELE_VAL,BY_TAG_ATTRIBUTE,BY_TAG_ATTRIBUTE_VALUE_PLUS,PARSE_VALUE_REG_EXP,IS_DIRECT_GET_TEXT,USE_THIS_SETTING_URL_CHARACTOR) values (213,31,'data_xiu_hao_chi','biao_ti','商品标题',null,null,null,'DATA_TYPE_STRING',null,null,0,0,null,null,null,0,0,'Id','name',null,0,null,1,null);
Insert into DATACOLLECT.PARSE_ITEM (ID,PARSE_ID,SAVE_TO_TABLE,SAVE_TO_COLUMN,COLUMN_DESC,CHARACTOR,NOT_CHARACTOR,DEFAULT_VAL,DATA_TYPE,NUMBER_MULTIPLY_BY,DATE_FORMAT,IS_CHECK_REPEAT_COLUMN,IS_URL,SRC_REG_EXP,DEST_REG_EXP,EXEC_JAVASCRIPT,PAGE_URL_AS_VALUE,REG_EXP_ITEM_RELATION,BY_ELE_TYPE,BY_ELE_VAL,BY_TAG_ATTRIBUTE,BY_TAG_ATTRIBUTE_VALUE_PLUS,PARSE_VALUE_REG_EXP,IS_DIRECT_GET_TEXT,USE_THIS_SETTING_URL_CHARACTOR) values (214,31,'data_xiu_hao_chi','cu_xiao_jia','促销价',null,null,null,'DATA_TYPE_STRING',null,null,0,0,null,null,null,0,0,'Id','product-promotions',null,0,null,1,null);
Insert into DATACOLLECT.PARSE_ITEM (ID,PARSE_ID,SAVE_TO_TABLE,SAVE_TO_COLUMN,COLUMN_DESC,CHARACTOR,NOT_CHARACTOR,DEFAULT_VAL,DATA_TYPE,NUMBER_MULTIPLY_BY,DATE_FORMAT,IS_CHECK_REPEAT_COLUMN,IS_URL,SRC_REG_EXP,DEST_REG_EXP,EXEC_JAVASCRIPT,PAGE_URL_AS_VALUE,REG_EXP_ITEM_RELATION,BY_ELE_TYPE,BY_ELE_VAL,BY_TAG_ATTRIBUTE,BY_TAG_ATTRIBUTE_VALUE_PLUS,PARSE_VALUE_REG_EXP,IS_DIRECT_GET_TEXT,USE_THIS_SETTING_URL_CHARACTOR) values (215,31,'data_xiu_hao_chi','cu_xiao_jia_num','促销价数值表示',null,null,null,'DATA_TYPE_NUMBER',null,null,0,0,'￥',null,null,0,0,'Id','jd-price',null,0,null,1,null);
Insert into DATACOLLECT.PARSE_ITEM (ID,PARSE_ID,SAVE_TO_TABLE,SAVE_TO_COLUMN,COLUMN_DESC,CHARACTOR,NOT_CHARACTOR,DEFAULT_VAL,DATA_TYPE,NUMBER_MULTIPLY_BY,DATE_FORMAT,IS_CHECK_REPEAT_COLUMN,IS_URL,SRC_REG_EXP,DEST_REG_EXP,EXEC_JAVASCRIPT,PAGE_URL_AS_VALUE,REG_EXP_ITEM_RELATION,BY_ELE_TYPE,BY_ELE_VAL,BY_TAG_ATTRIBUTE,BY_TAG_ATTRIBUTE_VALUE_PLUS,PARSE_VALUE_REG_EXP,IS_DIRECT_GET_TEXT,USE_THIS_SETTING_URL_CHARACTOR) values (220,31,'data_xiu_hao_chi','img_url','图片链接url',null,null,null,'DATA_TYPE_STRING',null,null,0,0,null,null,null,0,0,'XPath','//*[@id=spec-n1]/img','src',0,null,0,null);
Insert into DATACOLLECT.PARSE_ITEM (ID,PARSE_ID,SAVE_TO_TABLE,SAVE_TO_COLUMN,COLUMN_DESC,CHARACTOR,NOT_CHARACTOR,DEFAULT_VAL,DATA_TYPE,NUMBER_MULTIPLY_BY,DATE_FORMAT,IS_CHECK_REPEAT_COLUMN,IS_URL,SRC_REG_EXP,DEST_REG_EXP,EXEC_JAVASCRIPT,PAGE_URL_AS_VALUE,REG_EXP_ITEM_RELATION,BY_ELE_TYPE,BY_ELE_VAL,BY_TAG_ATTRIBUTE,BY_TAG_ATTRIBUTE_VALUE_PLUS,PARSE_VALUE_REG_EXP,IS_DIRECT_GET_TEXT,USE_THIS_SETTING_URL_CHARACTOR) values (221,31,'data_xiu_hao_chi','item_url','商品链接url',null,null,null,'DATA_TYPE_STRING',null,null,1,0,null,null,null,1,0,'Id','qq',null,0,null,0,null);
Insert into DATACOLLECT.PARSE_ITEM (ID,PARSE_ID,SAVE_TO_TABLE,SAVE_TO_COLUMN,COLUMN_DESC,CHARACTOR,NOT_CHARACTOR,DEFAULT_VAL,DATA_TYPE,NUMBER_MULTIPLY_BY,DATE_FORMAT,IS_CHECK_REPEAT_COLUMN,IS_URL,SRC_REG_EXP,DEST_REG_EXP,EXEC_JAVASCRIPT,PAGE_URL_AS_VALUE,REG_EXP_ITEM_RELATION,BY_ELE_TYPE,BY_ELE_VAL,BY_TAG_ATTRIBUTE,BY_TAG_ATTRIBUTE_VALUE_PLUS,PARSE_VALUE_REG_EXP,IS_DIRECT_GET_TEXT,USE_THIS_SETTING_URL_CHARACTOR) values (222,31,'data_xiu_hao_chi','jia_ge','商品价格',null,null,null,'DATA_TYPE_STRING',null,null,0,0,'￥',null,null,0,0,'Id','jd-price',null,0,null,1,null);
Insert into DATACOLLECT.PARSE_ITEM (ID,PARSE_ID,SAVE_TO_TABLE,SAVE_TO_COLUMN,COLUMN_DESC,CHARACTOR,NOT_CHARACTOR,DEFAULT_VAL,DATA_TYPE,NUMBER_MULTIPLY_BY,DATE_FORMAT,IS_CHECK_REPEAT_COLUMN,IS_URL,SRC_REG_EXP,DEST_REG_EXP,EXEC_JAVASCRIPT,PAGE_URL_AS_VALUE,REG_EXP_ITEM_RELATION,BY_ELE_TYPE,BY_ELE_VAL,BY_TAG_ATTRIBUTE,BY_TAG_ATTRIBUTE_VALUE_PLUS,PARSE_VALUE_REG_EXP,IS_DIRECT_GET_TEXT,USE_THIS_SETTING_URL_CHARACTOR) values (223,31,'data_xiu_hao_chi','jia_ge_num','商品价格数字表示',null,null,null,'DATA_TYPE_NUMBER',null,null,0,0,'￥',null,null,0,0,'Id','jd-price',null,0,null,1,null);
Insert into DATACOLLECT.PARSE_ITEM (ID,PARSE_ID,SAVE_TO_TABLE,SAVE_TO_COLUMN,COLUMN_DESC,CHARACTOR,NOT_CHARACTOR,DEFAULT_VAL,DATA_TYPE,NUMBER_MULTIPLY_BY,DATE_FORMAT,IS_CHECK_REPEAT_COLUMN,IS_URL,SRC_REG_EXP,DEST_REG_EXP,EXEC_JAVASCRIPT,PAGE_URL_AS_VALUE,REG_EXP_ITEM_RELATION,BY_ELE_TYPE,BY_ELE_VAL,BY_TAG_ATTRIBUTE,BY_TAG_ATTRIBUTE_VALUE_PLUS,PARSE_VALUE_REG_EXP,IS_DIRECT_GET_TEXT,USE_THIS_SETTING_URL_CHARACTOR) values (228,31,'data_xiu_hao_chi','meta_desc','商品 meta description 信息',null,null,null,'DATA_TYPE_STRING',null,null,0,0,null,null,null,0,0,'Tag_Name','head',null,0,null,0,null);
Insert into DATACOLLECT.PARSE_ITEM (ID,PARSE_ID,SAVE_TO_TABLE,SAVE_TO_COLUMN,COLUMN_DESC,CHARACTOR,NOT_CHARACTOR,DEFAULT_VAL,DATA_TYPE,NUMBER_MULTIPLY_BY,DATE_FORMAT,IS_CHECK_REPEAT_COLUMN,IS_URL,SRC_REG_EXP,DEST_REG_EXP,EXEC_JAVASCRIPT,PAGE_URL_AS_VALUE,REG_EXP_ITEM_RELATION,BY_ELE_TYPE,BY_ELE_VAL,BY_TAG_ATTRIBUTE,BY_TAG_ATTRIBUTE_VALUE_PLUS,PARSE_VALUE_REG_EXP,IS_DIRECT_GET_TEXT,USE_THIS_SETTING_URL_CHARACTOR) values (229,31,'data_xiu_hao_chi','meta_search_keyword','商品 meta keyword 关键词信息',null,null,null,'DATA_TYPE_STRING',null,null,0,0,null,null,null,0,0,'Tag_Name','head',null,0,null,0,null);
Insert into DATACOLLECT.PARSE_ITEM (ID,PARSE_ID,SAVE_TO_TABLE,SAVE_TO_COLUMN,COLUMN_DESC,CHARACTOR,NOT_CHARACTOR,DEFAULT_VAL,DATA_TYPE,NUMBER_MULTIPLY_BY,DATE_FORMAT,IS_CHECK_REPEAT_COLUMN,IS_URL,SRC_REG_EXP,DEST_REG_EXP,EXEC_JAVASCRIPT,PAGE_URL_AS_VALUE,REG_EXP_ITEM_RELATION,BY_ELE_TYPE,BY_ELE_VAL,BY_TAG_ATTRIBUTE,BY_TAG_ATTRIBUTE_VALUE_PLUS,PARSE_VALUE_REG_EXP,IS_DIRECT_GET_TEXT,USE_THIS_SETTING_URL_CHARACTOR) values (230,31,'data_xiu_hao_chi','shang_cheng_pei_song','是否商城配送商品，一般只有京东自己配送','京东',null,null,'DATA_TYPE_BOOLEAN','1',null,0,0,null,null,null,0,0,'XPath','//*[@id=summary-service]/div[2]',null,0,null,1,null);
Insert into DATACOLLECT.PARSE_ITEM (ID,PARSE_ID,SAVE_TO_TABLE,SAVE_TO_COLUMN,COLUMN_DESC,CHARACTOR,NOT_CHARACTOR,DEFAULT_VAL,DATA_TYPE,NUMBER_MULTIPLY_BY,DATE_FORMAT,IS_CHECK_REPEAT_COLUMN,IS_URL,SRC_REG_EXP,DEST_REG_EXP,EXEC_JAVASCRIPT,PAGE_URL_AS_VALUE,REG_EXP_ITEM_RELATION,BY_ELE_TYPE,BY_ELE_VAL,BY_TAG_ATTRIBUTE,BY_TAG_ATTRIBUTE_VALUE_PLUS,PARSE_VALUE_REG_EXP,IS_DIRECT_GET_TEXT,USE_THIS_SETTING_URL_CHARACTOR) values (231,31,'data_xiu_hao_chi','ping_fen','商品评分',null,null,null,'DATA_TYPE_STRING',null,null,0,0,'star sa',null,null,0,0,'XPath','//*[@id=summary-grade]/div[2]/span','class',0,null,0,null);
Insert into DATACOLLECT.PARSE_ITEM (ID,PARSE_ID,SAVE_TO_TABLE,SAVE_TO_COLUMN,COLUMN_DESC,CHARACTOR,NOT_CHARACTOR,DEFAULT_VAL,DATA_TYPE,NUMBER_MULTIPLY_BY,DATE_FORMAT,IS_CHECK_REPEAT_COLUMN,IS_URL,SRC_REG_EXP,DEST_REG_EXP,EXEC_JAVASCRIPT,PAGE_URL_AS_VALUE,REG_EXP_ITEM_RELATION,BY_ELE_TYPE,BY_ELE_VAL,BY_TAG_ATTRIBUTE,BY_TAG_ATTRIBUTE_VALUE_PLUS,PARSE_VALUE_REG_EXP,IS_DIRECT_GET_TEXT,USE_THIS_SETTING_URL_CHARACTOR) values (232,31,'data_xiu_hao_chi','ping_fen_num','商品评分数字表示',null,null,null,'DATA_TYPE_NUMBER',null,null,0,0,'star sa',null,null,0,0,'XPath','//*[@id=summary-grade]/div[2]/span','class',0,null,0,null);
Insert into DATACOLLECT.PARSE_ITEM (ID,PARSE_ID,SAVE_TO_TABLE,SAVE_TO_COLUMN,COLUMN_DESC,CHARACTOR,NOT_CHARACTOR,DEFAULT_VAL,DATA_TYPE,NUMBER_MULTIPLY_BY,DATE_FORMAT,IS_CHECK_REPEAT_COLUMN,IS_URL,SRC_REG_EXP,DEST_REG_EXP,EXEC_JAVASCRIPT,PAGE_URL_AS_VALUE,REG_EXP_ITEM_RELATION,BY_ELE_TYPE,BY_ELE_VAL,BY_TAG_ATTRIBUTE,BY_TAG_ATTRIBUTE_VALUE_PLUS,PARSE_VALUE_REG_EXP,IS_DIRECT_GET_TEXT,USE_THIS_SETTING_URL_CHARACTOR) values (233,31,'data_xiu_hao_chi','shang_pin_lai_yuan','商品信息来源',null,null,'3','DATA_TYPE_NUMBER',null,null,0,0,null,null,null,0,0,'Id','qq',null,0,null,0,null);
Insert into DATACOLLECT.PARSE_ITEM (ID,PARSE_ID,SAVE_TO_TABLE,SAVE_TO_COLUMN,COLUMN_DESC,CHARACTOR,NOT_CHARACTOR,DEFAULT_VAL,DATA_TYPE,NUMBER_MULTIPLY_BY,DATE_FORMAT,IS_CHECK_REPEAT_COLUMN,IS_URL,SRC_REG_EXP,DEST_REG_EXP,EXEC_JAVASCRIPT,PAGE_URL_AS_VALUE,REG_EXP_ITEM_RELATION,BY_ELE_TYPE,BY_ELE_VAL,BY_TAG_ATTRIBUTE,BY_TAG_ATTRIBUTE_VALUE_PLUS,PARSE_VALUE_REG_EXP,IS_DIRECT_GET_TEXT,USE_THIS_SETTING_URL_CHARACTOR) values (234,31,'data_xiu_hao_chi','shop_name','店铺名称',null,null,'京东商城自营商品','DATA_TYPE_STRING',null,null,0,0,null,null,null,0,0,'XPath','//*[@id=seller]/dd/a',null,0,null,1,null);
Insert into DATACOLLECT.PARSE_ITEM (ID,PARSE_ID,SAVE_TO_TABLE,SAVE_TO_COLUMN,COLUMN_DESC,CHARACTOR,NOT_CHARACTOR,DEFAULT_VAL,DATA_TYPE,NUMBER_MULTIPLY_BY,DATE_FORMAT,IS_CHECK_REPEAT_COLUMN,IS_URL,SRC_REG_EXP,DEST_REG_EXP,EXEC_JAVASCRIPT,PAGE_URL_AS_VALUE,REG_EXP_ITEM_RELATION,BY_ELE_TYPE,BY_ELE_VAL,BY_TAG_ATTRIBUTE,BY_TAG_ATTRIBUTE_VALUE_PLUS,PARSE_VALUE_REG_EXP,IS_DIRECT_GET_TEXT,USE_THIS_SETTING_URL_CHARACTOR) values (235,31,'data_xiu_hao_chi','shop_url','店铺链接url',null,null,'http://www.jd.com','DATA_TYPE_STRING',null,null,0,0,null,null,null,0,0,'XPath','//*[@id=seller]/dd/a','href',0,null,0,null);
Insert into DATACOLLECT.PARSE_ITEM (ID,PARSE_ID,SAVE_TO_TABLE,SAVE_TO_COLUMN,COLUMN_DESC,CHARACTOR,NOT_CHARACTOR,DEFAULT_VAL,DATA_TYPE,NUMBER_MULTIPLY_BY,DATE_FORMAT,IS_CHECK_REPEAT_COLUMN,IS_URL,SRC_REG_EXP,DEST_REG_EXP,EXEC_JAVASCRIPT,PAGE_URL_AS_VALUE,REG_EXP_ITEM_RELATION,BY_ELE_TYPE,BY_ELE_VAL,BY_TAG_ATTRIBUTE,BY_TAG_ATTRIBUTE_VALUE_PLUS,PARSE_VALUE_REG_EXP,IS_DIRECT_GET_TEXT,USE_THIS_SETTING_URL_CHARACTOR) values (236,31,'data_xiu_hao_chi','hao_ping_lv','商品好评率',null,null,null,'DATA_TYPE_STRING','1',null,0,0,null,null,null,0,0,'XPath','//*[@id=i-comment]/div[1]/strong',null,0,null,1,null);
Insert into DATACOLLECT.PARSE_ITEM (ID,PARSE_ID,SAVE_TO_TABLE,SAVE_TO_COLUMN,COLUMN_DESC,CHARACTOR,NOT_CHARACTOR,DEFAULT_VAL,DATA_TYPE,NUMBER_MULTIPLY_BY,DATE_FORMAT,IS_CHECK_REPEAT_COLUMN,IS_URL,SRC_REG_EXP,DEST_REG_EXP,EXEC_JAVASCRIPT,PAGE_URL_AS_VALUE,REG_EXP_ITEM_RELATION,BY_ELE_TYPE,BY_ELE_VAL,BY_TAG_ATTRIBUTE,BY_TAG_ATTRIBUTE_VALUE_PLUS,PARSE_VALUE_REG_EXP,IS_DIRECT_GET_TEXT,USE_THIS_SETTING_URL_CHARACTOR) values (237,31,'data_xiu_hao_chi','hao_ping_lv_num','商品好评率数字表示',null,null,null,'DATA_TYPE_NUMBER','1',null,0,0,'%',null,null,0,0,'XPath','//*[@id=i-comment]/div[1]/strong',null,0,null,1,null);
Insert into DATACOLLECT.PARSE_ITEM (ID,PARSE_ID,SAVE_TO_TABLE,SAVE_TO_COLUMN,COLUMN_DESC,CHARACTOR,NOT_CHARACTOR,DEFAULT_VAL,DATA_TYPE,NUMBER_MULTIPLY_BY,DATE_FORMAT,IS_CHECK_REPEAT_COLUMN,IS_URL,SRC_REG_EXP,DEST_REG_EXP,EXEC_JAVASCRIPT,PAGE_URL_AS_VALUE,REG_EXP_ITEM_RELATION,BY_ELE_TYPE,BY_ELE_VAL,BY_TAG_ATTRIBUTE,BY_TAG_ATTRIBUTE_VALUE_PLUS,PARSE_VALUE_REG_EXP,IS_DIRECT_GET_TEXT,USE_THIS_SETTING_URL_CHARACTOR) values (238,31,'data_xiu_hao_chi','fen_lei','商品分类信息',null,null,null,'DATA_TYPE_STRING','1',null,0,0,null,null,null,0,0,'XPath','/html/body/div[4]/div/span',null,0,null,1,null);
Insert into DATACOLLECT.PARSE_ITEM (ID,PARSE_ID,SAVE_TO_TABLE,SAVE_TO_COLUMN,COLUMN_DESC,CHARACTOR,NOT_CHARACTOR,DEFAULT_VAL,DATA_TYPE,NUMBER_MULTIPLY_BY,DATE_FORMAT,IS_CHECK_REPEAT_COLUMN,IS_URL,SRC_REG_EXP,DEST_REG_EXP,EXEC_JAVASCRIPT,PAGE_URL_AS_VALUE,REG_EXP_ITEM_RELATION,BY_ELE_TYPE,BY_ELE_VAL,BY_TAG_ATTRIBUTE,BY_TAG_ATTRIBUTE_VALUE_PLUS,PARSE_VALUE_REG_EXP,IS_DIRECT_GET_TEXT,USE_THIS_SETTING_URL_CHARACTOR) values (401,46,'data_xiu_hao_chi','biao_ti','商品标题',null,null,null,'DATA_TYPE_STRING',null,null,0,0,null,null,null,0,0,'XPath','//*[@id=main_bd]/div[2]/div[1]/h1',null,0,null,1,null);
Insert into DATACOLLECT.PARSE_ITEM (ID,PARSE_ID,SAVE_TO_TABLE,SAVE_TO_COLUMN,COLUMN_DESC,CHARACTOR,NOT_CHARACTOR,DEFAULT_VAL,DATA_TYPE,NUMBER_MULTIPLY_BY,DATE_FORMAT,IS_CHECK_REPEAT_COLUMN,IS_URL,SRC_REG_EXP,DEST_REG_EXP,EXEC_JAVASCRIPT,PAGE_URL_AS_VALUE,REG_EXP_ITEM_RELATION,BY_ELE_TYPE,BY_ELE_VAL,BY_TAG_ATTRIBUTE,BY_TAG_ATTRIBUTE_VALUE_PLUS,PARSE_VALUE_REG_EXP,IS_DIRECT_GET_TEXT,USE_THIS_SETTING_URL_CHARACTOR) values (402,46,'data_xiu_hao_chi','cu_xiao_jia','促销价',null,null,null,'DATA_TYPE_STRING',null,null,0,0,null,null,null,0,0,'Id','promo_price',null,0,null,1,null);
Insert into DATACOLLECT.PARSE_ITEM (ID,PARSE_ID,SAVE_TO_TABLE,SAVE_TO_COLUMN,COLUMN_DESC,CHARACTOR,NOT_CHARACTOR,DEFAULT_VAL,DATA_TYPE,NUMBER_MULTIPLY_BY,DATE_FORMAT,IS_CHECK_REPEAT_COLUMN,IS_URL,SRC_REG_EXP,DEST_REG_EXP,EXEC_JAVASCRIPT,PAGE_URL_AS_VALUE,REG_EXP_ITEM_RELATION,BY_ELE_TYPE,BY_ELE_VAL,BY_TAG_ATTRIBUTE,BY_TAG_ATTRIBUTE_VALUE_PLUS,PARSE_VALUE_REG_EXP,IS_DIRECT_GET_TEXT,USE_THIS_SETTING_URL_CHARACTOR) values (403,46,'data_xiu_hao_chi','cu_xiao_jia_num','促销价数值表示',null,null,null,'DATA_TYPE_NUMBER',null,null,0,0,'-.*$;?',null,null,1,1,'Id','promo_price',null,0,null,1,null);
Insert into DATACOLLECT.PARSE_ITEM (ID,PARSE_ID,SAVE_TO_TABLE,SAVE_TO_COLUMN,COLUMN_DESC,CHARACTOR,NOT_CHARACTOR,DEFAULT_VAL,DATA_TYPE,NUMBER_MULTIPLY_BY,DATE_FORMAT,IS_CHECK_REPEAT_COLUMN,IS_URL,SRC_REG_EXP,DEST_REG_EXP,EXEC_JAVASCRIPT,PAGE_URL_AS_VALUE,REG_EXP_ITEM_RELATION,BY_ELE_TYPE,BY_ELE_VAL,BY_TAG_ATTRIBUTE,BY_TAG_ATTRIBUTE_VALUE_PLUS,PARSE_VALUE_REG_EXP,IS_DIRECT_GET_TEXT,USE_THIS_SETTING_URL_CHARACTOR) values (406,46,'data_xiu_hao_chi','hao_ping_lv','店铺好评率',null,null,null,'DATA_TYPE_STRING','1',null,0,0,null,null,null,0,0,'XPath','//*[@id=comm_num_up]/i',null,0,null,1,null);
Insert into DATACOLLECT.PARSE_ITEM (ID,PARSE_ID,SAVE_TO_TABLE,SAVE_TO_COLUMN,COLUMN_DESC,CHARACTOR,NOT_CHARACTOR,DEFAULT_VAL,DATA_TYPE,NUMBER_MULTIPLY_BY,DATE_FORMAT,IS_CHECK_REPEAT_COLUMN,IS_URL,SRC_REG_EXP,DEST_REG_EXP,EXEC_JAVASCRIPT,PAGE_URL_AS_VALUE,REG_EXP_ITEM_RELATION,BY_ELE_TYPE,BY_ELE_VAL,BY_TAG_ATTRIBUTE,BY_TAG_ATTRIBUTE_VALUE_PLUS,PARSE_VALUE_REG_EXP,IS_DIRECT_GET_TEXT,USE_THIS_SETTING_URL_CHARACTOR) values (407,46,'data_xiu_hao_chi','hao_ping_lv_num','店铺好评率数值',null,null,null,'DATA_TYPE_NUMBER','1',null,0,0,'\%',null,null,0,0,'XPath','//*[@id=comm_num_up]/i',null,0,null,1,null);
Insert into DATACOLLECT.PARSE_ITEM (ID,PARSE_ID,SAVE_TO_TABLE,SAVE_TO_COLUMN,COLUMN_DESC,CHARACTOR,NOT_CHARACTOR,DEFAULT_VAL,DATA_TYPE,NUMBER_MULTIPLY_BY,DATE_FORMAT,IS_CHECK_REPEAT_COLUMN,IS_URL,SRC_REG_EXP,DEST_REG_EXP,EXEC_JAVASCRIPT,PAGE_URL_AS_VALUE,REG_EXP_ITEM_RELATION,BY_ELE_TYPE,BY_ELE_VAL,BY_TAG_ATTRIBUTE,BY_TAG_ATTRIBUTE_VALUE_PLUS,PARSE_VALUE_REG_EXP,IS_DIRECT_GET_TEXT,USE_THIS_SETTING_URL_CHARACTOR) values (408,46,'data_xiu_hao_chi','img_url','图片链接url',null,null,null,'DATA_TYPE_STRING',null,null,0,0,null,null,null,0,0,'Id','largePic','src',0,null,0,null);
Insert into DATACOLLECT.PARSE_ITEM (ID,PARSE_ID,SAVE_TO_TABLE,SAVE_TO_COLUMN,COLUMN_DESC,CHARACTOR,NOT_CHARACTOR,DEFAULT_VAL,DATA_TYPE,NUMBER_MULTIPLY_BY,DATE_FORMAT,IS_CHECK_REPEAT_COLUMN,IS_URL,SRC_REG_EXP,DEST_REG_EXP,EXEC_JAVASCRIPT,PAGE_URL_AS_VALUE,REG_EXP_ITEM_RELATION,BY_ELE_TYPE,BY_ELE_VAL,BY_TAG_ATTRIBUTE,BY_TAG_ATTRIBUTE_VALUE_PLUS,PARSE_VALUE_REG_EXP,IS_DIRECT_GET_TEXT,USE_THIS_SETTING_URL_CHARACTOR) values (409,46,'data_xiu_hao_chi','item_url','商品链接url',null,null,null,'DATA_TYPE_STRING',null,null,1,0,null,null,null,1,0,'Id','qq',null,0,null,0,null);
Insert into DATACOLLECT.PARSE_ITEM (ID,PARSE_ID,SAVE_TO_TABLE,SAVE_TO_COLUMN,COLUMN_DESC,CHARACTOR,NOT_CHARACTOR,DEFAULT_VAL,DATA_TYPE,NUMBER_MULTIPLY_BY,DATE_FORMAT,IS_CHECK_REPEAT_COLUMN,IS_URL,SRC_REG_EXP,DEST_REG_EXP,EXEC_JAVASCRIPT,PAGE_URL_AS_VALUE,REG_EXP_ITEM_RELATION,BY_ELE_TYPE,BY_ELE_VAL,BY_TAG_ATTRIBUTE,BY_TAG_ATTRIBUTE_VALUE_PLUS,PARSE_VALUE_REG_EXP,IS_DIRECT_GET_TEXT,USE_THIS_SETTING_URL_CHARACTOR) values (410,46,'data_xiu_hao_chi','jia_ge','商品价格',null,null,null,'DATA_TYPE_STRING',null,null,0,0,null,null,null,0,0,'Id','salePriceTag',null,0,null,1,null);
Insert into DATACOLLECT.PARSE_ITEM (ID,PARSE_ID,SAVE_TO_TABLE,SAVE_TO_COLUMN,COLUMN_DESC,CHARACTOR,NOT_CHARACTOR,DEFAULT_VAL,DATA_TYPE,NUMBER_MULTIPLY_BY,DATE_FORMAT,IS_CHECK_REPEAT_COLUMN,IS_URL,SRC_REG_EXP,DEST_REG_EXP,EXEC_JAVASCRIPT,PAGE_URL_AS_VALUE,REG_EXP_ITEM_RELATION,BY_ELE_TYPE,BY_ELE_VAL,BY_TAG_ATTRIBUTE,BY_TAG_ATTRIBUTE_VALUE_PLUS,PARSE_VALUE_REG_EXP,IS_DIRECT_GET_TEXT,USE_THIS_SETTING_URL_CHARACTOR) values (411,46,'data_xiu_hao_chi','jia_ge_num','商品价格数字表示',null,null,null,'DATA_TYPE_NUMBER',null,null,0,0,'-.*$;?',null,null,0,1,'Id','salePriceTag',null,0,null,1,null);
Insert into DATACOLLECT.PARSE_ITEM (ID,PARSE_ID,SAVE_TO_TABLE,SAVE_TO_COLUMN,COLUMN_DESC,CHARACTOR,NOT_CHARACTOR,DEFAULT_VAL,DATA_TYPE,NUMBER_MULTIPLY_BY,DATE_FORMAT,IS_CHECK_REPEAT_COLUMN,IS_URL,SRC_REG_EXP,DEST_REG_EXP,EXEC_JAVASCRIPT,PAGE_URL_AS_VALUE,REG_EXP_ITEM_RELATION,BY_ELE_TYPE,BY_ELE_VAL,BY_TAG_ATTRIBUTE,BY_TAG_ATTRIBUTE_VALUE_PLUS,PARSE_VALUE_REG_EXP,IS_DIRECT_GET_TEXT,USE_THIS_SETTING_URL_CHARACTOR) values (414,46,'data_xiu_hao_chi','jiao_yi_success','30天内成功的交易数量',null,null,null,'DATA_TYPE_STRING','1',null,0,0,null,null,null,0,0,'XPath','//*[@id=main_bd]/div[2]/div[2]/div[2]/p[2]/i',null,0,null,1,null);
Insert into DATACOLLECT.PARSE_ITEM (ID,PARSE_ID,SAVE_TO_TABLE,SAVE_TO_COLUMN,COLUMN_DESC,CHARACTOR,NOT_CHARACTOR,DEFAULT_VAL,DATA_TYPE,NUMBER_MULTIPLY_BY,DATE_FORMAT,IS_CHECK_REPEAT_COLUMN,IS_URL,SRC_REG_EXP,DEST_REG_EXP,EXEC_JAVASCRIPT,PAGE_URL_AS_VALUE,REG_EXP_ITEM_RELATION,BY_ELE_TYPE,BY_ELE_VAL,BY_TAG_ATTRIBUTE,BY_TAG_ATTRIBUTE_VALUE_PLUS,PARSE_VALUE_REG_EXP,IS_DIRECT_GET_TEXT,USE_THIS_SETTING_URL_CHARACTOR) values (415,46,'data_xiu_hao_chi','jiao_yi_success_num','30天内成功的交易数量的数值',null,null,null,'DATA_TYPE_NUMBER','1',null,0,0,null,null,null,0,0,'XPath','//*[@id=main_bd]/div[2]/div[2]/div[2]/p[2]/i',null,0,null,1,null);
Insert into DATACOLLECT.PARSE_ITEM (ID,PARSE_ID,SAVE_TO_TABLE,SAVE_TO_COLUMN,COLUMN_DESC,CHARACTOR,NOT_CHARACTOR,DEFAULT_VAL,DATA_TYPE,NUMBER_MULTIPLY_BY,DATE_FORMAT,IS_CHECK_REPEAT_COLUMN,IS_URL,SRC_REG_EXP,DEST_REG_EXP,EXEC_JAVASCRIPT,PAGE_URL_AS_VALUE,REG_EXP_ITEM_RELATION,BY_ELE_TYPE,BY_ELE_VAL,BY_TAG_ATTRIBUTE,BY_TAG_ATTRIBUTE_VALUE_PLUS,PARSE_VALUE_REG_EXP,IS_DIRECT_GET_TEXT,USE_THIS_SETTING_URL_CHARACTOR) values (416,46,'data_xiu_hao_chi','meta_desc','商品 meta description 信息',null,null,null,'DATA_TYPE_STRING',null,null,0,0,'欢迎前来淘宝网;',';',null,0,1,'Tag_Name','head',null,0,null,0,null);
Insert into DATACOLLECT.PARSE_ITEM (ID,PARSE_ID,SAVE_TO_TABLE,SAVE_TO_COLUMN,COLUMN_DESC,CHARACTOR,NOT_CHARACTOR,DEFAULT_VAL,DATA_TYPE,NUMBER_MULTIPLY_BY,DATE_FORMAT,IS_CHECK_REPEAT_COLUMN,IS_URL,SRC_REG_EXP,DEST_REG_EXP,EXEC_JAVASCRIPT,PAGE_URL_AS_VALUE,REG_EXP_ITEM_RELATION,BY_ELE_TYPE,BY_ELE_VAL,BY_TAG_ATTRIBUTE,BY_TAG_ATTRIBUTE_VALUE_PLUS,PARSE_VALUE_REG_EXP,IS_DIRECT_GET_TEXT,USE_THIS_SETTING_URL_CHARACTOR) values (417,46,'data_xiu_hao_chi','meta_search_keyword','商品 meta keyword 关键词信息',null,null,null,'DATA_TYPE_STRING',null,null,0,0,'淘宝,;掏宝,;网上购物,;店铺,;',';;;;',null,0,1,'Tag_Name','head',null,0,null,0,null);
Insert into DATACOLLECT.PARSE_ITEM (ID,PARSE_ID,SAVE_TO_TABLE,SAVE_TO_COLUMN,COLUMN_DESC,CHARACTOR,NOT_CHARACTOR,DEFAULT_VAL,DATA_TYPE,NUMBER_MULTIPLY_BY,DATE_FORMAT,IS_CHECK_REPEAT_COLUMN,IS_URL,SRC_REG_EXP,DEST_REG_EXP,EXEC_JAVASCRIPT,PAGE_URL_AS_VALUE,REG_EXP_ITEM_RELATION,BY_ELE_TYPE,BY_ELE_VAL,BY_TAG_ATTRIBUTE,BY_TAG_ATTRIBUTE_VALUE_PLUS,PARSE_VALUE_REG_EXP,IS_DIRECT_GET_TEXT,USE_THIS_SETTING_URL_CHARACTOR) values (418,46,'data_xiu_hao_chi','ping_fen','商品评分',null,null,null,'DATA_TYPE_STRING',null,null,0,0,'starlevel s',null,null,0,0,'XPath','//*[@id=main_bd]/div[2]/div[2]/div[2]/div[3]/p[3]/span[1]','class',0,null,0,null);
Insert into DATACOLLECT.PARSE_ITEM (ID,PARSE_ID,SAVE_TO_TABLE,SAVE_TO_COLUMN,COLUMN_DESC,CHARACTOR,NOT_CHARACTOR,DEFAULT_VAL,DATA_TYPE,NUMBER_MULTIPLY_BY,DATE_FORMAT,IS_CHECK_REPEAT_COLUMN,IS_URL,SRC_REG_EXP,DEST_REG_EXP,EXEC_JAVASCRIPT,PAGE_URL_AS_VALUE,REG_EXP_ITEM_RELATION,BY_ELE_TYPE,BY_ELE_VAL,BY_TAG_ATTRIBUTE,BY_TAG_ATTRIBUTE_VALUE_PLUS,PARSE_VALUE_REG_EXP,IS_DIRECT_GET_TEXT,USE_THIS_SETTING_URL_CHARACTOR) values (419,46,'data_xiu_hao_chi','ping_fen_num','商品评分数字表示',null,null,null,'DATA_TYPE_NUMBER',null,null,0,0,'starlevel s',null,null,0,0,'XPath','//*[@id=main_bd]/div[2]/div[2]/div[2]/div[3]/p[3]/span[1]','class',0,null,0,null);
Insert into DATACOLLECT.PARSE_ITEM (ID,PARSE_ID,SAVE_TO_TABLE,SAVE_TO_COLUMN,COLUMN_DESC,CHARACTOR,NOT_CHARACTOR,DEFAULT_VAL,DATA_TYPE,NUMBER_MULTIPLY_BY,DATE_FORMAT,IS_CHECK_REPEAT_COLUMN,IS_URL,SRC_REG_EXP,DEST_REG_EXP,EXEC_JAVASCRIPT,PAGE_URL_AS_VALUE,REG_EXP_ITEM_RELATION,BY_ELE_TYPE,BY_ELE_VAL,BY_TAG_ATTRIBUTE,BY_TAG_ATTRIBUTE_VALUE_PLUS,PARSE_VALUE_REG_EXP,IS_DIRECT_GET_TEXT,USE_THIS_SETTING_URL_CHARACTOR) values (420,46,'data_xiu_hao_chi','shang_pin_lai_yuan','商品信息来源',null,null,'4','DATA_TYPE_STRING',null,null,0,0,null,null,null,0,0,'Id','qq',null,0,null,0,null);
Insert into DATACOLLECT.PARSE_ITEM (ID,PARSE_ID,SAVE_TO_TABLE,SAVE_TO_COLUMN,COLUMN_DESC,CHARACTOR,NOT_CHARACTOR,DEFAULT_VAL,DATA_TYPE,NUMBER_MULTIPLY_BY,DATE_FORMAT,IS_CHECK_REPEAT_COLUMN,IS_URL,SRC_REG_EXP,DEST_REG_EXP,EXEC_JAVASCRIPT,PAGE_URL_AS_VALUE,REG_EXP_ITEM_RELATION,BY_ELE_TYPE,BY_ELE_VAL,BY_TAG_ATTRIBUTE,BY_TAG_ATTRIBUTE_VALUE_PLUS,PARSE_VALUE_REG_EXP,IS_DIRECT_GET_TEXT,USE_THIS_SETTING_URL_CHARACTOR) values (422,46,'data_xiu_hao_chi','shop_name','店铺名称',null,null,null,'DATA_TYPE_STRING',null,null,0,0,null,null,null,0,0,'XPath','//*[@id=main_bd]/div[2]/div[2]/div[2]/div[1]/a[1]',null,0,null,1,null);
Insert into DATACOLLECT.PARSE_ITEM (ID,PARSE_ID,SAVE_TO_TABLE,SAVE_TO_COLUMN,COLUMN_DESC,CHARACTOR,NOT_CHARACTOR,DEFAULT_VAL,DATA_TYPE,NUMBER_MULTIPLY_BY,DATE_FORMAT,IS_CHECK_REPEAT_COLUMN,IS_URL,SRC_REG_EXP,DEST_REG_EXP,EXEC_JAVASCRIPT,PAGE_URL_AS_VALUE,REG_EXP_ITEM_RELATION,BY_ELE_TYPE,BY_ELE_VAL,BY_TAG_ATTRIBUTE,BY_TAG_ATTRIBUTE_VALUE_PLUS,PARSE_VALUE_REG_EXP,IS_DIRECT_GET_TEXT,USE_THIS_SETTING_URL_CHARACTOR) values (423,46,'data_xiu_hao_chi','shop_url','店铺链接url',null,null,null,'DATA_TYPE_STRING',null,null,0,0,null,null,null,0,0,'XPath','//*[@id=main_bd]/div[2]/div[2]/div[2]/div[1]/a[1]','href',0,null,0,null);
Insert into DATACOLLECT.PARSE_ITEM (ID,PARSE_ID,SAVE_TO_TABLE,SAVE_TO_COLUMN,COLUMN_DESC,CHARACTOR,NOT_CHARACTOR,DEFAULT_VAL,DATA_TYPE,NUMBER_MULTIPLY_BY,DATE_FORMAT,IS_CHECK_REPEAT_COLUMN,IS_URL,SRC_REG_EXP,DEST_REG_EXP,EXEC_JAVASCRIPT,PAGE_URL_AS_VALUE,REG_EXP_ITEM_RELATION,BY_ELE_TYPE,BY_ELE_VAL,BY_TAG_ATTRIBUTE,BY_TAG_ATTRIBUTE_VALUE_PLUS,PARSE_VALUE_REG_EXP,IS_DIRECT_GET_TEXT,USE_THIS_SETTING_URL_CHARACTOR) values (425,46,'data_xiu_hao_chi','fen_lei','商品分类信息',null,null,null,'DATA_TYPE_STRING','1',null,0,0,null,null,null,0,0,'XPath','//*[@id=main_bd]/div[1]',null,0,null,1,null);
Insert into DATACOLLECT.PARSE_ITEM (ID,PARSE_ID,SAVE_TO_TABLE,SAVE_TO_COLUMN,COLUMN_DESC,CHARACTOR,NOT_CHARACTOR,DEFAULT_VAL,DATA_TYPE,NUMBER_MULTIPLY_BY,DATE_FORMAT,IS_CHECK_REPEAT_COLUMN,IS_URL,SRC_REG_EXP,DEST_REG_EXP,EXEC_JAVASCRIPT,PAGE_URL_AS_VALUE,REG_EXP_ITEM_RELATION,BY_ELE_TYPE,BY_ELE_VAL,BY_TAG_ATTRIBUTE,BY_TAG_ATTRIBUTE_VALUE_PLUS,PARSE_VALUE_REG_EXP,IS_DIRECT_GET_TEXT,USE_THIS_SETTING_URL_CHARACTOR) values (426,30,'data_xiu_hao_chi','song_ji_fen_num','商城送的积分多少数值',null,null,null,'DATA_TYPE_NUMBER','1',null,0,0,null,null,null,0,0,'Id','J_EmPoint',null,0,null,1,null);
Insert into DATACOLLECT.PARSE_ITEM (ID,PARSE_ID,SAVE_TO_TABLE,SAVE_TO_COLUMN,COLUMN_DESC,CHARACTOR,NOT_CHARACTOR,DEFAULT_VAL,DATA_TYPE,NUMBER_MULTIPLY_BY,DATE_FORMAT,IS_CHECK_REPEAT_COLUMN,IS_URL,SRC_REG_EXP,DEST_REG_EXP,EXEC_JAVASCRIPT,PAGE_URL_AS_VALUE,REG_EXP_ITEM_RELATION,BY_ELE_TYPE,BY_ELE_VAL,BY_TAG_ATTRIBUTE,BY_TAG_ATTRIBUTE_VALUE_PLUS,PARSE_VALUE_REG_EXP,IS_DIRECT_GET_TEXT,USE_THIS_SETTING_URL_CHARACTOR) values (427,30,'data_xiu_hao_chi','song_ji_fen','商城针对该商品送的积分字符串表达',null,null,null,'DATA_TYPE_STRING','1',null,0,0,null,null,null,0,0,'XPath','//*[@id=J_DetailMeta]/div[1]/div/ul[2]/li/ul/li[1]',null,0,null,1,null);
Insert into DATACOLLECT.PARSE_ITEM (ID,PARSE_ID,SAVE_TO_TABLE,SAVE_TO_COLUMN,COLUMN_DESC,CHARACTOR,NOT_CHARACTOR,DEFAULT_VAL,DATA_TYPE,NUMBER_MULTIPLY_BY,DATE_FORMAT,IS_CHECK_REPEAT_COLUMN,IS_URL,SRC_REG_EXP,DEST_REG_EXP,EXEC_JAVASCRIPT,PAGE_URL_AS_VALUE,REG_EXP_ITEM_RELATION,BY_ELE_TYPE,BY_ELE_VAL,BY_TAG_ATTRIBUTE,BY_TAG_ATTRIBUTE_VALUE_PLUS,PARSE_VALUE_REG_EXP,IS_DIRECT_GET_TEXT,USE_THIS_SETTING_URL_CHARACTOR) values (428,47,'data_xiu_hao_chi','biao_ti','商品标题',null,null,null,'DATA_TYPE_STRING',null,null,0,0,'C我买网',null,null,0,0,'XPath','/html/head/title',null,0,null,1,null);
Insert into DATACOLLECT.PARSE_ITEM (ID,PARSE_ID,SAVE_TO_TABLE,SAVE_TO_COLUMN,COLUMN_DESC,CHARACTOR,NOT_CHARACTOR,DEFAULT_VAL,DATA_TYPE,NUMBER_MULTIPLY_BY,DATE_FORMAT,IS_CHECK_REPEAT_COLUMN,IS_URL,SRC_REG_EXP,DEST_REG_EXP,EXEC_JAVASCRIPT,PAGE_URL_AS_VALUE,REG_EXP_ITEM_RELATION,BY_ELE_TYPE,BY_ELE_VAL,BY_TAG_ATTRIBUTE,BY_TAG_ATTRIBUTE_VALUE_PLUS,PARSE_VALUE_REG_EXP,IS_DIRECT_GET_TEXT,USE_THIS_SETTING_URL_CHARACTOR) values (429,47,'data_xiu_hao_chi','cu_xiao_jia','促销价',null,null,null,'DATA_TYPE_STRING',null,null,0,0,null,null,null,0,0,'Id','VIPPrice',null,0,null,1,null);
Insert into DATACOLLECT.PARSE_ITEM (ID,PARSE_ID,SAVE_TO_TABLE,SAVE_TO_COLUMN,COLUMN_DESC,CHARACTOR,NOT_CHARACTOR,DEFAULT_VAL,DATA_TYPE,NUMBER_MULTIPLY_BY,DATE_FORMAT,IS_CHECK_REPEAT_COLUMN,IS_URL,SRC_REG_EXP,DEST_REG_EXP,EXEC_JAVASCRIPT,PAGE_URL_AS_VALUE,REG_EXP_ITEM_RELATION,BY_ELE_TYPE,BY_ELE_VAL,BY_TAG_ATTRIBUTE,BY_TAG_ATTRIBUTE_VALUE_PLUS,PARSE_VALUE_REG_EXP,IS_DIRECT_GET_TEXT,USE_THIS_SETTING_URL_CHARACTOR) values (430,47,'data_xiu_hao_chi','cu_xiao_jia_num','促销价数值表示',null,null,null,'DATA_TYPE_NUMBER',null,null,0,0,'?;￥',null,null,0,1,'Id','VIPPrice',null,0,null,1,null);
Insert into DATACOLLECT.PARSE_ITEM (ID,PARSE_ID,SAVE_TO_TABLE,SAVE_TO_COLUMN,COLUMN_DESC,CHARACTOR,NOT_CHARACTOR,DEFAULT_VAL,DATA_TYPE,NUMBER_MULTIPLY_BY,DATE_FORMAT,IS_CHECK_REPEAT_COLUMN,IS_URL,SRC_REG_EXP,DEST_REG_EXP,EXEC_JAVASCRIPT,PAGE_URL_AS_VALUE,REG_EXP_ITEM_RELATION,BY_ELE_TYPE,BY_ELE_VAL,BY_TAG_ATTRIBUTE,BY_TAG_ATTRIBUTE_VALUE_PLUS,PARSE_VALUE_REG_EXP,IS_DIRECT_GET_TEXT,USE_THIS_SETTING_URL_CHARACTOR) values (433,47,'data_xiu_hao_chi','hao_ping_lv','店铺好评率',null,null,null,'DATA_TYPE_STRING','1',null,0,0,null,null,null,0,0,'XPath','//*[@id=remark]/div[2]/div[1]/div/div[5]/div[3]',null,0,null,1,null);
Insert into DATACOLLECT.PARSE_ITEM (ID,PARSE_ID,SAVE_TO_TABLE,SAVE_TO_COLUMN,COLUMN_DESC,CHARACTOR,NOT_CHARACTOR,DEFAULT_VAL,DATA_TYPE,NUMBER_MULTIPLY_BY,DATE_FORMAT,IS_CHECK_REPEAT_COLUMN,IS_URL,SRC_REG_EXP,DEST_REG_EXP,EXEC_JAVASCRIPT,PAGE_URL_AS_VALUE,REG_EXP_ITEM_RELATION,BY_ELE_TYPE,BY_ELE_VAL,BY_TAG_ATTRIBUTE,BY_TAG_ATTRIBUTE_VALUE_PLUS,PARSE_VALUE_REG_EXP,IS_DIRECT_GET_TEXT,USE_THIS_SETTING_URL_CHARACTOR) values (434,47,'data_xiu_hao_chi','hao_ping_lv_num','店铺好评率数值',null,null,null,'DATA_TYPE_NUMBER','1',null,0,0,null,null,null,0,0,'XPath','//*[@id=remark]/div[2]/div[1]/div/div[5]/div[3]/span',null,0,null,1,null);
Insert into DATACOLLECT.PARSE_ITEM (ID,PARSE_ID,SAVE_TO_TABLE,SAVE_TO_COLUMN,COLUMN_DESC,CHARACTOR,NOT_CHARACTOR,DEFAULT_VAL,DATA_TYPE,NUMBER_MULTIPLY_BY,DATE_FORMAT,IS_CHECK_REPEAT_COLUMN,IS_URL,SRC_REG_EXP,DEST_REG_EXP,EXEC_JAVASCRIPT,PAGE_URL_AS_VALUE,REG_EXP_ITEM_RELATION,BY_ELE_TYPE,BY_ELE_VAL,BY_TAG_ATTRIBUTE,BY_TAG_ATTRIBUTE_VALUE_PLUS,PARSE_VALUE_REG_EXP,IS_DIRECT_GET_TEXT,USE_THIS_SETTING_URL_CHARACTOR) values (435,47,'data_xiu_hao_chi','img_url','图片链接url',null,null,null,'DATA_TYPE_STRING',null,null,0,0,null,null,null,0,0,'XPath','//*[@id=preview]/span/img;//*[@id=midImg_0]/img','src',0,null,0,null);
Insert into DATACOLLECT.PARSE_ITEM (ID,PARSE_ID,SAVE_TO_TABLE,SAVE_TO_COLUMN,COLUMN_DESC,CHARACTOR,NOT_CHARACTOR,DEFAULT_VAL,DATA_TYPE,NUMBER_MULTIPLY_BY,DATE_FORMAT,IS_CHECK_REPEAT_COLUMN,IS_URL,SRC_REG_EXP,DEST_REG_EXP,EXEC_JAVASCRIPT,PAGE_URL_AS_VALUE,REG_EXP_ITEM_RELATION,BY_ELE_TYPE,BY_ELE_VAL,BY_TAG_ATTRIBUTE,BY_TAG_ATTRIBUTE_VALUE_PLUS,PARSE_VALUE_REG_EXP,IS_DIRECT_GET_TEXT,USE_THIS_SETTING_URL_CHARACTOR) values (436,47,'data_xiu_hao_chi','item_url','商品链接url',null,null,null,'DATA_TYPE_STRING',null,null,1,0,null,null,null,1,0,'Id','qq',null,0,null,0,null);
Insert into DATACOLLECT.PARSE_ITEM (ID,PARSE_ID,SAVE_TO_TABLE,SAVE_TO_COLUMN,COLUMN_DESC,CHARACTOR,NOT_CHARACTOR,DEFAULT_VAL,DATA_TYPE,NUMBER_MULTIPLY_BY,DATE_FORMAT,IS_CHECK_REPEAT_COLUMN,IS_URL,SRC_REG_EXP,DEST_REG_EXP,EXEC_JAVASCRIPT,PAGE_URL_AS_VALUE,REG_EXP_ITEM_RELATION,BY_ELE_TYPE,BY_ELE_VAL,BY_TAG_ATTRIBUTE,BY_TAG_ATTRIBUTE_VALUE_PLUS,PARSE_VALUE_REG_EXP,IS_DIRECT_GET_TEXT,USE_THIS_SETTING_URL_CHARACTOR) values (437,47,'data_xiu_hao_chi','jia_ge','商品价格',null,null,null,'DATA_TYPE_STRING',null,null,0,0,null,null,null,0,0,'Id','buyPrice',null,0,null,1,null);
Insert into DATACOLLECT.PARSE_ITEM (ID,PARSE_ID,SAVE_TO_TABLE,SAVE_TO_COLUMN,COLUMN_DESC,CHARACTOR,NOT_CHARACTOR,DEFAULT_VAL,DATA_TYPE,NUMBER_MULTIPLY_BY,DATE_FORMAT,IS_CHECK_REPEAT_COLUMN,IS_URL,SRC_REG_EXP,DEST_REG_EXP,EXEC_JAVASCRIPT,PAGE_URL_AS_VALUE,REG_EXP_ITEM_RELATION,BY_ELE_TYPE,BY_ELE_VAL,BY_TAG_ATTRIBUTE,BY_TAG_ATTRIBUTE_VALUE_PLUS,PARSE_VALUE_REG_EXP,IS_DIRECT_GET_TEXT,USE_THIS_SETTING_URL_CHARACTOR) values (438,47,'data_xiu_hao_chi','jia_ge_num','商品价格数字表示',null,null,null,'DATA_TYPE_NUMBER',null,null,0,0,'?',null,null,0,1,'Id','buyPrice',null,0,null,1,null);
Insert into DATACOLLECT.PARSE_ITEM (ID,PARSE_ID,SAVE_TO_TABLE,SAVE_TO_COLUMN,COLUMN_DESC,CHARACTOR,NOT_CHARACTOR,DEFAULT_VAL,DATA_TYPE,NUMBER_MULTIPLY_BY,DATE_FORMAT,IS_CHECK_REPEAT_COLUMN,IS_URL,SRC_REG_EXP,DEST_REG_EXP,EXEC_JAVASCRIPT,PAGE_URL_AS_VALUE,REG_EXP_ITEM_RELATION,BY_ELE_TYPE,BY_ELE_VAL,BY_TAG_ATTRIBUTE,BY_TAG_ATTRIBUTE_VALUE_PLUS,PARSE_VALUE_REG_EXP,IS_DIRECT_GET_TEXT,USE_THIS_SETTING_URL_CHARACTOR) values (443,47,'data_xiu_hao_chi','meta_desc','商品 meta description 信息',null,null,null,'DATA_TYPE_STRING',null,null,0,0,null,null,null,0,1,'XPath','/html/head/meta[@name=''description'']','content',0,null,0,null);
Insert into DATACOLLECT.PARSE_ITEM (ID,PARSE_ID,SAVE_TO_TABLE,SAVE_TO_COLUMN,COLUMN_DESC,CHARACTOR,NOT_CHARACTOR,DEFAULT_VAL,DATA_TYPE,NUMBER_MULTIPLY_BY,DATE_FORMAT,IS_CHECK_REPEAT_COLUMN,IS_URL,SRC_REG_EXP,DEST_REG_EXP,EXEC_JAVASCRIPT,PAGE_URL_AS_VALUE,REG_EXP_ITEM_RELATION,BY_ELE_TYPE,BY_ELE_VAL,BY_TAG_ATTRIBUTE,BY_TAG_ATTRIBUTE_VALUE_PLUS,PARSE_VALUE_REG_EXP,IS_DIRECT_GET_TEXT,USE_THIS_SETTING_URL_CHARACTOR) values (444,47,'data_xiu_hao_chi','meta_search_keyword','商品 meta keyword 关键词信息',null,null,null,'DATA_TYPE_STRING',null,null,0,0,null,null,null,0,1,'XPath','/html/head/meta[@name=''keywords'']','content',0,null,0,null);
Insert into DATACOLLECT.PARSE_ITEM (ID,PARSE_ID,SAVE_TO_TABLE,SAVE_TO_COLUMN,COLUMN_DESC,CHARACTOR,NOT_CHARACTOR,DEFAULT_VAL,DATA_TYPE,NUMBER_MULTIPLY_BY,DATE_FORMAT,IS_CHECK_REPEAT_COLUMN,IS_URL,SRC_REG_EXP,DEST_REG_EXP,EXEC_JAVASCRIPT,PAGE_URL_AS_VALUE,REG_EXP_ITEM_RELATION,BY_ELE_TYPE,BY_ELE_VAL,BY_TAG_ATTRIBUTE,BY_TAG_ATTRIBUTE_VALUE_PLUS,PARSE_VALUE_REG_EXP,IS_DIRECT_GET_TEXT,USE_THIS_SETTING_URL_CHARACTOR) values (445,47,'data_xiu_hao_chi','ping_fen','商品评分',null,null,null,'DATA_TYPE_STRING',null,null,0,0,null,null,null,0,0,'XPath','/html/body/div[5]/div[2]/div[2]/div[2]/div[4]/div[3]/a[1]',null,0,null,1,null);
Insert into DATACOLLECT.PARSE_ITEM (ID,PARSE_ID,SAVE_TO_TABLE,SAVE_TO_COLUMN,COLUMN_DESC,CHARACTOR,NOT_CHARACTOR,DEFAULT_VAL,DATA_TYPE,NUMBER_MULTIPLY_BY,DATE_FORMAT,IS_CHECK_REPEAT_COLUMN,IS_URL,SRC_REG_EXP,DEST_REG_EXP,EXEC_JAVASCRIPT,PAGE_URL_AS_VALUE,REG_EXP_ITEM_RELATION,BY_ELE_TYPE,BY_ELE_VAL,BY_TAG_ATTRIBUTE,BY_TAG_ATTRIBUTE_VALUE_PLUS,PARSE_VALUE_REG_EXP,IS_DIRECT_GET_TEXT,USE_THIS_SETTING_URL_CHARACTOR) values (446,47,'data_xiu_hao_chi','ping_fen_num','商品评分数字表示',null,null,null,'DATA_TYPE_NUMBER',null,null,0,0,null,null,null,0,0,'XPath','/html/body/div[5]/div[2]/div[2]/div[2]/div[4]/div[3]/a[1]',null,0,null,1,null);
Insert into DATACOLLECT.PARSE_ITEM (ID,PARSE_ID,SAVE_TO_TABLE,SAVE_TO_COLUMN,COLUMN_DESC,CHARACTOR,NOT_CHARACTOR,DEFAULT_VAL,DATA_TYPE,NUMBER_MULTIPLY_BY,DATE_FORMAT,IS_CHECK_REPEAT_COLUMN,IS_URL,SRC_REG_EXP,DEST_REG_EXP,EXEC_JAVASCRIPT,PAGE_URL_AS_VALUE,REG_EXP_ITEM_RELATION,BY_ELE_TYPE,BY_ELE_VAL,BY_TAG_ATTRIBUTE,BY_TAG_ATTRIBUTE_VALUE_PLUS,PARSE_VALUE_REG_EXP,IS_DIRECT_GET_TEXT,USE_THIS_SETTING_URL_CHARACTOR) values (447,47,'data_xiu_hao_chi','shang_pin_lai_yuan','商品信息来源',null,null,'5','DATA_TYPE_STRING',null,null,0,0,null,null,null,0,0,'Id','qq',null,0,null,0,null);
Insert into DATACOLLECT.PARSE_ITEM (ID,PARSE_ID,SAVE_TO_TABLE,SAVE_TO_COLUMN,COLUMN_DESC,CHARACTOR,NOT_CHARACTOR,DEFAULT_VAL,DATA_TYPE,NUMBER_MULTIPLY_BY,DATE_FORMAT,IS_CHECK_REPEAT_COLUMN,IS_URL,SRC_REG_EXP,DEST_REG_EXP,EXEC_JAVASCRIPT,PAGE_URL_AS_VALUE,REG_EXP_ITEM_RELATION,BY_ELE_TYPE,BY_ELE_VAL,BY_TAG_ATTRIBUTE,BY_TAG_ATTRIBUTE_VALUE_PLUS,PARSE_VALUE_REG_EXP,IS_DIRECT_GET_TEXT,USE_THIS_SETTING_URL_CHARACTOR) values (452,47,'data_xiu_hao_chi','song_ji_fen','我买网送的积分',null,null,null,'DATA_TYPE_STRING','1',null,0,0,'积分能兑换什么？',null,null,0,0,'Id','integralinfo',null,0,null,1,null);
Insert into DATACOLLECT.PARSE_ITEM (ID,PARSE_ID,SAVE_TO_TABLE,SAVE_TO_COLUMN,COLUMN_DESC,CHARACTOR,NOT_CHARACTOR,DEFAULT_VAL,DATA_TYPE,NUMBER_MULTIPLY_BY,DATE_FORMAT,IS_CHECK_REPEAT_COLUMN,IS_URL,SRC_REG_EXP,DEST_REG_EXP,EXEC_JAVASCRIPT,PAGE_URL_AS_VALUE,REG_EXP_ITEM_RELATION,BY_ELE_TYPE,BY_ELE_VAL,BY_TAG_ATTRIBUTE,BY_TAG_ATTRIBUTE_VALUE_PLUS,PARSE_VALUE_REG_EXP,IS_DIRECT_GET_TEXT,USE_THIS_SETTING_URL_CHARACTOR) values (453,47,'data_xiu_hao_chi','song_ji_fen_num','我买网送的积分数值表示',null,null,null,'DATA_TYPE_NUMBER','1',null,0,0,null,null,null,0,0,'Id','userPoints',null,0,null,1,null);
Insert into DATACOLLECT.PARSE_ITEM (ID,PARSE_ID,SAVE_TO_TABLE,SAVE_TO_COLUMN,COLUMN_DESC,CHARACTOR,NOT_CHARACTOR,DEFAULT_VAL,DATA_TYPE,NUMBER_MULTIPLY_BY,DATE_FORMAT,IS_CHECK_REPEAT_COLUMN,IS_URL,SRC_REG_EXP,DEST_REG_EXP,EXEC_JAVASCRIPT,PAGE_URL_AS_VALUE,REG_EXP_ITEM_RELATION,BY_ELE_TYPE,BY_ELE_VAL,BY_TAG_ATTRIBUTE,BY_TAG_ATTRIBUTE_VALUE_PLUS,PARSE_VALUE_REG_EXP,IS_DIRECT_GET_TEXT,USE_THIS_SETTING_URL_CHARACTOR) values (454,48,'data_video','biao_ti','视频标题',null,null,null,'DATA_TYPE_STRING','1',null,0,0,null,null,null,0,0,'XPath','/html/head/title',null,0,null,1,null);
Insert into DATACOLLECT.PARSE_ITEM (ID,PARSE_ID,SAVE_TO_TABLE,SAVE_TO_COLUMN,COLUMN_DESC,CHARACTOR,NOT_CHARACTOR,DEFAULT_VAL,DATA_TYPE,NUMBER_MULTIPLY_BY,DATE_FORMAT,IS_CHECK_REPEAT_COLUMN,IS_URL,SRC_REG_EXP,DEST_REG_EXP,EXEC_JAVASCRIPT,PAGE_URL_AS_VALUE,REG_EXP_ITEM_RELATION,BY_ELE_TYPE,BY_ELE_VAL,BY_TAG_ATTRIBUTE,BY_TAG_ATTRIBUTE_VALUE_PLUS,PARSE_VALUE_REG_EXP,IS_DIRECT_GET_TEXT,USE_THIS_SETTING_URL_CHARACTOR) values (455,48,'data_video','cai_num','踩视频的数量',null,null,null,'DATA_TYPE_NUMBER','1',null,0,0,',',null,null,0,0,'Id','downVideoTimes',null,0,null,1,null);
Insert into DATACOLLECT.PARSE_ITEM (ID,PARSE_ID,SAVE_TO_TABLE,SAVE_TO_COLUMN,COLUMN_DESC,CHARACTOR,NOT_CHARACTOR,DEFAULT_VAL,DATA_TYPE,NUMBER_MULTIPLY_BY,DATE_FORMAT,IS_CHECK_REPEAT_COLUMN,IS_URL,SRC_REG_EXP,DEST_REG_EXP,EXEC_JAVASCRIPT,PAGE_URL_AS_VALUE,REG_EXP_ITEM_RELATION,BY_ELE_TYPE,BY_ELE_VAL,BY_TAG_ATTRIBUTE,BY_TAG_ATTRIBUTE_VALUE_PLUS,PARSE_VALUE_REG_EXP,IS_DIRECT_GET_TEXT,USE_THIS_SETTING_URL_CHARACTOR) values (456,48,'data_video','dao_yan','视频导演',null,null,null,'DATA_TYPE_STRING','1',null,0,0,null,null,null,0,0,'XPath','//*[@id=vpofficialinfov5]/div/div/div[2]/div/div[1]/ul/li[5]/a',null,0,null,1,null);
Insert into DATACOLLECT.PARSE_ITEM (ID,PARSE_ID,SAVE_TO_TABLE,SAVE_TO_COLUMN,COLUMN_DESC,CHARACTOR,NOT_CHARACTOR,DEFAULT_VAL,DATA_TYPE,NUMBER_MULTIPLY_BY,DATE_FORMAT,IS_CHECK_REPEAT_COLUMN,IS_URL,SRC_REG_EXP,DEST_REG_EXP,EXEC_JAVASCRIPT,PAGE_URL_AS_VALUE,REG_EXP_ITEM_RELATION,BY_ELE_TYPE,BY_ELE_VAL,BY_TAG_ATTRIBUTE,BY_TAG_ATTRIBUTE_VALUE_PLUS,PARSE_VALUE_REG_EXP,IS_DIRECT_GET_TEXT,USE_THIS_SETTING_URL_CHARACTOR) values (457,48,'data_video','ding_num','顶视频的数量',null,null,null,'DATA_TYPE_NUMBER','1',null,0,0,',',null,null,0,0,'Id','upVideoTimes',null,0,null,1,null);
Insert into DATACOLLECT.PARSE_ITEM (ID,PARSE_ID,SAVE_TO_TABLE,SAVE_TO_COLUMN,COLUMN_DESC,CHARACTOR,NOT_CHARACTOR,DEFAULT_VAL,DATA_TYPE,NUMBER_MULTIPLY_BY,DATE_FORMAT,IS_CHECK_REPEAT_COLUMN,IS_URL,SRC_REG_EXP,DEST_REG_EXP,EXEC_JAVASCRIPT,PAGE_URL_AS_VALUE,REG_EXP_ITEM_RELATION,BY_ELE_TYPE,BY_ELE_VAL,BY_TAG_ATTRIBUTE,BY_TAG_ATTRIBUTE_VALUE_PLUS,PARSE_VALUE_REG_EXP,IS_DIRECT_GET_TEXT,USE_THIS_SETTING_URL_CHARACTOR) values (458,48,'data_video','chuang_jian_zhe','视频创建者',null,null,null,'DATA_TYPE_STRING','1',null,0,0,null,null,null,0,0,'XPath','//*[@id=vpfolderinfov5]/div/div/div[2]/div/div/div[3]/a',null,0,null,1,null);
Insert into DATACOLLECT.PARSE_ITEM (ID,PARSE_ID,SAVE_TO_TABLE,SAVE_TO_COLUMN,COLUMN_DESC,CHARACTOR,NOT_CHARACTOR,DEFAULT_VAL,DATA_TYPE,NUMBER_MULTIPLY_BY,DATE_FORMAT,IS_CHECK_REPEAT_COLUMN,IS_URL,SRC_REG_EXP,DEST_REG_EXP,EXEC_JAVASCRIPT,PAGE_URL_AS_VALUE,REG_EXP_ITEM_RELATION,BY_ELE_TYPE,BY_ELE_VAL,BY_TAG_ATTRIBUTE,BY_TAG_ATTRIBUTE_VALUE_PLUS,PARSE_VALUE_REG_EXP,IS_DIRECT_GET_TEXT,USE_THIS_SETTING_URL_CHARACTOR) values (459,48,'data_video','di_qu','电视剧或者电影地区',null,null,null,'DATA_TYPE_STRING','1',null,0,0,'地区:',null,null,0,0,'XPath','//*[@id=vpofficialinfov5]/div/div/div[2]/div/div[1]/ul/li[3]',null,0,null,1,null);
Insert into DATACOLLECT.PARSE_ITEM (ID,PARSE_ID,SAVE_TO_TABLE,SAVE_TO_COLUMN,COLUMN_DESC,CHARACTOR,NOT_CHARACTOR,DEFAULT_VAL,DATA_TYPE,NUMBER_MULTIPLY_BY,DATE_FORMAT,IS_CHECK_REPEAT_COLUMN,IS_URL,SRC_REG_EXP,DEST_REG_EXP,EXEC_JAVASCRIPT,PAGE_URL_AS_VALUE,REG_EXP_ITEM_RELATION,BY_ELE_TYPE,BY_ELE_VAL,BY_TAG_ATTRIBUTE,BY_TAG_ATTRIBUTE_VALUE_PLUS,PARSE_VALUE_REG_EXP,IS_DIRECT_GET_TEXT,USE_THIS_SETTING_URL_CHARACTOR) values (460,48,'data_video','item_url','视频页面的链接地址',null,null,null,'DATA_TYPE_STRING','1',null,1,0,null,null,null,1,0,'Id','qq',null,0,null,1,null);
Insert into DATACOLLECT.PARSE_ITEM (ID,PARSE_ID,SAVE_TO_TABLE,SAVE_TO_COLUMN,COLUMN_DESC,CHARACTOR,NOT_CHARACTOR,DEFAULT_VAL,DATA_TYPE,NUMBER_MULTIPLY_BY,DATE_FORMAT,IS_CHECK_REPEAT_COLUMN,IS_URL,SRC_REG_EXP,DEST_REG_EXP,EXEC_JAVASCRIPT,PAGE_URL_AS_VALUE,REG_EXP_ITEM_RELATION,BY_ELE_TYPE,BY_ELE_VAL,BY_TAG_ATTRIBUTE,BY_TAG_ATTRIBUTE_VALUE_PLUS,PARSE_VALUE_REG_EXP,IS_DIRECT_GET_TEXT,USE_THIS_SETTING_URL_CHARACTOR) values (461,48,'data_video','lei_xing','视频类型',null,null,null,'DATA_TYPE_STRING','1',null,0,0,'类型:',null,null,0,0,'XPath','//*[@id=vpofficialinfov5]/div/div/div[2]/div/div[1]/ul/li[4]',null,0,null,1,null);
Insert into DATACOLLECT.PARSE_ITEM (ID,PARSE_ID,SAVE_TO_TABLE,SAVE_TO_COLUMN,COLUMN_DESC,CHARACTOR,NOT_CHARACTOR,DEFAULT_VAL,DATA_TYPE,NUMBER_MULTIPLY_BY,DATE_FORMAT,IS_CHECK_REPEAT_COLUMN,IS_URL,SRC_REG_EXP,DEST_REG_EXP,EXEC_JAVASCRIPT,PAGE_URL_AS_VALUE,REG_EXP_ITEM_RELATION,BY_ELE_TYPE,BY_ELE_VAL,BY_TAG_ATTRIBUTE,BY_TAG_ATTRIBUTE_VALUE_PLUS,PARSE_VALUE_REG_EXP,IS_DIRECT_GET_TEXT,USE_THIS_SETTING_URL_CHARACTOR) values (462,48,'data_video','meta_desc','页面描述信息',null,null,null,'DATA_TYPE_STRING','1',null,0,0,null,null,null,0,0,'XPath','/html/head/meta[@name=''description'']','content',0,null,0,null);
Insert into DATACOLLECT.PARSE_ITEM (ID,PARSE_ID,SAVE_TO_TABLE,SAVE_TO_COLUMN,COLUMN_DESC,CHARACTOR,NOT_CHARACTOR,DEFAULT_VAL,DATA_TYPE,NUMBER_MULTIPLY_BY,DATE_FORMAT,IS_CHECK_REPEAT_COLUMN,IS_URL,SRC_REG_EXP,DEST_REG_EXP,EXEC_JAVASCRIPT,PAGE_URL_AS_VALUE,REG_EXP_ITEM_RELATION,BY_ELE_TYPE,BY_ELE_VAL,BY_TAG_ATTRIBUTE,BY_TAG_ATTRIBUTE_VALUE_PLUS,PARSE_VALUE_REG_EXP,IS_DIRECT_GET_TEXT,USE_THIS_SETTING_URL_CHARACTOR) values (463,48,'data_video','meta_search_keyword','页面的search keyword meta 信息',null,null,null,'DATA_TYPE_STRING','1',null,0,0,null,null,null,0,0,'XPath','/html/head/meta[@name=''keywords'']','content',0,null,0,null);
Insert into DATACOLLECT.PARSE_ITEM (ID,PARSE_ID,SAVE_TO_TABLE,SAVE_TO_COLUMN,COLUMN_DESC,CHARACTOR,NOT_CHARACTOR,DEFAULT_VAL,DATA_TYPE,NUMBER_MULTIPLY_BY,DATE_FORMAT,IS_CHECK_REPEAT_COLUMN,IS_URL,SRC_REG_EXP,DEST_REG_EXP,EXEC_JAVASCRIPT,PAGE_URL_AS_VALUE,REG_EXP_ITEM_RELATION,BY_ELE_TYPE,BY_ELE_VAL,BY_TAG_ATTRIBUTE,BY_TAG_ATTRIBUTE_VALUE_PLUS,PARSE_VALUE_REG_EXP,IS_DIRECT_GET_TEXT,USE_THIS_SETTING_URL_CHARACTOR) values (464,48,'data_video','mian_bao_xie_title','页面面包屑文字内容',null,null,null,'DATA_TYPE_STRING','1',null,0,0,null,null,null,0,0,'XPath','//*[@id=vpvideotitlev5]/div/div[1]/div/div/a[3]',null,0,null,1,null);
Insert into DATACOLLECT.PARSE_ITEM (ID,PARSE_ID,SAVE_TO_TABLE,SAVE_TO_COLUMN,COLUMN_DESC,CHARACTOR,NOT_CHARACTOR,DEFAULT_VAL,DATA_TYPE,NUMBER_MULTIPLY_BY,DATE_FORMAT,IS_CHECK_REPEAT_COLUMN,IS_URL,SRC_REG_EXP,DEST_REG_EXP,EXEC_JAVASCRIPT,PAGE_URL_AS_VALUE,REG_EXP_ITEM_RELATION,BY_ELE_TYPE,BY_ELE_VAL,BY_TAG_ATTRIBUTE,BY_TAG_ATTRIBUTE_VALUE_PLUS,PARSE_VALUE_REG_EXP,IS_DIRECT_GET_TEXT,USE_THIS_SETTING_URL_CHARACTOR) values (465,48,'data_video','ping_fen','视频评分',null,null,null,'DATA_TYPE_STRING','1',null,0,0,null,null,null,0,0,'XPath','//*[@id=vpofficialinfov5]/div/div/div[2]/div/div[1]/ul/li[2]/span/span/em[6]',null,0,null,1,null);
Insert into DATACOLLECT.PARSE_ITEM (ID,PARSE_ID,SAVE_TO_TABLE,SAVE_TO_COLUMN,COLUMN_DESC,CHARACTOR,NOT_CHARACTOR,DEFAULT_VAL,DATA_TYPE,NUMBER_MULTIPLY_BY,DATE_FORMAT,IS_CHECK_REPEAT_COLUMN,IS_URL,SRC_REG_EXP,DEST_REG_EXP,EXEC_JAVASCRIPT,PAGE_URL_AS_VALUE,REG_EXP_ITEM_RELATION,BY_ELE_TYPE,BY_ELE_VAL,BY_TAG_ATTRIBUTE,BY_TAG_ATTRIBUTE_VALUE_PLUS,PARSE_VALUE_REG_EXP,IS_DIRECT_GET_TEXT,USE_THIS_SETTING_URL_CHARACTOR) values (466,48,'data_video','ping_fen_num','视频评分数值',null,null,null,'DATA_TYPE_NUMBER','1',null,0,0,null,null,null,0,0,'XPath','//*[@id=vpofficialinfov5]/div/div/div[2]/div/div[1]/ul/li[2]/span/span/em[6]',null,0,null,1,null);
Insert into DATACOLLECT.PARSE_ITEM (ID,PARSE_ID,SAVE_TO_TABLE,SAVE_TO_COLUMN,COLUMN_DESC,CHARACTOR,NOT_CHARACTOR,DEFAULT_VAL,DATA_TYPE,NUMBER_MULTIPLY_BY,DATE_FORMAT,IS_CHECK_REPEAT_COLUMN,IS_URL,SRC_REG_EXP,DEST_REG_EXP,EXEC_JAVASCRIPT,PAGE_URL_AS_VALUE,REG_EXP_ITEM_RELATION,BY_ELE_TYPE,BY_ELE_VAL,BY_TAG_ATTRIBUTE,BY_TAG_ATTRIBUTE_VALUE_PLUS,PARSE_VALUE_REG_EXP,IS_DIRECT_GET_TEXT,USE_THIS_SETTING_URL_CHARACTOR) values (467,48,'data_video','play_count','视频播放次数',null,null,null,'DATA_TYPE_STRING','1',null,0,0,'播放:,',null,null,0,0,'Id','videoTotalPV',null,0,null,1,null);
Insert into DATACOLLECT.PARSE_ITEM (ID,PARSE_ID,SAVE_TO_TABLE,SAVE_TO_COLUMN,COLUMN_DESC,CHARACTOR,NOT_CHARACTOR,DEFAULT_VAL,DATA_TYPE,NUMBER_MULTIPLY_BY,DATE_FORMAT,IS_CHECK_REPEAT_COLUMN,IS_URL,SRC_REG_EXP,DEST_REG_EXP,EXEC_JAVASCRIPT,PAGE_URL_AS_VALUE,REG_EXP_ITEM_RELATION,BY_ELE_TYPE,BY_ELE_VAL,BY_TAG_ATTRIBUTE,BY_TAG_ATTRIBUTE_VALUE_PLUS,PARSE_VALUE_REG_EXP,IS_DIRECT_GET_TEXT,USE_THIS_SETTING_URL_CHARACTOR) values (468,48,'data_video','play_count_num','视频播放数数值',null,null,null,'DATA_TYPE_NUMBER','1',null,0,0,',',null,null,0,0,'XPath','//*[@id=info_stat]/div[1]/ul[1]/li[1]/span',null,0,null,1,null);
Insert into DATACOLLECT.PARSE_ITEM (ID,PARSE_ID,SAVE_TO_TABLE,SAVE_TO_COLUMN,COLUMN_DESC,CHARACTOR,NOT_CHARACTOR,DEFAULT_VAL,DATA_TYPE,NUMBER_MULTIPLY_BY,DATE_FORMAT,IS_CHECK_REPEAT_COLUMN,IS_URL,SRC_REG_EXP,DEST_REG_EXP,EXEC_JAVASCRIPT,PAGE_URL_AS_VALUE,REG_EXP_ITEM_RELATION,BY_ELE_TYPE,BY_ELE_VAL,BY_TAG_ATTRIBUTE,BY_TAG_ATTRIBUTE_VALUE_PLUS,PARSE_VALUE_REG_EXP,IS_DIRECT_GET_TEXT,USE_THIS_SETTING_URL_CHARACTOR) values (469,48,'data_video','tv_station',null,null,null,null,'DATA_TYPE_STRING','1',null,0,0,null,null,null,0,0,'XPath','//*[@id=vpofficialinfov5]/div/div/div[2]/div/div/ul/li[6]',null,0,null,1,null);
Insert into DATACOLLECT.PARSE_ITEM (ID,PARSE_ID,SAVE_TO_TABLE,SAVE_TO_COLUMN,COLUMN_DESC,CHARACTOR,NOT_CHARACTOR,DEFAULT_VAL,DATA_TYPE,NUMBER_MULTIPLY_BY,DATE_FORMAT,IS_CHECK_REPEAT_COLUMN,IS_URL,SRC_REG_EXP,DEST_REG_EXP,EXEC_JAVASCRIPT,PAGE_URL_AS_VALUE,REG_EXP_ITEM_RELATION,BY_ELE_TYPE,BY_ELE_VAL,BY_TAG_ATTRIBUTE,BY_TAG_ATTRIBUTE_VALUE_PLUS,PARSE_VALUE_REG_EXP,IS_DIRECT_GET_TEXT,USE_THIS_SETTING_URL_CHARACTOR) values (470,48,'data_video','video_site','视频来源',null,null,'1','DATA_TYPE_NUMBER','1',null,0,0,null,null,null,0,0,'Id','qq',null,0,null,0,null);
Insert into DATACOLLECT.PARSE_ITEM (ID,PARSE_ID,SAVE_TO_TABLE,SAVE_TO_COLUMN,COLUMN_DESC,CHARACTOR,NOT_CHARACTOR,DEFAULT_VAL,DATA_TYPE,NUMBER_MULTIPLY_BY,DATE_FORMAT,IS_CHECK_REPEAT_COLUMN,IS_URL,SRC_REG_EXP,DEST_REG_EXP,EXEC_JAVASCRIPT,PAGE_URL_AS_VALUE,REG_EXP_ITEM_RELATION,BY_ELE_TYPE,BY_ELE_VAL,BY_TAG_ATTRIBUTE,BY_TAG_ATTRIBUTE_VALUE_PLUS,PARSE_VALUE_REG_EXP,IS_DIRECT_GET_TEXT,USE_THIS_SETTING_URL_CHARACTOR) values (471,48,'data_video','zhu_chi_ren','节目主持人',null,null,null,'DATA_TYPE_STRING','1',null,0,0,null,null,null,0,0,'XPath','//*[@id=vpofficialinfov5]/div/div/div[2]/div/div/ul/li[5]',null,0,null,1,null);
Insert into DATACOLLECT.PARSE_ITEM (ID,PARSE_ID,SAVE_TO_TABLE,SAVE_TO_COLUMN,COLUMN_DESC,CHARACTOR,NOT_CHARACTOR,DEFAULT_VAL,DATA_TYPE,NUMBER_MULTIPLY_BY,DATE_FORMAT,IS_CHECK_REPEAT_COLUMN,IS_URL,SRC_REG_EXP,DEST_REG_EXP,EXEC_JAVASCRIPT,PAGE_URL_AS_VALUE,REG_EXP_ITEM_RELATION,BY_ELE_TYPE,BY_ELE_VAL,BY_TAG_ATTRIBUTE,BY_TAG_ATTRIBUTE_VALUE_PLUS,PARSE_VALUE_REG_EXP,IS_DIRECT_GET_TEXT,USE_THIS_SETTING_URL_CHARACTOR) values (472,48,'data_video','zhu_yan','电影或者电视剧主演',null,null,null,'DATA_TYPE_STRING','1',null,0,0,null,null,null,0,0,'XPath','//*[@id=vpofficialinfov5]/div/div/div[2]/div/div[1]/ul/li[7]',null,0,null,1,null);
Insert into DATACOLLECT.PARSE_ITEM (ID,PARSE_ID,SAVE_TO_TABLE,SAVE_TO_COLUMN,COLUMN_DESC,CHARACTOR,NOT_CHARACTOR,DEFAULT_VAL,DATA_TYPE,NUMBER_MULTIPLY_BY,DATE_FORMAT,IS_CHECK_REPEAT_COLUMN,IS_URL,SRC_REG_EXP,DEST_REG_EXP,EXEC_JAVASCRIPT,PAGE_URL_AS_VALUE,REG_EXP_ITEM_RELATION,BY_ELE_TYPE,BY_ELE_VAL,BY_TAG_ATTRIBUTE,BY_TAG_ATTRIBUTE_VALUE_PLUS,PARSE_VALUE_REG_EXP,IS_DIRECT_GET_TEXT,USE_THIS_SETTING_URL_CHARACTOR) values (7,23,'data_ios_app','title','app 标题',null,null,null,'DATA_TYPE_STRING',null,null,0,0,null,null,null,0,0,null,null,null,null,null,null,null);
Insert into DATACOLLECT.PARSE_ITEM (ID,PARSE_ID,SAVE_TO_TABLE,SAVE_TO_COLUMN,COLUMN_DESC,CHARACTOR,NOT_CHARACTOR,DEFAULT_VAL,DATA_TYPE,NUMBER_MULTIPLY_BY,DATE_FORMAT,IS_CHECK_REPEAT_COLUMN,IS_URL,SRC_REG_EXP,DEST_REG_EXP,EXEC_JAVASCRIPT,PAGE_URL_AS_VALUE,REG_EXP_ITEM_RELATION,BY_ELE_TYPE,BY_ELE_VAL,BY_TAG_ATTRIBUTE,BY_TAG_ATTRIBUTE_VALUE_PLUS,PARSE_VALUE_REG_EXP,IS_DIRECT_GET_TEXT,USE_THIS_SETTING_URL_CHARACTOR) values (8,23,'data_ios_app','ituns_url','ituns url',null,null,null,'DATA_TYPE_STRING',null,null,1,0,null,null,null,0,0,null,null,null,null,null,null,null);
Insert into DATACOLLECT.PARSE_ITEM (ID,PARSE_ID,SAVE_TO_TABLE,SAVE_TO_COLUMN,COLUMN_DESC,CHARACTOR,NOT_CHARACTOR,DEFAULT_VAL,DATA_TYPE,NUMBER_MULTIPLY_BY,DATE_FORMAT,IS_CHECK_REPEAT_COLUMN,IS_URL,SRC_REG_EXP,DEST_REG_EXP,EXEC_JAVASCRIPT,PAGE_URL_AS_VALUE,REG_EXP_ITEM_RELATION,BY_ELE_TYPE,BY_ELE_VAL,BY_TAG_ATTRIBUTE,BY_TAG_ATTRIBUTE_VALUE_PLUS,PARSE_VALUE_REG_EXP,IS_DIRECT_GET_TEXT,USE_THIS_SETTING_URL_CHARACTOR) values (10,23,'data_ios_app','manufacturer','develop company',null,null,null,'DATA_TYPE_STRING',null,null,0,0,'^开发商：',null,null,0,0,null,null,null,null,null,null,null);
Insert into DATACOLLECT.PARSE_ITEM (ID,PARSE_ID,SAVE_TO_TABLE,SAVE_TO_COLUMN,COLUMN_DESC,CHARACTOR,NOT_CHARACTOR,DEFAULT_VAL,DATA_TYPE,NUMBER_MULTIPLY_BY,DATE_FORMAT,IS_CHECK_REPEAT_COLUMN,IS_URL,SRC_REG_EXP,DEST_REG_EXP,EXEC_JAVASCRIPT,PAGE_URL_AS_VALUE,REG_EXP_ITEM_RELATION,BY_ELE_TYPE,BY_ELE_VAL,BY_TAG_ATTRIBUTE,BY_TAG_ATTRIBUTE_VALUE_PLUS,PARSE_VALUE_REG_EXP,IS_DIRECT_GET_TEXT,USE_THIS_SETTING_URL_CHARACTOR) values (11,23,'data_ios_app','app_price','app 价格',null,null,null,'DATA_TYPE_STRING',null,null,0,0,null,null,null,0,0,null,null,null,null,null,null,null);
Insert into DATACOLLECT.PARSE_ITEM (ID,PARSE_ID,SAVE_TO_TABLE,SAVE_TO_COLUMN,COLUMN_DESC,CHARACTOR,NOT_CHARACTOR,DEFAULT_VAL,DATA_TYPE,NUMBER_MULTIPLY_BY,DATE_FORMAT,IS_CHECK_REPEAT_COLUMN,IS_URL,SRC_REG_EXP,DEST_REG_EXP,EXEC_JAVASCRIPT,PAGE_URL_AS_VALUE,REG_EXP_ITEM_RELATION,BY_ELE_TYPE,BY_ELE_VAL,BY_TAG_ATTRIBUTE,BY_TAG_ATTRIBUTE_VALUE_PLUS,PARSE_VALUE_REG_EXP,IS_DIRECT_GET_TEXT,USE_THIS_SETTING_URL_CHARACTOR) values (12,23,'data_ios_app','category','类别',null,null,null,'DATA_TYPE_STRING',null,null,0,0,null,null,null,0,0,null,null,null,null,null,null,null);
Insert into DATACOLLECT.PARSE_ITEM (ID,PARSE_ID,SAVE_TO_TABLE,SAVE_TO_COLUMN,COLUMN_DESC,CHARACTOR,NOT_CHARACTOR,DEFAULT_VAL,DATA_TYPE,NUMBER_MULTIPLY_BY,DATE_FORMAT,IS_CHECK_REPEAT_COLUMN,IS_URL,SRC_REG_EXP,DEST_REG_EXP,EXEC_JAVASCRIPT,PAGE_URL_AS_VALUE,REG_EXP_ITEM_RELATION,BY_ELE_TYPE,BY_ELE_VAL,BY_TAG_ATTRIBUTE,BY_TAG_ATTRIBUTE_VALUE_PLUS,PARSE_VALUE_REG_EXP,IS_DIRECT_GET_TEXT,USE_THIS_SETTING_URL_CHARACTOR) values (13,23,'data_ios_app','update_date','更新日期',null,null,null,'DATA_TYPE_STRING',null,null,0,0,null,null,null,0,0,null,null,null,null,null,null,null);
Insert into DATACOLLECT.PARSE_ITEM (ID,PARSE_ID,SAVE_TO_TABLE,SAVE_TO_COLUMN,COLUMN_DESC,CHARACTOR,NOT_CHARACTOR,DEFAULT_VAL,DATA_TYPE,NUMBER_MULTIPLY_BY,DATE_FORMAT,IS_CHECK_REPEAT_COLUMN,IS_URL,SRC_REG_EXP,DEST_REG_EXP,EXEC_JAVASCRIPT,PAGE_URL_AS_VALUE,REG_EXP_ITEM_RELATION,BY_ELE_TYPE,BY_ELE_VAL,BY_TAG_ATTRIBUTE,BY_TAG_ATTRIBUTE_VALUE_PLUS,PARSE_VALUE_REG_EXP,IS_DIRECT_GET_TEXT,USE_THIS_SETTING_URL_CHARACTOR) values (14,23,'data_ios_app','app_version','版本',null,null,null,'DATA_TYPE_STRING',null,null,0,0,null,null,null,0,0,null,null,null,null,null,null,null);
Insert into DATACOLLECT.PARSE_ITEM (ID,PARSE_ID,SAVE_TO_TABLE,SAVE_TO_COLUMN,COLUMN_DESC,CHARACTOR,NOT_CHARACTOR,DEFAULT_VAL,DATA_TYPE,NUMBER_MULTIPLY_BY,DATE_FORMAT,IS_CHECK_REPEAT_COLUMN,IS_URL,SRC_REG_EXP,DEST_REG_EXP,EXEC_JAVASCRIPT,PAGE_URL_AS_VALUE,REG_EXP_ITEM_RELATION,BY_ELE_TYPE,BY_ELE_VAL,BY_TAG_ATTRIBUTE,BY_TAG_ATTRIBUTE_VALUE_PLUS,PARSE_VALUE_REG_EXP,IS_DIRECT_GET_TEXT,USE_THIS_SETTING_URL_CHARACTOR) values (15,23,'data_ios_app','size','应用程序大小',null,null,null,'DATA_TYPE_STRING',null,null,0,0,null,null,null,0,0,null,null,null,null,null,null,null);
Insert into DATACOLLECT.PARSE_ITEM (ID,PARSE_ID,SAVE_TO_TABLE,SAVE_TO_COLUMN,COLUMN_DESC,CHARACTOR,NOT_CHARACTOR,DEFAULT_VAL,DATA_TYPE,NUMBER_MULTIPLY_BY,DATE_FORMAT,IS_CHECK_REPEAT_COLUMN,IS_URL,SRC_REG_EXP,DEST_REG_EXP,EXEC_JAVASCRIPT,PAGE_URL_AS_VALUE,REG_EXP_ITEM_RELATION,BY_ELE_TYPE,BY_ELE_VAL,BY_TAG_ATTRIBUTE,BY_TAG_ATTRIBUTE_VALUE_PLUS,PARSE_VALUE_REG_EXP,IS_DIRECT_GET_TEXT,USE_THIS_SETTING_URL_CHARACTOR) values (16,23,'data_ios_app','app_language','语言类型',null,null,null,'DATA_TYPE_STRING',null,null,0,0,null,null,null,0,1,null,null,null,null,null,null,null);
Insert into DATACOLLECT.PARSE_ITEM (ID,PARSE_ID,SAVE_TO_TABLE,SAVE_TO_COLUMN,COLUMN_DESC,CHARACTOR,NOT_CHARACTOR,DEFAULT_VAL,DATA_TYPE,NUMBER_MULTIPLY_BY,DATE_FORMAT,IS_CHECK_REPEAT_COLUMN,IS_URL,SRC_REG_EXP,DEST_REG_EXP,EXEC_JAVASCRIPT,PAGE_URL_AS_VALUE,REG_EXP_ITEM_RELATION,BY_ELE_TYPE,BY_ELE_VAL,BY_TAG_ATTRIBUTE,BY_TAG_ATTRIBUTE_VALUE_PLUS,PARSE_VALUE_REG_EXP,IS_DIRECT_GET_TEXT,USE_THIS_SETTING_URL_CHARACTOR) values (17,23,'data_ios_app','mac_rate','本软件在app store 里面的评级',null,null,null,'DATA_TYPE_STRING',null,null,0,0,null,null,null,0,0,null,null,null,null,null,null,null);
Insert into DATACOLLECT.PARSE_ITEM (ID,PARSE_ID,SAVE_TO_TABLE,SAVE_TO_COLUMN,COLUMN_DESC,CHARACTOR,NOT_CHARACTOR,DEFAULT_VAL,DATA_TYPE,NUMBER_MULTIPLY_BY,DATE_FORMAT,IS_CHECK_REPEAT_COLUMN,IS_URL,SRC_REG_EXP,DEST_REG_EXP,EXEC_JAVASCRIPT,PAGE_URL_AS_VALUE,REG_EXP_ITEM_RELATION,BY_ELE_TYPE,BY_ELE_VAL,BY_TAG_ATTRIBUTE,BY_TAG_ATTRIBUTE_VALUE_PLUS,PARSE_VALUE_REG_EXP,IS_DIRECT_GET_TEXT,USE_THIS_SETTING_URL_CHARACTOR) values (18,23,'data_ios_app','os_require','操作系统要求',null,null,null,'DATA_TYPE_STRING',null,null,0,0,null,null,null,0,0,null,null,null,null,null,null,null);
Insert into DATACOLLECT.PARSE_ITEM (ID,PARSE_ID,SAVE_TO_TABLE,SAVE_TO_COLUMN,COLUMN_DESC,CHARACTOR,NOT_CHARACTOR,DEFAULT_VAL,DATA_TYPE,NUMBER_MULTIPLY_BY,DATE_FORMAT,IS_CHECK_REPEAT_COLUMN,IS_URL,SRC_REG_EXP,DEST_REG_EXP,EXEC_JAVASCRIPT,PAGE_URL_AS_VALUE,REG_EXP_ITEM_RELATION,BY_ELE_TYPE,BY_ELE_VAL,BY_TAG_ATTRIBUTE,BY_TAG_ATTRIBUTE_VALUE_PLUS,PARSE_VALUE_REG_EXP,IS_DIRECT_GET_TEXT,USE_THIS_SETTING_URL_CHARACTOR) values (19,23,'data_ios_app','current_version_rate_score','当前版本评分',null,null,null,'DATA_TYPE_STRING',null,null,0,0,null,null,null,0,0,null,null,null,null,null,null,null);
Insert into DATACOLLECT.PARSE_ITEM (ID,PARSE_ID,SAVE_TO_TABLE,SAVE_TO_COLUMN,COLUMN_DESC,CHARACTOR,NOT_CHARACTOR,DEFAULT_VAL,DATA_TYPE,NUMBER_MULTIPLY_BY,DATE_FORMAT,IS_CHECK_REPEAT_COLUMN,IS_URL,SRC_REG_EXP,DEST_REG_EXP,EXEC_JAVASCRIPT,PAGE_URL_AS_VALUE,REG_EXP_ITEM_RELATION,BY_ELE_TYPE,BY_ELE_VAL,BY_TAG_ATTRIBUTE,BY_TAG_ATTRIBUTE_VALUE_PLUS,PARSE_VALUE_REG_EXP,IS_DIRECT_GET_TEXT,USE_THIS_SETTING_URL_CHARACTOR) values (20,23,'data_ios_app','total_version_rate_score','所有版本评分',null,null,null,'DATA_TYPE_STRING',null,null,0,0,null,null,null,0,0,null,null,null,null,null,null,null);
Insert into DATACOLLECT.PARSE_ITEM (ID,PARSE_ID,SAVE_TO_TABLE,SAVE_TO_COLUMN,COLUMN_DESC,CHARACTOR,NOT_CHARACTOR,DEFAULT_VAL,DATA_TYPE,NUMBER_MULTIPLY_BY,DATE_FORMAT,IS_CHECK_REPEAT_COLUMN,IS_URL,SRC_REG_EXP,DEST_REG_EXP,EXEC_JAVASCRIPT,PAGE_URL_AS_VALUE,REG_EXP_ITEM_RELATION,BY_ELE_TYPE,BY_ELE_VAL,BY_TAG_ATTRIBUTE,BY_TAG_ATTRIBUTE_VALUE_PLUS,PARSE_VALUE_REG_EXP,IS_DIRECT_GET_TEXT,USE_THIS_SETTING_URL_CHARACTOR) values (21,23,'data_ios_app','new_feature','新功能',null,null,null,'DATA_TYPE_STRING',null,null,0,0,null,null,null,0,0,null,null,null,null,null,null,null);
Insert into DATACOLLECT.PARSE_ITEM (ID,PARSE_ID,SAVE_TO_TABLE,SAVE_TO_COLUMN,COLUMN_DESC,CHARACTOR,NOT_CHARACTOR,DEFAULT_VAL,DATA_TYPE,NUMBER_MULTIPLY_BY,DATE_FORMAT,IS_CHECK_REPEAT_COLUMN,IS_URL,SRC_REG_EXP,DEST_REG_EXP,EXEC_JAVASCRIPT,PAGE_URL_AS_VALUE,REG_EXP_ITEM_RELATION,BY_ELE_TYPE,BY_ELE_VAL,BY_TAG_ATTRIBUTE,BY_TAG_ATTRIBUTE_VALUE_PLUS,PARSE_VALUE_REG_EXP,IS_DIRECT_GET_TEXT,USE_THIS_SETTING_URL_CHARACTOR) values (22,23,'data_ios_app','icon_url','图标的链接地址',null,null,null,'DATA_TYPE_STRING',null,null,0,0,null,null,null,0,0,null,null,null,null,null,null,null);
Insert into DATACOLLECT.PARSE_ITEM (ID,PARSE_ID,SAVE_TO_TABLE,SAVE_TO_COLUMN,COLUMN_DESC,CHARACTOR,NOT_CHARACTOR,DEFAULT_VAL,DATA_TYPE,NUMBER_MULTIPLY_BY,DATE_FORMAT,IS_CHECK_REPEAT_COLUMN,IS_URL,SRC_REG_EXP,DEST_REG_EXP,EXEC_JAVASCRIPT,PAGE_URL_AS_VALUE,REG_EXP_ITEM_RELATION,BY_ELE_TYPE,BY_ELE_VAL,BY_TAG_ATTRIBUTE,BY_TAG_ATTRIBUTE_VALUE_PLUS,PARSE_VALUE_REG_EXP,IS_DIRECT_GET_TEXT,USE_THIS_SETTING_URL_CHARACTOR) values (23,23,'data_ios_app','manufacturer_web_site','开发商网址',null,null,null,'DATA_TYPE_STRING',null,null,0,0,null,null,null,0,0,null,null,null,null,null,null,null);
Insert into DATACOLLECT.PARSE_ITEM (ID,PARSE_ID,SAVE_TO_TABLE,SAVE_TO_COLUMN,COLUMN_DESC,CHARACTOR,NOT_CHARACTOR,DEFAULT_VAL,DATA_TYPE,NUMBER_MULTIPLY_BY,DATE_FORMAT,IS_CHECK_REPEAT_COLUMN,IS_URL,SRC_REG_EXP,DEST_REG_EXP,EXEC_JAVASCRIPT,PAGE_URL_AS_VALUE,REG_EXP_ITEM_RELATION,BY_ELE_TYPE,BY_ELE_VAL,BY_TAG_ATTRIBUTE,BY_TAG_ATTRIBUTE_VALUE_PLUS,PARSE_VALUE_REG_EXP,IS_DIRECT_GET_TEXT,USE_THIS_SETTING_URL_CHARACTOR) values (24,23,'data_ios_app','manufacturer_product_support','技术支持网址',null,null,null,'DATA_TYPE_STRING',null,null,0,0,null,null,null,0,0,null,null,null,null,null,null,null);
Insert into DATACOLLECT.PARSE_ITEM (ID,PARSE_ID,SAVE_TO_TABLE,SAVE_TO_COLUMN,COLUMN_DESC,CHARACTOR,NOT_CHARACTOR,DEFAULT_VAL,DATA_TYPE,NUMBER_MULTIPLY_BY,DATE_FORMAT,IS_CHECK_REPEAT_COLUMN,IS_URL,SRC_REG_EXP,DEST_REG_EXP,EXEC_JAVASCRIPT,PAGE_URL_AS_VALUE,REG_EXP_ITEM_RELATION,BY_ELE_TYPE,BY_ELE_VAL,BY_TAG_ATTRIBUTE,BY_TAG_ATTRIBUTE_VALUE_PLUS,PARSE_VALUE_REG_EXP,IS_DIRECT_GET_TEXT,USE_THIS_SETTING_URL_CHARACTOR) values (25,23,'data_ios_app','iphone_img_url1','iphone屏幕截图地址1',null,null,null,'DATA_TYPE_STRING',null,null,0,0,null,null,null,0,0,null,null,null,null,null,null,null);
Insert into DATACOLLECT.PARSE_ITEM (ID,PARSE_ID,SAVE_TO_TABLE,SAVE_TO_COLUMN,COLUMN_DESC,CHARACTOR,NOT_CHARACTOR,DEFAULT_VAL,DATA_TYPE,NUMBER_MULTIPLY_BY,DATE_FORMAT,IS_CHECK_REPEAT_COLUMN,IS_URL,SRC_REG_EXP,DEST_REG_EXP,EXEC_JAVASCRIPT,PAGE_URL_AS_VALUE,REG_EXP_ITEM_RELATION,BY_ELE_TYPE,BY_ELE_VAL,BY_TAG_ATTRIBUTE,BY_TAG_ATTRIBUTE_VALUE_PLUS,PARSE_VALUE_REG_EXP,IS_DIRECT_GET_TEXT,USE_THIS_SETTING_URL_CHARACTOR) values (26,23,'data_ios_app','iphone_img_url2','iphone屏幕截图地址2',null,null,null,'DATA_TYPE_STRING',null,null,0,0,null,null,null,0,0,null,null,null,null,null,null,null);
Insert into DATACOLLECT.PARSE_ITEM (ID,PARSE_ID,SAVE_TO_TABLE,SAVE_TO_COLUMN,COLUMN_DESC,CHARACTOR,NOT_CHARACTOR,DEFAULT_VAL,DATA_TYPE,NUMBER_MULTIPLY_BY,DATE_FORMAT,IS_CHECK_REPEAT_COLUMN,IS_URL,SRC_REG_EXP,DEST_REG_EXP,EXEC_JAVASCRIPT,PAGE_URL_AS_VALUE,REG_EXP_ITEM_RELATION,BY_ELE_TYPE,BY_ELE_VAL,BY_TAG_ATTRIBUTE,BY_TAG_ATTRIBUTE_VALUE_PLUS,PARSE_VALUE_REG_EXP,IS_DIRECT_GET_TEXT,USE_THIS_SETTING_URL_CHARACTOR) values (27,23,'data_ios_app','iphone_img_url3','iphone屏幕截图地址3',null,null,null,'DATA_TYPE_STRING',null,null,0,0,null,null,null,0,0,null,null,null,null,null,null,null);
Insert into DATACOLLECT.PARSE_ITEM (ID,PARSE_ID,SAVE_TO_TABLE,SAVE_TO_COLUMN,COLUMN_DESC,CHARACTOR,NOT_CHARACTOR,DEFAULT_VAL,DATA_TYPE,NUMBER_MULTIPLY_BY,DATE_FORMAT,IS_CHECK_REPEAT_COLUMN,IS_URL,SRC_REG_EXP,DEST_REG_EXP,EXEC_JAVASCRIPT,PAGE_URL_AS_VALUE,REG_EXP_ITEM_RELATION,BY_ELE_TYPE,BY_ELE_VAL,BY_TAG_ATTRIBUTE,BY_TAG_ATTRIBUTE_VALUE_PLUS,PARSE_VALUE_REG_EXP,IS_DIRECT_GET_TEXT,USE_THIS_SETTING_URL_CHARACTOR) values (28,23,'data_ios_app','iphone_img_url4','iphone屏幕截图地址4',null,null,null,'DATA_TYPE_STRING',null,null,0,0,null,null,null,0,0,null,null,null,null,null,null,null);
Insert into DATACOLLECT.PARSE_ITEM (ID,PARSE_ID,SAVE_TO_TABLE,SAVE_TO_COLUMN,COLUMN_DESC,CHARACTOR,NOT_CHARACTOR,DEFAULT_VAL,DATA_TYPE,NUMBER_MULTIPLY_BY,DATE_FORMAT,IS_CHECK_REPEAT_COLUMN,IS_URL,SRC_REG_EXP,DEST_REG_EXP,EXEC_JAVASCRIPT,PAGE_URL_AS_VALUE,REG_EXP_ITEM_RELATION,BY_ELE_TYPE,BY_ELE_VAL,BY_TAG_ATTRIBUTE,BY_TAG_ATTRIBUTE_VALUE_PLUS,PARSE_VALUE_REG_EXP,IS_DIRECT_GET_TEXT,USE_THIS_SETTING_URL_CHARACTOR) values (29,23,'data_ios_app','iphone_img_url5','iphone屏幕截图地址5',null,null,null,'DATA_TYPE_STRING',null,null,0,0,null,null,null,0,0,null,null,null,null,null,null,null);
Insert into DATACOLLECT.PARSE_ITEM (ID,PARSE_ID,SAVE_TO_TABLE,SAVE_TO_COLUMN,COLUMN_DESC,CHARACTOR,NOT_CHARACTOR,DEFAULT_VAL,DATA_TYPE,NUMBER_MULTIPLY_BY,DATE_FORMAT,IS_CHECK_REPEAT_COLUMN,IS_URL,SRC_REG_EXP,DEST_REG_EXP,EXEC_JAVASCRIPT,PAGE_URL_AS_VALUE,REG_EXP_ITEM_RELATION,BY_ELE_TYPE,BY_ELE_VAL,BY_TAG_ATTRIBUTE,BY_TAG_ATTRIBUTE_VALUE_PLUS,PARSE_VALUE_REG_EXP,IS_DIRECT_GET_TEXT,USE_THIS_SETTING_URL_CHARACTOR) values (30,23,'data_ios_app','ipad_img_url1','ipad屏幕截图1',null,null,null,'DATA_TYPE_STRING',null,null,0,0,null,null,null,0,0,null,null,null,null,null,null,null);
Insert into DATACOLLECT.PARSE_ITEM (ID,PARSE_ID,SAVE_TO_TABLE,SAVE_TO_COLUMN,COLUMN_DESC,CHARACTOR,NOT_CHARACTOR,DEFAULT_VAL,DATA_TYPE,NUMBER_MULTIPLY_BY,DATE_FORMAT,IS_CHECK_REPEAT_COLUMN,IS_URL,SRC_REG_EXP,DEST_REG_EXP,EXEC_JAVASCRIPT,PAGE_URL_AS_VALUE,REG_EXP_ITEM_RELATION,BY_ELE_TYPE,BY_ELE_VAL,BY_TAG_ATTRIBUTE,BY_TAG_ATTRIBUTE_VALUE_PLUS,PARSE_VALUE_REG_EXP,IS_DIRECT_GET_TEXT,USE_THIS_SETTING_URL_CHARACTOR) values (31,23,'data_ios_app','ipad_img_url2','ipad屏幕截图2',null,null,null,'DATA_TYPE_STRING',null,null,0,0,null,null,null,0,0,null,null,null,null,null,null,null);
Insert into DATACOLLECT.PARSE_ITEM (ID,PARSE_ID,SAVE_TO_TABLE,SAVE_TO_COLUMN,COLUMN_DESC,CHARACTOR,NOT_CHARACTOR,DEFAULT_VAL,DATA_TYPE,NUMBER_MULTIPLY_BY,DATE_FORMAT,IS_CHECK_REPEAT_COLUMN,IS_URL,SRC_REG_EXP,DEST_REG_EXP,EXEC_JAVASCRIPT,PAGE_URL_AS_VALUE,REG_EXP_ITEM_RELATION,BY_ELE_TYPE,BY_ELE_VAL,BY_TAG_ATTRIBUTE,BY_TAG_ATTRIBUTE_VALUE_PLUS,PARSE_VALUE_REG_EXP,IS_DIRECT_GET_TEXT,USE_THIS_SETTING_URL_CHARACTOR) values (32,23,'data_ios_app','ipad_img_url3','ipad屏幕截图3',null,null,null,'DATA_TYPE_STRING',null,null,0,0,null,null,null,0,0,null,null,null,null,null,null,null);
Insert into DATACOLLECT.PARSE_ITEM (ID,PARSE_ID,SAVE_TO_TABLE,SAVE_TO_COLUMN,COLUMN_DESC,CHARACTOR,NOT_CHARACTOR,DEFAULT_VAL,DATA_TYPE,NUMBER_MULTIPLY_BY,DATE_FORMAT,IS_CHECK_REPEAT_COLUMN,IS_URL,SRC_REG_EXP,DEST_REG_EXP,EXEC_JAVASCRIPT,PAGE_URL_AS_VALUE,REG_EXP_ITEM_RELATION,BY_ELE_TYPE,BY_ELE_VAL,BY_TAG_ATTRIBUTE,BY_TAG_ATTRIBUTE_VALUE_PLUS,PARSE_VALUE_REG_EXP,IS_DIRECT_GET_TEXT,USE_THIS_SETTING_URL_CHARACTOR) values (33,23,'data_ios_app','ipad_img_url4','ipad屏幕截图4',null,null,null,'DATA_TYPE_STRING',null,null,0,0,null,null,null,0,0,null,null,null,null,null,null,null);
Insert into DATACOLLECT.PARSE_ITEM (ID,PARSE_ID,SAVE_TO_TABLE,SAVE_TO_COLUMN,COLUMN_DESC,CHARACTOR,NOT_CHARACTOR,DEFAULT_VAL,DATA_TYPE,NUMBER_MULTIPLY_BY,DATE_FORMAT,IS_CHECK_REPEAT_COLUMN,IS_URL,SRC_REG_EXP,DEST_REG_EXP,EXEC_JAVASCRIPT,PAGE_URL_AS_VALUE,REG_EXP_ITEM_RELATION,BY_ELE_TYPE,BY_ELE_VAL,BY_TAG_ATTRIBUTE,BY_TAG_ATTRIBUTE_VALUE_PLUS,PARSE_VALUE_REG_EXP,IS_DIRECT_GET_TEXT,USE_THIS_SETTING_URL_CHARACTOR) values (34,23,'data_ios_app','ipad_img_url5','ipad屏幕截图5',null,null,null,'DATA_TYPE_STRING',null,null,0,0,null,null,null,0,0,null,null,null,null,null,null,null);
Insert into DATACOLLECT.PARSE_ITEM (ID,PARSE_ID,SAVE_TO_TABLE,SAVE_TO_COLUMN,COLUMN_DESC,CHARACTOR,NOT_CHARACTOR,DEFAULT_VAL,DATA_TYPE,NUMBER_MULTIPLY_BY,DATE_FORMAT,IS_CHECK_REPEAT_COLUMN,IS_URL,SRC_REG_EXP,DEST_REG_EXP,EXEC_JAVASCRIPT,PAGE_URL_AS_VALUE,REG_EXP_ITEM_RELATION,BY_ELE_TYPE,BY_ELE_VAL,BY_TAG_ATTRIBUTE,BY_TAG_ATTRIBUTE_VALUE_PLUS,PARSE_VALUE_REG_EXP,IS_DIRECT_GET_TEXT,USE_THIS_SETTING_URL_CHARACTOR) values (35,24,'data_tao_bao_jie','shop_name','淘宝或者天猫店铺名称',null,null,null,'DATA_TYPE_STRING',null,null,0,0,null,null,null,0,0,'XPath','//*[@id=shop-rate-box]/div[1]/div[2]/div/div[2]/div[1]/dl/dd[1]/a;//*[@id=header-content]/div[1]/div[1]/a[1];//*[@id=shop-info]/div[1]/a;//*[@id=mallLogo]/span[2]/a',null,null,null,1,null);
Insert into DATACOLLECT.PARSE_ITEM (ID,PARSE_ID,SAVE_TO_TABLE,SAVE_TO_COLUMN,COLUMN_DESC,CHARACTOR,NOT_CHARACTOR,DEFAULT_VAL,DATA_TYPE,NUMBER_MULTIPLY_BY,DATE_FORMAT,IS_CHECK_REPEAT_COLUMN,IS_URL,SRC_REG_EXP,DEST_REG_EXP,EXEC_JAVASCRIPT,PAGE_URL_AS_VALUE,REG_EXP_ITEM_RELATION,BY_ELE_TYPE,BY_ELE_VAL,BY_TAG_ATTRIBUTE,BY_TAG_ATTRIBUTE_VALUE_PLUS,PARSE_VALUE_REG_EXP,IS_DIRECT_GET_TEXT,USE_THIS_SETTING_URL_CHARACTOR) values (36,24,'data_tao_bao_jie','company_name','商品公司名称',null,null,null,'DATA_TYPE_STRING',null,null,0,0,null,null,null,0,0,'XPath','//*[@id=shop-rate-box]/div[1]/div[2]/div[1]/div[2]/div/ul/li[1]/div[2]',null,null,null,1,null);
Insert into DATACOLLECT.PARSE_ITEM (ID,PARSE_ID,SAVE_TO_TABLE,SAVE_TO_COLUMN,COLUMN_DESC,CHARACTOR,NOT_CHARACTOR,DEFAULT_VAL,DATA_TYPE,NUMBER_MULTIPLY_BY,DATE_FORMAT,IS_CHECK_REPEAT_COLUMN,IS_URL,SRC_REG_EXP,DEST_REG_EXP,EXEC_JAVASCRIPT,PAGE_URL_AS_VALUE,REG_EXP_ITEM_RELATION,BY_ELE_TYPE,BY_ELE_VAL,BY_TAG_ATTRIBUTE,BY_TAG_ATTRIBUTE_VALUE_PLUS,PARSE_VALUE_REG_EXP,IS_DIRECT_GET_TEXT,USE_THIS_SETTING_URL_CHARACTOR) values (37,24,'data_tao_bao_jie','tmall_shop_img_url','是否是天猫店铺的标志图片的url链接地址',null,null,null,'DATA_TYPE_STRING',null,null,0,0,null,null,null,0,0,'XPath','//*[@id=mallLogo]/span[1]/a',null,null,null,1,null);
Insert into DATACOLLECT.PARSE_ITEM (ID,PARSE_ID,SAVE_TO_TABLE,SAVE_TO_COLUMN,COLUMN_DESC,CHARACTOR,NOT_CHARACTOR,DEFAULT_VAL,DATA_TYPE,NUMBER_MULTIPLY_BY,DATE_FORMAT,IS_CHECK_REPEAT_COLUMN,IS_URL,SRC_REG_EXP,DEST_REG_EXP,EXEC_JAVASCRIPT,PAGE_URL_AS_VALUE,REG_EXP_ITEM_RELATION,BY_ELE_TYPE,BY_ELE_VAL,BY_TAG_ATTRIBUTE,BY_TAG_ATTRIBUTE_VALUE_PLUS,PARSE_VALUE_REG_EXP,IS_DIRECT_GET_TEXT,USE_THIS_SETTING_URL_CHARACTOR) values (38,24,'data_tao_bao_jie','pin_pai_zhi_xiao','是否品牌直销的标志',null,null,null,'DATA_TYPE_STRING',null,null,0,0,null,null,null,0,0,'XPath','//*[@id=mallLogo]/span[2]/a/span',null,null,null,1,null);
Insert into DATACOLLECT.PARSE_ITEM (ID,PARSE_ID,SAVE_TO_TABLE,SAVE_TO_COLUMN,COLUMN_DESC,CHARACTOR,NOT_CHARACTOR,DEFAULT_VAL,DATA_TYPE,NUMBER_MULTIPLY_BY,DATE_FORMAT,IS_CHECK_REPEAT_COLUMN,IS_URL,SRC_REG_EXP,DEST_REG_EXP,EXEC_JAVASCRIPT,PAGE_URL_AS_VALUE,REG_EXP_ITEM_RELATION,BY_ELE_TYPE,BY_ELE_VAL,BY_TAG_ATTRIBUTE,BY_TAG_ATTRIBUTE_VALUE_PLUS,PARSE_VALUE_REG_EXP,IS_DIRECT_GET_TEXT,USE_THIS_SETTING_URL_CHARACTOR) values (39,24,'data_tao_bao_jie','seller_name','店主的名称',null,null,null,'DATA_TYPE_STRING',null,null,0,0,null,null,null,0,0,'XPath','//*[@id=shop-rate-box]/div[1]/div[2]/div[1]/div[2]/div[1]/div/a;//*[@id=shop-rate-box]/div[1]/div[2]/div[1]/div[2]/div/div[2]/a',null,null,null,1,null);
Insert into DATACOLLECT.PARSE_ITEM (ID,PARSE_ID,SAVE_TO_TABLE,SAVE_TO_COLUMN,COLUMN_DESC,CHARACTOR,NOT_CHARACTOR,DEFAULT_VAL,DATA_TYPE,NUMBER_MULTIPLY_BY,DATE_FORMAT,IS_CHECK_REPEAT_COLUMN,IS_URL,SRC_REG_EXP,DEST_REG_EXP,EXEC_JAVASCRIPT,PAGE_URL_AS_VALUE,REG_EXP_ITEM_RELATION,BY_ELE_TYPE,BY_ELE_VAL,BY_TAG_ATTRIBUTE,BY_TAG_ATTRIBUTE_VALUE_PLUS,PARSE_VALUE_REG_EXP,IS_DIRECT_GET_TEXT,USE_THIS_SETTING_URL_CHARACTOR) values (40,24,'data_tao_bao_jie','seller_tao_bao_wangwang_url','店主淘宝旺旺url 链接，可以直接点击该链接和店主聊天',null,null,null,'DATA_TYPE_STRING',null,null,0,0,null,null,null,0,0,'XPath','//*[@id=shop-rate-box]/div[1]/div[2]/div[1]/div[2]/div/div[2]/span/a;//*[@id=shop-rate-box]/div[1]/div[2]/div[1]/div[2]/div[1]/div/span/a','href',null,null,0,null);
Insert into DATACOLLECT.PARSE_ITEM (ID,PARSE_ID,SAVE_TO_TABLE,SAVE_TO_COLUMN,COLUMN_DESC,CHARACTOR,NOT_CHARACTOR,DEFAULT_VAL,DATA_TYPE,NUMBER_MULTIPLY_BY,DATE_FORMAT,IS_CHECK_REPEAT_COLUMN,IS_URL,SRC_REG_EXP,DEST_REG_EXP,EXEC_JAVASCRIPT,PAGE_URL_AS_VALUE,REG_EXP_ITEM_RELATION,BY_ELE_TYPE,BY_ELE_VAL,BY_TAG_ATTRIBUTE,BY_TAG_ATTRIBUTE_VALUE_PLUS,PARSE_VALUE_REG_EXP,IS_DIRECT_GET_TEXT,USE_THIS_SETTING_URL_CHARACTOR) values (41,24,'data_tao_bao_jie','main_product','店铺主营业务',null,null,null,'DATA_TYPE_STRING',null,null,0,0,null,null,null,0,0,'XPath','//*[@id=shop-rate-box]/div[1]/div[2]/div[1]/div[2]/div[1]/ul/li[1];//*[@id=shop-rate-box]/div[1]/div[2]/div[1]/div[2]/div/ul/li[2]',null,null,null,1,null);
Insert into DATACOLLECT.PARSE_ITEM (ID,PARSE_ID,SAVE_TO_TABLE,SAVE_TO_COLUMN,COLUMN_DESC,CHARACTOR,NOT_CHARACTOR,DEFAULT_VAL,DATA_TYPE,NUMBER_MULTIPLY_BY,DATE_FORMAT,IS_CHECK_REPEAT_COLUMN,IS_URL,SRC_REG_EXP,DEST_REG_EXP,EXEC_JAVASCRIPT,PAGE_URL_AS_VALUE,REG_EXP_ITEM_RELATION,BY_ELE_TYPE,BY_ELE_VAL,BY_TAG_ATTRIBUTE,BY_TAG_ATTRIBUTE_VALUE_PLUS,PARSE_VALUE_REG_EXP,IS_DIRECT_GET_TEXT,USE_THIS_SETTING_URL_CHARACTOR) values (42,24,'data_tao_bao_jie','main_product_percentage','主营占所有业务的百分比',null,null,null,'DATA_TYPE_STRING',null,null,0,0,null,null,null,0,0,'XPath','//*[@id=shop-rate-box]/div[1]/div[1]/div/div[3]/div[2]/div[2]/div/div[2]/div[3]',null,null,null,1,null);
Insert into DATACOLLECT.PARSE_ITEM (ID,PARSE_ID,SAVE_TO_TABLE,SAVE_TO_COLUMN,COLUMN_DESC,CHARACTOR,NOT_CHARACTOR,DEFAULT_VAL,DATA_TYPE,NUMBER_MULTIPLY_BY,DATE_FORMAT,IS_CHECK_REPEAT_COLUMN,IS_URL,SRC_REG_EXP,DEST_REG_EXP,EXEC_JAVASCRIPT,PAGE_URL_AS_VALUE,REG_EXP_ITEM_RELATION,BY_ELE_TYPE,BY_ELE_VAL,BY_TAG_ATTRIBUTE,BY_TAG_ATTRIBUTE_VALUE_PLUS,PARSE_VALUE_REG_EXP,IS_DIRECT_GET_TEXT,USE_THIS_SETTING_URL_CHARACTOR) values (43,24,'data_tao_bao_jie','area','所在地区','所在地区：',null,null,'DATA_TYPE_STRING',null,null,0,0,null,null,null,0,0,'XPath','//*[@id=shop-rate-box]/div[1]/div[2]/div/div[2]/div[1]/dl/dd[1];//*[@id=shop-rate-box]/div[1]/div[2]/div[1]/div[2]/div[1]/ul/li[2];//*[@id=shop-rate-box]/div[1]/div[2]/div[1]/div[2]/div/ul/li[3]',null,null,null,1,null);
Insert into DATACOLLECT.PARSE_ITEM (ID,PARSE_ID,SAVE_TO_TABLE,SAVE_TO_COLUMN,COLUMN_DESC,CHARACTOR,NOT_CHARACTOR,DEFAULT_VAL,DATA_TYPE,NUMBER_MULTIPLY_BY,DATE_FORMAT,IS_CHECK_REPEAT_COLUMN,IS_URL,SRC_REG_EXP,DEST_REG_EXP,EXEC_JAVASCRIPT,PAGE_URL_AS_VALUE,REG_EXP_ITEM_RELATION,BY_ELE_TYPE,BY_ELE_VAL,BY_TAG_ATTRIBUTE,BY_TAG_ATTRIBUTE_VALUE_PLUS,PARSE_VALUE_REG_EXP,IS_DIRECT_GET_TEXT,USE_THIS_SETTING_URL_CHARACTOR) values (44,24,'data_tao_bao_jie','create_time','店铺创建时间','创店时间：',null,null,'DATA_TYPE_STRING',null,null,0,0,null,null,null,0,0,'XPath','//*[@id=shop-rate-box]/div[1]/div[2]/div[1]/div[2]/div[1]/ul/li[3];',null,null,null,1,null);
Insert into DATACOLLECT.PARSE_ITEM (ID,PARSE_ID,SAVE_TO_TABLE,SAVE_TO_COLUMN,COLUMN_DESC,CHARACTOR,NOT_CHARACTOR,DEFAULT_VAL,DATA_TYPE,NUMBER_MULTIPLY_BY,DATE_FORMAT,IS_CHECK_REPEAT_COLUMN,IS_URL,SRC_REG_EXP,DEST_REG_EXP,EXEC_JAVASCRIPT,PAGE_URL_AS_VALUE,REG_EXP_ITEM_RELATION,BY_ELE_TYPE,BY_ELE_VAL,BY_TAG_ATTRIBUTE,BY_TAG_ATTRIBUTE_VALUE_PLUS,PARSE_VALUE_REG_EXP,IS_DIRECT_GET_TEXT,USE_THIS_SETTING_URL_CHARACTOR) values (45,24,'data_tao_bao_jie','seller_credict','卖家信用',null,null,null,'DATA_TYPE_STRING',null,null,0,0,null,null,null,0,0,'XPath','//*[@id=shop-rate-box]/div[1]/div[2]/div[1]/div[2]/div[2]/ul/li[1]',null,null,null,1,null);
Insert into DATACOLLECT.PARSE_ITEM (ID,PARSE_ID,SAVE_TO_TABLE,SAVE_TO_COLUMN,COLUMN_DESC,CHARACTOR,NOT_CHARACTOR,DEFAULT_VAL,DATA_TYPE,NUMBER_MULTIPLY_BY,DATE_FORMAT,IS_CHECK_REPEAT_COLUMN,IS_URL,SRC_REG_EXP,DEST_REG_EXP,EXEC_JAVASCRIPT,PAGE_URL_AS_VALUE,REG_EXP_ITEM_RELATION,BY_ELE_TYPE,BY_ELE_VAL,BY_TAG_ATTRIBUTE,BY_TAG_ATTRIBUTE_VALUE_PLUS,PARSE_VALUE_REG_EXP,IS_DIRECT_GET_TEXT,USE_THIS_SETTING_URL_CHARACTOR) values (46,24,'data_tao_bao_jie','buyer_credict','买家信用','买家信用',null,null,'DATA_TYPE_STRING',null,null,0,0,null,null,null,0,0,'XPath','//*[@id=shop-rate-box]/div[1]/div[2]/div[1]/div[2]/div[2]/ul/li[2];//*[@id=shop-rate-box]/div[1]/div[2]/div/div[2]/div[2]/ul/li',null,null,null,1,null);
Insert into DATACOLLECT.PARSE_ITEM (ID,PARSE_ID,SAVE_TO_TABLE,SAVE_TO_COLUMN,COLUMN_DESC,CHARACTOR,NOT_CHARACTOR,DEFAULT_VAL,DATA_TYPE,NUMBER_MULTIPLY_BY,DATE_FORMAT,IS_CHECK_REPEAT_COLUMN,IS_URL,SRC_REG_EXP,DEST_REG_EXP,EXEC_JAVASCRIPT,PAGE_URL_AS_VALUE,REG_EXP_ITEM_RELATION,BY_ELE_TYPE,BY_ELE_VAL,BY_TAG_ATTRIBUTE,BY_TAG_ATTRIBUTE_VALUE_PLUS,PARSE_VALUE_REG_EXP,IS_DIRECT_GET_TEXT,USE_THIS_SETTING_URL_CHARACTOR) values (47,24,'data_tao_bao_jie','seller_credict_pic_url','卖家信用图片链接地址',null,null,null,'DATA_TYPE_STRING',null,null,0,0,null,null,null,0,0,'XPath','//*[@id=shop-rate-box]/div[1]/div[2]/div[1]/div[2]/div[2]/ul/li[1]/a/img','src',null,null,0,null);
Insert into DATACOLLECT.PARSE_ITEM (ID,PARSE_ID,SAVE_TO_TABLE,SAVE_TO_COLUMN,COLUMN_DESC,CHARACTOR,NOT_CHARACTOR,DEFAULT_VAL,DATA_TYPE,NUMBER_MULTIPLY_BY,DATE_FORMAT,IS_CHECK_REPEAT_COLUMN,IS_URL,SRC_REG_EXP,DEST_REG_EXP,EXEC_JAVASCRIPT,PAGE_URL_AS_VALUE,REG_EXP_ITEM_RELATION,BY_ELE_TYPE,BY_ELE_VAL,BY_TAG_ATTRIBUTE,BY_TAG_ATTRIBUTE_VALUE_PLUS,PARSE_VALUE_REG_EXP,IS_DIRECT_GET_TEXT,USE_THIS_SETTING_URL_CHARACTOR) values (48,24,'data_tao_bao_jie','buyer_credict_pic_url','买家信用图片地址',null,null,null,'DATA_TYPE_STRING',null,null,0,0,null,null,null,0,0,'XPath','//*[@id=shop-rate-box]/div[1]/div[2]/div[1]/div[2]/div[2]/ul/li[2]/a/img;//*[@id=shop-rate-box]/div[1]/div[2]/div/div[2]/div[2]/ul/li/a[2]/img','src',null,null,0,null);
Insert into DATACOLLECT.PARSE_ITEM (ID,PARSE_ID,SAVE_TO_TABLE,SAVE_TO_COLUMN,COLUMN_DESC,CHARACTOR,NOT_CHARACTOR,DEFAULT_VAL,DATA_TYPE,NUMBER_MULTIPLY_BY,DATE_FORMAT,IS_CHECK_REPEAT_COLUMN,IS_URL,SRC_REG_EXP,DEST_REG_EXP,EXEC_JAVASCRIPT,PAGE_URL_AS_VALUE,REG_EXP_ITEM_RELATION,BY_ELE_TYPE,BY_ELE_VAL,BY_TAG_ATTRIBUTE,BY_TAG_ATTRIBUTE_VALUE_PLUS,PARSE_VALUE_REG_EXP,IS_DIRECT_GET_TEXT,USE_THIS_SETTING_URL_CHARACTOR) values (49,24,'data_tao_bao_jie','buyer_vip_pic_url','买家 vip 图片链接地址',null,null,null,'DATA_TYPE_STRING',null,null,0,0,null,null,null,0,0,'XPath','//*[@id=shop-rate-box]/div[1]/div[2]/div[1]/div[2]/div[2]/ul/li[2]/span/a/img','src',null,null,0,null);
Insert into DATACOLLECT.PARSE_ITEM (ID,PARSE_ID,SAVE_TO_TABLE,SAVE_TO_COLUMN,COLUMN_DESC,CHARACTOR,NOT_CHARACTOR,DEFAULT_VAL,DATA_TYPE,NUMBER_MULTIPLY_BY,DATE_FORMAT,IS_CHECK_REPEAT_COLUMN,IS_URL,SRC_REG_EXP,DEST_REG_EXP,EXEC_JAVASCRIPT,PAGE_URL_AS_VALUE,REG_EXP_ITEM_RELATION,BY_ELE_TYPE,BY_ELE_VAL,BY_TAG_ATTRIBUTE,BY_TAG_ATTRIBUTE_VALUE_PLUS,PARSE_VALUE_REG_EXP,IS_DIRECT_GET_TEXT,USE_THIS_SETTING_URL_CHARACTOR) values (50,24,'data_tao_bao_jie','buyer_vip_text','买家会员资格文字描述',null,null,null,'DATA_TYPE_STRING',null,null,0,0,null,null,null,0,0,'XPath','//*[@id=shop-rate-box]/div[1]/div[2]/div[1]/div[2]/div[2]/ul/li[2]/span/a/img','title',null,null,0,null);
Insert into DATACOLLECT.PARSE_ITEM (ID,PARSE_ID,SAVE_TO_TABLE,SAVE_TO_COLUMN,COLUMN_DESC,CHARACTOR,NOT_CHARACTOR,DEFAULT_VAL,DATA_TYPE,NUMBER_MULTIPLY_BY,DATE_FORMAT,IS_CHECK_REPEAT_COLUMN,IS_URL,SRC_REG_EXP,DEST_REG_EXP,EXEC_JAVASCRIPT,PAGE_URL_AS_VALUE,REG_EXP_ITEM_RELATION,BY_ELE_TYPE,BY_ELE_VAL,BY_TAG_ATTRIBUTE,BY_TAG_ATTRIBUTE_VALUE_PLUS,PARSE_VALUE_REG_EXP,IS_DIRECT_GET_TEXT,USE_THIS_SETTING_URL_CHARACTOR) values (51,24,'data_tao_bao_jie','product_count','商铺拥有的商品数量',null,null,null,'DATA_TYPE_STRING',null,null,0,0,null,null,null,0,0,'XPath','//*[@id=shop-info]/div[3]/div[4]/ul/li[2];//*[@id=header-content]/div[1]/div[4]/div[2]/div[1]/dl[3]/dd/span',null,null,null,1,null);
Insert into DATACOLLECT.PARSE_ITEM (ID,PARSE_ID,SAVE_TO_TABLE,SAVE_TO_COLUMN,COLUMN_DESC,CHARACTOR,NOT_CHARACTOR,DEFAULT_VAL,DATA_TYPE,NUMBER_MULTIPLY_BY,DATE_FORMAT,IS_CHECK_REPEAT_COLUMN,IS_URL,SRC_REG_EXP,DEST_REG_EXP,EXEC_JAVASCRIPT,PAGE_URL_AS_VALUE,REG_EXP_ITEM_RELATION,BY_ELE_TYPE,BY_ELE_VAL,BY_TAG_ATTRIBUTE,BY_TAG_ATTRIBUTE_VALUE_PLUS,PARSE_VALUE_REG_EXP,IS_DIRECT_GET_TEXT,USE_THIS_SETTING_URL_CHARACTOR) values (52,24,'data_tao_bao_jie','seller_xiao_fei_bao_zhang','卖家消费保障',null,null,null,'DATA_TYPE_STRING',null,null,0,0,null,null,null,0,0,'XPath','//*[@id=shop-rate-box]/div[1]/div[2]/div[2]/div[2]/div[1]/div[1]/div[2]/ul/li[1]/a',null,null,null,1,null);
Insert into DATACOLLECT.PARSE_ITEM (ID,PARSE_ID,SAVE_TO_TABLE,SAVE_TO_COLUMN,COLUMN_DESC,CHARACTOR,NOT_CHARACTOR,DEFAULT_VAL,DATA_TYPE,NUMBER_MULTIPLY_BY,DATE_FORMAT,IS_CHECK_REPEAT_COLUMN,IS_URL,SRC_REG_EXP,DEST_REG_EXP,EXEC_JAVASCRIPT,PAGE_URL_AS_VALUE,REG_EXP_ITEM_RELATION,BY_ELE_TYPE,BY_ELE_VAL,BY_TAG_ATTRIBUTE,BY_TAG_ATTRIBUTE_VALUE_PLUS,PARSE_VALUE_REG_EXP,IS_DIRECT_GET_TEXT,USE_THIS_SETTING_URL_CHARACTOR) values (53,24,'data_tao_bao_jie','tmall_zheng_pin','天猫商铺保证正品的标识',null,null,null,'DATA_TYPE_STRING',null,null,0,0,null,null,null,0,0,'XPath','//*[@id=shop-rate-box]/div[1]/div[2]/div[2]/div[2]/div[1]/div[1]/div[2]/a[1]','title',null,null,0,null);
Insert into DATACOLLECT.PARSE_ITEM (ID,PARSE_ID,SAVE_TO_TABLE,SAVE_TO_COLUMN,COLUMN_DESC,CHARACTOR,NOT_CHARACTOR,DEFAULT_VAL,DATA_TYPE,NUMBER_MULTIPLY_BY,DATE_FORMAT,IS_CHECK_REPEAT_COLUMN,IS_URL,SRC_REG_EXP,DEST_REG_EXP,EXEC_JAVASCRIPT,PAGE_URL_AS_VALUE,REG_EXP_ITEM_RELATION,BY_ELE_TYPE,BY_ELE_VAL,BY_TAG_ATTRIBUTE,BY_TAG_ATTRIBUTE_VALUE_PLUS,PARSE_VALUE_REG_EXP,IS_DIRECT_GET_TEXT,USE_THIS_SETTING_URL_CHARACTOR) values (54,24,'data_tao_bao_jie','seller_7_tian_tui_huan','7天退换文字',null,null,null,'DATA_TYPE_STRING',null,null,0,0,null,null,null,0,0,'XPath','//*[@id=shop-rate-box]/div[1]/div[2]/div[2]/div[2]/div[1]/div[1]/div[2]/ul/li[2]/a;//*[@id=shop-rate-box]/div[1]/div[2]/div[2]/div[2]/div[1]/div[1]/div[2]/a[3]','title',null,null,0,null);
Insert into DATACOLLECT.PARSE_ITEM (ID,PARSE_ID,SAVE_TO_TABLE,SAVE_TO_COLUMN,COLUMN_DESC,CHARACTOR,NOT_CHARACTOR,DEFAULT_VAL,DATA_TYPE,NUMBER_MULTIPLY_BY,DATE_FORMAT,IS_CHECK_REPEAT_COLUMN,IS_URL,SRC_REG_EXP,DEST_REG_EXP,EXEC_JAVASCRIPT,PAGE_URL_AS_VALUE,REG_EXP_ITEM_RELATION,BY_ELE_TYPE,BY_ELE_VAL,BY_TAG_ATTRIBUTE,BY_TAG_ATTRIBUTE_VALUE_PLUS,PARSE_VALUE_REG_EXP,IS_DIRECT_GET_TEXT,USE_THIS_SETTING_URL_CHARACTOR) values (55,24,'data_tao_bao_jie','seller_jia_yi_pei_3','卖家承诺假一赔3的文字',null,null,null,'DATA_TYPE_STRING',null,null,0,0,null,null,null,0,0,'XPath','//*[@id=shop-rate-box]/div[1]/div[2]/div[2]/div[2]/div[1]/div[1]/div[2]/ul/li[3]/a',null,null,null,1,null);
REM INSERTING into DATACOLLECT.PARSE_ITEM_ACTION
SET DEFINE OFF;
Insert into DATACOLLECT.PARSE_ITEM_ACTION (ID,PARSE_ITEM_ID,BY_ELE_TYPE,BY_ELE_VAL,BY_ELE_ACTION) values (4,-1,'Id','telbtn','JAVA_SCRIPT_ACTION_CLICK');
REM INSERTING into DATACOLLECT.PARSE_PAGE_EXCEPTION
SET DEFINE OFF;
REM INSERTING into DATACOLLECT.ROLE
SET DEFINE OFF;
Insert into DATACOLLECT.ROLE (ID,ROLE_NAME,ROLE_DESC) values (1,'Admin','Administrator of this system.');
Insert into DATACOLLECT.ROLE (ID,ROLE_NAME,ROLE_DESC) values (2,'Super Admin','Super administrator of this system.');
REM INSERTING into DATACOLLECT.ROLE_MENU_MAP
SET DEFINE OFF;
Insert into DATACOLLECT.ROLE_MENU_MAP (ROLE_ID,MENU_ID) values (2,1);
Insert into DATACOLLECT.ROLE_MENU_MAP (ROLE_ID,MENU_ID) values (2,2);
Insert into DATACOLLECT.ROLE_MENU_MAP (ROLE_ID,MENU_ID) values (2,3);
Insert into DATACOLLECT.ROLE_MENU_MAP (ROLE_ID,MENU_ID) values (2,4);
Insert into DATACOLLECT.ROLE_MENU_MAP (ROLE_ID,MENU_ID) values (2,5);
Insert into DATACOLLECT.ROLE_MENU_MAP (ROLE_ID,MENU_ID) values (2,6);
Insert into DATACOLLECT.ROLE_MENU_MAP (ROLE_ID,MENU_ID) values (2,7);
Insert into DATACOLLECT.ROLE_MENU_MAP (ROLE_ID,MENU_ID) values (2,8);
Insert into DATACOLLECT.ROLE_MENU_MAP (ROLE_ID,MENU_ID) values (2,9);
REM INSERTING into DATACOLLECT.SELENIUM_SETTING
SET DEFINE OFF;
REM INSERTING into DATACOLLECT.SITE
SET DEFINE OFF;
Insert into DATACOLLECT.SITE (ID,CATEGORY_ID,SITE_NAME,SITE_DESC,PARSE_ID,TOP_URL,START_DOWNLOAD_TIME,DOWNLOAD_DURATION_SECONDS,OVER_WRITE_ATTRIBUTES,DOWNLOAD_TASK_REGET_DURATION_D,NEED_LOGIN,LOGIN_CHECK_RETURN_URL,LOGIN_CHECK_RETURN_DATA,LOGIN_CHECK_RETURN_DATA_XPATH,TEST_PASSED,SITE_STATUS,MULTI_COUNTRY,PLACE_HOLDERS,BROWSER_TYPE,ACCESS_DENIED_PAGE_ELEMENT_XP,ACCESS_DENIED_PAGE_ELEMENT_VAL,ALERT_TEXT_TO_RESET_D_TASK,NEED_SCROLL_PAGE_URL_CHAR,NOT_NEED_SCROLL_PAGE_URL_CHAR,SET_HIGH_LEVEL_TASK_URL_CHAR,SET_MIDDLE_LEVEL_TASK_URL_CHAR,SHOW_IMG_IN_BROWSER) values (1,8,'新浪软件下载','新浪软件下载',22,'http://tech.sina.com.cn/down/',8,9,null,10,0,null,null,null,0,0,0,null,'WEB_DRIVER_BROWSER_TYPE_HTML_UNIT',null,null,null,null,null,null,null,0);
Insert into DATACOLLECT.SITE (ID,CATEGORY_ID,SITE_NAME,SITE_DESC,PARSE_ID,TOP_URL,START_DOWNLOAD_TIME,DOWNLOAD_DURATION_SECONDS,OVER_WRITE_ATTRIBUTES,DOWNLOAD_TASK_REGET_DURATION_D,NEED_LOGIN,LOGIN_CHECK_RETURN_URL,LOGIN_CHECK_RETURN_DATA,LOGIN_CHECK_RETURN_DATA_XPATH,TEST_PASSED,SITE_STATUS,MULTI_COUNTRY,PLACE_HOLDERS,BROWSER_TYPE,ACCESS_DENIED_PAGE_ELEMENT_XP,ACCESS_DENIED_PAGE_ELEMENT_VAL,ALERT_TEXT_TO_RESET_D_TASK,NEED_SCROLL_PAGE_URL_CHAR,NOT_NEED_SCROLL_PAGE_URL_CHAR,SET_HIGH_LEVEL_TASK_URL_CHAR,SET_MIDDLE_LEVEL_TASK_URL_CHAR,SHOW_IMG_IN_BROWSER) values (2,8,'Apple ios app download',null,23,'https://itunes.apple.com/cn/genre/ios/id36?mt=8',3,6,'https://itunes.apple.com/cn/genre/mac/id39?mt=12;https://itunes.apple.com/tw/genre/music/id34;https://itunes.apple.com/tw/genre/movies/id33;https://itunes.apple.com/tw/genre/ios/id36?mt=8;https://itunes.apple.com/tw/genre/podcasts/id26?mt=2;https://itunes.apple.com/tw/genre/books/id38?mt=11;https://itunes.apple.com/tw/genre/music-videos/id31;https://itunes.apple.com/tw/genre/audiobooks/id50000024',9,0,null,null,null,0,0,0,'111111','WEB_DRIVER_BROWSER_TYPE_HTML_UNIT',null,null,null,null,null,null,null,0);
Insert into DATACOLLECT.SITE (ID,CATEGORY_ID,SITE_NAME,SITE_DESC,PARSE_ID,TOP_URL,START_DOWNLOAD_TIME,DOWNLOAD_DURATION_SECONDS,OVER_WRITE_ATTRIBUTES,DOWNLOAD_TASK_REGET_DURATION_D,NEED_LOGIN,LOGIN_CHECK_RETURN_URL,LOGIN_CHECK_RETURN_DATA,LOGIN_CHECK_RETURN_DATA_XPATH,TEST_PASSED,SITE_STATUS,MULTI_COUNTRY,PLACE_HOLDERS,BROWSER_TYPE,ACCESS_DENIED_PAGE_ELEMENT_XP,ACCESS_DENIED_PAGE_ELEMENT_VAL,ALERT_TEXT_TO_RESET_D_TASK,NEED_SCROLL_PAGE_URL_CHAR,NOT_NEED_SCROLL_PAGE_URL_CHAR,SET_HIGH_LEVEL_TASK_URL_CHAR,SET_MIDDLE_LEVEL_TASK_URL_CHAR,SHOW_IMG_IN_BROWSER) values (3,10,'淘宝店铺信息','淘宝店铺信息',24,'http://list.taobao.com/browse/cat-0.htm?',9,9,null,12,0,null,null,null,0,0,0,null,'WEB_DRIVER_BROWSER_TYPE_FIREFOX_10',null,'访问受限了',null,'list.taobao.com/;list.tmall.com/',null,'store.taobao.com;store.tmall.com;/view_shop.htm',null,0);
Insert into DATACOLLECT.SITE (ID,CATEGORY_ID,SITE_NAME,SITE_DESC,PARSE_ID,TOP_URL,START_DOWNLOAD_TIME,DOWNLOAD_DURATION_SECONDS,OVER_WRITE_ATTRIBUTES,DOWNLOAD_TASK_REGET_DURATION_D,NEED_LOGIN,LOGIN_CHECK_RETURN_URL,LOGIN_CHECK_RETURN_DATA,LOGIN_CHECK_RETURN_DATA_XPATH,TEST_PASSED,SITE_STATUS,MULTI_COUNTRY,PLACE_HOLDERS,BROWSER_TYPE,ACCESS_DENIED_PAGE_ELEMENT_XP,ACCESS_DENIED_PAGE_ELEMENT_VAL,ALERT_TEXT_TO_RESET_D_TASK,NEED_SCROLL_PAGE_URL_CHAR,NOT_NEED_SCROLL_PAGE_URL_CHAR,SET_HIGH_LEVEL_TASK_URL_CHAR,SET_MIDDLE_LEVEL_TASK_URL_CHAR,SHOW_IMG_IN_BROWSER) values (6,10,'淘宝各种食品信息(不包括天猫)','解析淘宝里面的美食特产里面的食品信息(不包括天猫)',27,'http://www.taobao.com/market/foodindex.php',9,9,null,12,0,null,null,null,0,0,0,null,'WEB_DRIVER_BROWSER_TYPE_FIREFOX_10',null,'访问受限了',null,'list.taobao.com/;s.taobao.com/',null,null,null,0);
Insert into DATACOLLECT.SITE (ID,CATEGORY_ID,SITE_NAME,SITE_DESC,PARSE_ID,TOP_URL,START_DOWNLOAD_TIME,DOWNLOAD_DURATION_SECONDS,OVER_WRITE_ATTRIBUTES,DOWNLOAD_TASK_REGET_DURATION_D,NEED_LOGIN,LOGIN_CHECK_RETURN_URL,LOGIN_CHECK_RETURN_DATA,LOGIN_CHECK_RETURN_DATA_XPATH,TEST_PASSED,SITE_STATUS,MULTI_COUNTRY,PLACE_HOLDERS,BROWSER_TYPE,ACCESS_DENIED_PAGE_ELEMENT_XP,ACCESS_DENIED_PAGE_ELEMENT_VAL,ALERT_TEXT_TO_RESET_D_TASK,NEED_SCROLL_PAGE_URL_CHAR,NOT_NEED_SCROLL_PAGE_URL_CHAR,SET_HIGH_LEVEL_TASK_URL_CHAR,SET_MIDDLE_LEVEL_TASK_URL_CHAR,SHOW_IMG_IN_BROWSER) values (8,10,'淘宝所有品类商品信息(不包括天猫)','解析淘宝里面的淘宝所有品类商品信息(不包括天猫)',29,'http://list.taobao.com/browse/cat-0.htm?',9,9,null,12,0,null,null,null,0,0,0,null,'WEB_DRIVER_BROWSER_TYPE_FIREFOX_10',null,'访问受限了',null,'list.taobao.com/',null,null,null,0);
Insert into DATACOLLECT.SITE (ID,CATEGORY_ID,SITE_NAME,SITE_DESC,PARSE_ID,TOP_URL,START_DOWNLOAD_TIME,DOWNLOAD_DURATION_SECONDS,OVER_WRITE_ATTRIBUTES,DOWNLOAD_TASK_REGET_DURATION_D,NEED_LOGIN,LOGIN_CHECK_RETURN_URL,LOGIN_CHECK_RETURN_DATA,LOGIN_CHECK_RETURN_DATA_XPATH,TEST_PASSED,SITE_STATUS,MULTI_COUNTRY,PLACE_HOLDERS,BROWSER_TYPE,ACCESS_DENIED_PAGE_ELEMENT_XP,ACCESS_DENIED_PAGE_ELEMENT_VAL,ALERT_TEXT_TO_RESET_D_TASK,NEED_SCROLL_PAGE_URL_CHAR,NOT_NEED_SCROLL_PAGE_URL_CHAR,SET_HIGH_LEVEL_TASK_URL_CHAR,SET_MIDDLE_LEVEL_TASK_URL_CHAR,SHOW_IMG_IN_BROWSER) values (9,10,'天猫各种食品信息(不包括淘宝)','解析天猫里面的美食特产里面的食品信息(不包括淘宝)',30,'http://list.tmall.com/search_product.htm?cat=$PlaceHolders$',9,9,null,12,0,null,null,null,0,0,0,'50100151;50100152;50100153;50100154;50100155;50100156;50099889;50099289;50099890;50099888;50099887;50099300;50100166;50100167;50099298;50099888','WEB_DRIVER_BROWSER_TYPE_FIREFOX_10',null,'访问受限了',null,'list.tmall.com',null,null,null,0);
Insert into DATACOLLECT.SITE (ID,CATEGORY_ID,SITE_NAME,SITE_DESC,PARSE_ID,TOP_URL,START_DOWNLOAD_TIME,DOWNLOAD_DURATION_SECONDS,OVER_WRITE_ATTRIBUTES,DOWNLOAD_TASK_REGET_DURATION_D,NEED_LOGIN,LOGIN_CHECK_RETURN_URL,LOGIN_CHECK_RETURN_DATA,LOGIN_CHECK_RETURN_DATA_XPATH,TEST_PASSED,SITE_STATUS,MULTI_COUNTRY,PLACE_HOLDERS,BROWSER_TYPE,ACCESS_DENIED_PAGE_ELEMENT_XP,ACCESS_DENIED_PAGE_ELEMENT_VAL,ALERT_TEXT_TO_RESET_D_TASK,NEED_SCROLL_PAGE_URL_CHAR,NOT_NEED_SCROLL_PAGE_URL_CHAR,SET_HIGH_LEVEL_TASK_URL_CHAR,SET_MIDDLE_LEVEL_TASK_URL_CHAR,SHOW_IMG_IN_BROWSER) values (10,10,'京东商城各种食品信息','解析京东商城里面的美食特产里面的食品信息',31,'http://channel.jd.com/food.html',9,9,null,12,0,null,null,null,0,0,0,null,'WEB_DRIVER_BROWSER_TYPE_FIREFOX_10',null,'访问受限了',null,'http://item.jd.com/',null,null,null,1);
Insert into DATACOLLECT.SITE (ID,CATEGORY_ID,SITE_NAME,SITE_DESC,PARSE_ID,TOP_URL,START_DOWNLOAD_TIME,DOWNLOAD_DURATION_SECONDS,OVER_WRITE_ATTRIBUTES,DOWNLOAD_TASK_REGET_DURATION_D,NEED_LOGIN,LOGIN_CHECK_RETURN_URL,LOGIN_CHECK_RETURN_DATA,LOGIN_CHECK_RETURN_DATA_XPATH,TEST_PASSED,SITE_STATUS,MULTI_COUNTRY,PLACE_HOLDERS,BROWSER_TYPE,ACCESS_DENIED_PAGE_ELEMENT_XP,ACCESS_DENIED_PAGE_ELEMENT_VAL,ALERT_TEXT_TO_RESET_D_TASK,NEED_SCROLL_PAGE_URL_CHAR,NOT_NEED_SCROLL_PAGE_URL_CHAR,SET_HIGH_LEVEL_TASK_URL_CHAR,SET_MIDDLE_LEVEL_TASK_URL_CHAR,SHOW_IMG_IN_BROWSER) values (13,10,'当当商城各种食品信息','解析当当商城里面的美食特产里面的食品信息',46,'http://food.dangdang.com/',9,9,null,12,0,null,null,null,0,0,0,null,'WEB_DRIVER_BROWSER_TYPE_FIREFOX_10',null,'访问受限了',null,'category.dangdang.com',null,null,null,0);
Insert into DATACOLLECT.SITE (ID,CATEGORY_ID,SITE_NAME,SITE_DESC,PARSE_ID,TOP_URL,START_DOWNLOAD_TIME,DOWNLOAD_DURATION_SECONDS,OVER_WRITE_ATTRIBUTES,DOWNLOAD_TASK_REGET_DURATION_D,NEED_LOGIN,LOGIN_CHECK_RETURN_URL,LOGIN_CHECK_RETURN_DATA,LOGIN_CHECK_RETURN_DATA_XPATH,TEST_PASSED,SITE_STATUS,MULTI_COUNTRY,PLACE_HOLDERS,BROWSER_TYPE,ACCESS_DENIED_PAGE_ELEMENT_XP,ACCESS_DENIED_PAGE_ELEMENT_VAL,ALERT_TEXT_TO_RESET_D_TASK,NEED_SCROLL_PAGE_URL_CHAR,NOT_NEED_SCROLL_PAGE_URL_CHAR,SET_HIGH_LEVEL_TASK_URL_CHAR,SET_MIDDLE_LEVEL_TASK_URL_CHAR,SHOW_IMG_IN_BROWSER) values (14,10,'我买网各种食品信息','解析我买网里面的美食特产里面的食品信息',47,'http://www.womai.com/',9,9,null,12,0,null,null,null,0,0,0,null,'WEB_DRIVER_BROWSER_TYPE_FIREFOX_10',null,'访问受限了',null,'category.dangdang.com',null,null,null,0);
REM INSERTING into DATACOLLECT.SITE_AUTH
SET DEFINE OFF;
REM INSERTING into DATACOLLECT.SITE_CATEGORY
SET DEFINE OFF;
Insert into DATACOLLECT.SITE_CATEGORY (ID,CAT_NAME,CAT_DESC) values (8,'下载网站','记录各种数字产品下载网站的信息');
Insert into DATACOLLECT.SITE_CATEGORY (ID,CAT_NAME,CAT_DESC) values (10,'电子商务网站','抓取电子商务网站店铺，商品，特价，限时特价信息，然后展示给用户，通过淘宝联盟来赚取广告费佣金');
REM INSERTING into DATACOLLECT.SITE_CONTENT_PAGE_CHECK
SET DEFINE OFF;
Insert into DATACOLLECT.SITE_CONTENT_PAGE_CHECK (ID,SITE_ID,BY_ELE_TYPE,BY_ELE_VAL,BY_TAG_ATTRIBUTE,PARSE_VALUE_REG_EXP) values (1,6,'XPath','/html/head/title',null,null);
Insert into DATACOLLECT.SITE_CONTENT_PAGE_CHECK (ID,SITE_ID,BY_ELE_TYPE,BY_ELE_VAL,BY_TAG_ATTRIBUTE,PARSE_VALUE_REG_EXP) values (3,9,'XPath','/html/head/title',null,null);
Insert into DATACOLLECT.SITE_CONTENT_PAGE_CHECK (ID,SITE_ID,BY_ELE_TYPE,BY_ELE_VAL,BY_TAG_ATTRIBUTE,PARSE_VALUE_REG_EXP) values (5,10,'XPath','//*[@id=product-intro]/div[2]/div[1]/h3/strong',null,null);
Insert into DATACOLLECT.SITE_CONTENT_PAGE_CHECK (ID,SITE_ID,BY_ELE_TYPE,BY_ELE_VAL,BY_TAG_ATTRIBUTE,PARSE_VALUE_REG_EXP) values (7,10,'XPath','/html/body/div[4]/div/strong/a',null,null);
Insert into DATACOLLECT.SITE_CONTENT_PAGE_CHECK (ID,SITE_ID,BY_ELE_TYPE,BY_ELE_VAL,BY_TAG_ATTRIBUTE,PARSE_VALUE_REG_EXP) values (8,13,'XPath','//*[@id=main_bd]/div[1]/a[1]/b',null,null);
REM INSERTING into DATACOLLECT.SITE_URL_PARSE
SET DEFINE OFF;
Insert into DATACOLLECT.SITE_URL_PARSE (ID,SITE_ID,URL_XPATH_CHARACTOR,NOT_URL_XPATH_CHARACTOR,URL_CHARACTOR,NOT_URL_CHARACTOR,EXEC_JAVASCRIPT,URL_PAGE_DESC,PAGE_ENCODING,URL_MATCH_REG_EXP,CONTENT_PAGE_URL_CHARACTOR,BY_ELE_TYPE,BY_ELE_VAL,BY_TAG_ATTRIBUTE,RUN_REGEXP_ON_URL,RUN_STRING_FIND_ON_URL,URL_PAGE_CHA_XPATH_VALUE,URL_PAGE_CHA_ATTRIBUTE,URL_PAGE_CHARACTOR,URL_PAGE_NOT_CHARACTOR) values (4,1,null,null,'down.tech.sina.com.cn',null,null,'Software download page.',null,null,'3gsoft/download.php;
down.tech.sina.com.cn/content/','Tag_Name','a',null,null,null,null,null,null,null);
Insert into DATACOLLECT.SITE_URL_PARSE (ID,SITE_ID,URL_XPATH_CHARACTOR,NOT_URL_XPATH_CHARACTOR,URL_CHARACTOR,NOT_URL_CHARACTOR,EXEC_JAVASCRIPT,URL_PAGE_DESC,PAGE_ENCODING,URL_MATCH_REG_EXP,CONTENT_PAGE_URL_CHARACTOR,BY_ELE_TYPE,BY_ELE_VAL,BY_TAG_ATTRIBUTE,RUN_REGEXP_ON_URL,RUN_STRING_FIND_ON_URL,URL_PAGE_CHA_XPATH_VALUE,URL_PAGE_CHA_ATTRIBUTE,URL_PAGE_CHARACTOR,URL_PAGE_NOT_CHARACTOR) values (5,2,null,null,'/genre/ios;/app/',null,null,null,null,null,'/app/','Tag_Name','a',null,null,null,null,null,null,null);
Insert into DATACOLLECT.SITE_URL_PARSE (ID,SITE_ID,URL_XPATH_CHARACTOR,NOT_URL_XPATH_CHARACTOR,URL_CHARACTOR,NOT_URL_CHARACTOR,EXEC_JAVASCRIPT,URL_PAGE_DESC,PAGE_ENCODING,URL_MATCH_REG_EXP,CONTENT_PAGE_URL_CHARACTOR,BY_ELE_TYPE,BY_ELE_VAL,BY_TAG_ATTRIBUTE,RUN_REGEXP_ON_URL,RUN_STRING_FIND_ON_URL,URL_PAGE_CHA_XPATH_VALUE,URL_PAGE_CHA_ATTRIBUTE,URL_PAGE_CHARACTOR,URL_PAGE_NOT_CHARACTOR) values (6,3,null,null,'list.taobao.com/;rate.taobao.com/;store.taobao.com/;list.tmall.com/','/myRate.htm;rater=1;login.;regist;https;alisec.taobao.com/',null,null,null,null,'rate.taobao.com','Tag_Name','a','href;HREF',null,'spm=!@#&;scm!@#&;&from=!@#&;taobao_from=!@#&;ssid=!@#&;style=!@#&;auction_tag=!@#&;sort=!@#&;area_code=!@#&;rn=!@#&;n=!@#&;vmarket=!@#&;search_condition=!@#&;active=!@#&;!@##J_Filter;!@##grid-column;_u=!@#&;ppath=!@#&;sku=!@#&;_tb_token_=!@#&',null,null,null,null);
Insert into DATACOLLECT.SITE_URL_PARSE (ID,SITE_ID,URL_XPATH_CHARACTOR,NOT_URL_XPATH_CHARACTOR,URL_CHARACTOR,NOT_URL_CHARACTOR,EXEC_JAVASCRIPT,URL_PAGE_DESC,PAGE_ENCODING,URL_MATCH_REG_EXP,CONTENT_PAGE_URL_CHARACTOR,BY_ELE_TYPE,BY_ELE_VAL,BY_TAG_ATTRIBUTE,RUN_REGEXP_ON_URL,RUN_STRING_FIND_ON_URL,URL_PAGE_CHA_XPATH_VALUE,URL_PAGE_CHA_ATTRIBUTE,URL_PAGE_CHARACTOR,URL_PAGE_NOT_CHARACTOR) values (8,3,null,null,'list.taobao.com/;rate.taobao.com/;store.taobao.com/;list.tmall.com/','/myRate.htm;rater=1;login.;regist;https;alisec.taobao.com/',null,null,null,null,'rate.taobao.com','Css_Selector','a[data-module=page];a[data-k=page]',null,null,'spm=!@#&;scm!@#&;&from=!@#&;taobao_from=!@#&;ssid=!@#&;style=!@#&;auction_tag=!@#&;sort=!@#&;area_code=!@#&;rn=!@#&;n=!@#&;vmarket=!@#&;search_condition=!@#&;active=!@#&;!@##J_Filter;!@##grid-column;_u=!@#&;ppath=!@#&;sku=!@#&;_tb_token_=!@#&',null,null,null,null);
Insert into DATACOLLECT.SITE_URL_PARSE (ID,SITE_ID,URL_XPATH_CHARACTOR,NOT_URL_XPATH_CHARACTOR,URL_CHARACTOR,NOT_URL_CHARACTOR,EXEC_JAVASCRIPT,URL_PAGE_DESC,PAGE_ENCODING,URL_MATCH_REG_EXP,CONTENT_PAGE_URL_CHARACTOR,BY_ELE_TYPE,BY_ELE_VAL,BY_TAG_ATTRIBUTE,RUN_REGEXP_ON_URL,RUN_STRING_FIND_ON_URL,URL_PAGE_CHA_XPATH_VALUE,URL_PAGE_CHA_ATTRIBUTE,URL_PAGE_CHARACTOR,URL_PAGE_NOT_CHARACTOR) values (9,6,null,null,'china.taobao.com;/food;list.taobao.com;item.taobao.com;ny.taobao.com','login.;regist;https;alisec.taobao.com;re.taobao.com;simba.taobao.com;tmall.com;tejia.taobao.com;bangpai.taobao.com;quanzi.taobao.com;/browse/cat-0.htm;ju.mmstat.com;bbs.taobao.com;/s.taobao.com/',null,null,null,null,'http://item.taobao.com/item.htm','Tag_Name','a',null,null,'item.taobao.com!@#id;ALL_UNMATCHED_URL!@#cat,s,ppath,q',null,null,null,null);
Insert into DATACOLLECT.SITE_URL_PARSE (ID,SITE_ID,URL_XPATH_CHARACTOR,NOT_URL_XPATH_CHARACTOR,URL_CHARACTOR,NOT_URL_CHARACTOR,EXEC_JAVASCRIPT,URL_PAGE_DESC,PAGE_ENCODING,URL_MATCH_REG_EXP,CONTENT_PAGE_URL_CHARACTOR,BY_ELE_TYPE,BY_ELE_VAL,BY_TAG_ATTRIBUTE,RUN_REGEXP_ON_URL,RUN_STRING_FIND_ON_URL,URL_PAGE_CHA_XPATH_VALUE,URL_PAGE_CHA_ATTRIBUTE,URL_PAGE_CHARACTOR,URL_PAGE_NOT_CHARACTOR) values (10,6,null,null,'china.taobao.com;/food;list.taobao.com;item.taobao.com;ny.taobao.com','login.;regist;https;alisec.taobao.com;re.taobao.com;simba.taobao.com;tmall.com;tejia.taobao.com;bangpai.taobao.com;quanzi.taobao.com;/browse/cat-0.htm;ju.mmstat.com;bbs.taobao.com;/s.taobao.com/',null,null,null,null,'http://item.taobao.com/item.htm','Css_Selector','a[data-module=page];a[data-k=page];a[class=J_pageitem];a[class=page];a[data-key=ppath];a[data-key=cat]',null,null,'item.taobao.com!@#id;ALL_UNMATCHED_URL!@#cat,s,ppath,q',null,null,null,null);
Insert into DATACOLLECT.SITE_URL_PARSE (ID,SITE_ID,URL_XPATH_CHARACTOR,NOT_URL_XPATH_CHARACTOR,URL_CHARACTOR,NOT_URL_CHARACTOR,EXEC_JAVASCRIPT,URL_PAGE_DESC,PAGE_ENCODING,URL_MATCH_REG_EXP,CONTENT_PAGE_URL_CHARACTOR,BY_ELE_TYPE,BY_ELE_VAL,BY_TAG_ATTRIBUTE,RUN_REGEXP_ON_URL,RUN_STRING_FIND_ON_URL,URL_PAGE_CHA_XPATH_VALUE,URL_PAGE_CHA_ATTRIBUTE,URL_PAGE_CHARACTOR,URL_PAGE_NOT_CHARACTOR) values (13,8,null,null,'list.taobao.com;nvzhuang.taobao.com;nanzhuang.taobao.com;nvxie.taobao.com;nanxie.taobao.com;nvbao.taobao.com;nanbao.taobao.com;neiyi.taobao.com;sport.taobao.com;/market/;jiadian.taobao.com;3c.taobao.com;/3c/;mei.taobao.com;spu.taobao.com;baobao.taobao.com;home.taobao.com;chi.taobao.com;ny.taobao.com;baihuo.taobao.com;car.taobao.com;life.taobao.com;item.taobao.com','login.;regist;https;alisec.taobao.com;re.taobao.com;simba.taobao.com;search;tmall.com;/itemlist/.htm?;pro.taobao.com',null,null,null,null,'http://item.taobao.com/item.htm','Tag_Name','a',null,null,'cat;id;s;ppath;q',null,null,null,null);
Insert into DATACOLLECT.SITE_URL_PARSE (ID,SITE_ID,URL_XPATH_CHARACTOR,NOT_URL_XPATH_CHARACTOR,URL_CHARACTOR,NOT_URL_CHARACTOR,EXEC_JAVASCRIPT,URL_PAGE_DESC,PAGE_ENCODING,URL_MATCH_REG_EXP,CONTENT_PAGE_URL_CHARACTOR,BY_ELE_TYPE,BY_ELE_VAL,BY_TAG_ATTRIBUTE,RUN_REGEXP_ON_URL,RUN_STRING_FIND_ON_URL,URL_PAGE_CHA_XPATH_VALUE,URL_PAGE_CHA_ATTRIBUTE,URL_PAGE_CHARACTOR,URL_PAGE_NOT_CHARACTOR) values (14,8,null,null,'list.taobao.com;nvzhuang.taobao.com;nanzhuang.taobao.com;nvxie.taobao.com;nanxie.taobao.com;nvbao.taobao.com;nanbao.taobao.com;neiyi.taobao.com;sport.taobao.com;/market/;jiadian.taobao.com;3c.taobao.com;/3c/;mei.taobao.com;spu.taobao.com;baobao.taobao.com;home.taobao.com;chi.taobao.com;ny.taobao.com;baihuo.taobao.com;car.taobao.com;life.taobao.com;item.taobao.com','login.;regist;https;alisec.taobao.com;re.taobao.com;simba.taobao.com;search;tmall.com;/itemlist/.htm?;pro.taobao.com',null,null,null,null,'http://item.taobao.com/item.htm','Css_Selector','a[data-module=page];a[data-k=page];a[data-key=ppath];a[data-key=cat]',null,null,'cat;id;s;ppath;q',null,null,null,null);
Insert into DATACOLLECT.SITE_URL_PARSE (ID,SITE_ID,URL_XPATH_CHARACTOR,NOT_URL_XPATH_CHARACTOR,URL_CHARACTOR,NOT_URL_CHARACTOR,EXEC_JAVASCRIPT,URL_PAGE_DESC,PAGE_ENCODING,URL_MATCH_REG_EXP,CONTENT_PAGE_URL_CHARACTOR,BY_ELE_TYPE,BY_ELE_VAL,BY_TAG_ATTRIBUTE,RUN_REGEXP_ON_URL,RUN_STRING_FIND_ON_URL,URL_PAGE_CHA_XPATH_VALUE,URL_PAGE_CHA_ATTRIBUTE,URL_PAGE_CHARACTOR,URL_PAGE_NOT_CHARACTOR) values (15,9,null,null,'list.tmall.com;detail.tmall.com','taobao.com;login.tmall.com;register.tmall.com;mybrand.tmall.com;cart.tmall.com',null,null,null,null,'http://detail.tmall.com/item.htm','Tag_Name','a',null,null,'detail.tmall.com!@#id;list.tmall.com!@#cat,s,ppath,q',null,null,null,null);
Insert into DATACOLLECT.SITE_URL_PARSE (ID,SITE_ID,URL_XPATH_CHARACTOR,NOT_URL_XPATH_CHARACTOR,URL_CHARACTOR,NOT_URL_CHARACTOR,EXEC_JAVASCRIPT,URL_PAGE_DESC,PAGE_ENCODING,URL_MATCH_REG_EXP,CONTENT_PAGE_URL_CHARACTOR,BY_ELE_TYPE,BY_ELE_VAL,BY_TAG_ATTRIBUTE,RUN_REGEXP_ON_URL,RUN_STRING_FIND_ON_URL,URL_PAGE_CHA_XPATH_VALUE,URL_PAGE_CHA_ATTRIBUTE,URL_PAGE_CHARACTOR,URL_PAGE_NOT_CHARACTOR) values (17,10,null,'@id=product-track','list.jd.com/1320-;item.jd.com;channel.jd.com/1320-','c.fa.jd.com',null,null,null,null,'item.jd.com','Tag_Name','a',null,null,null,null,null,null,null);
Insert into DATACOLLECT.SITE_URL_PARSE (ID,SITE_ID,URL_XPATH_CHARACTOR,NOT_URL_XPATH_CHARACTOR,URL_CHARACTOR,NOT_URL_CHARACTOR,EXEC_JAVASCRIPT,URL_PAGE_DESC,PAGE_ENCODING,URL_MATCH_REG_EXP,CONTENT_PAGE_URL_CHARACTOR,BY_ELE_TYPE,BY_ELE_VAL,BY_TAG_ATTRIBUTE,RUN_REGEXP_ON_URL,RUN_STRING_FIND_ON_URL,URL_PAGE_CHA_XPATH_VALUE,URL_PAGE_CHA_ATTRIBUTE,URL_PAGE_CHARACTOR,URL_PAGE_NOT_CHARACTOR) values (20,13,null,'id=reco_pic;id=cpc_','category.dangdang.com;product.dangdang.com','category.dangdang.com/?;#ddclick_VH;#ddclick_reco_recobar_category',null,null,null,null,'product.dangdang.com','Tag_Name','a',null,null,'category.dangdang.com!@#category_id,cat;product.dangdang.com!@#product_id',null,null,null,null);
Insert into DATACOLLECT.SITE_URL_PARSE (ID,SITE_ID,URL_XPATH_CHARACTOR,NOT_URL_XPATH_CHARACTOR,URL_CHARACTOR,NOT_URL_CHARACTOR,EXEC_JAVASCRIPT,URL_PAGE_DESC,PAGE_ENCODING,URL_MATCH_REG_EXP,CONTENT_PAGE_URL_CHARACTOR,BY_ELE_TYPE,BY_ELE_VAL,BY_TAG_ATTRIBUTE,RUN_REGEXP_ON_URL,RUN_STRING_FIND_ON_URL,URL_PAGE_CHA_XPATH_VALUE,URL_PAGE_CHA_ATTRIBUTE,URL_PAGE_CHARACTOR,URL_PAGE_NOT_CHARACTOR) values (21,14,null,null,'/Sort-;/ProductList;/Product-','/Credits',null,null,null,null,'/Product-','Tag_Name','a',null,null,'/ProductList!@#id,Cid,page,brand;',null,null,null,null);
Insert into DATACOLLECT.SITE_URL_PARSE (ID,SITE_ID,URL_XPATH_CHARACTOR,NOT_URL_XPATH_CHARACTOR,URL_CHARACTOR,NOT_URL_CHARACTOR,EXEC_JAVASCRIPT,URL_PAGE_DESC,PAGE_ENCODING,URL_MATCH_REG_EXP,CONTENT_PAGE_URL_CHARACTOR,BY_ELE_TYPE,BY_ELE_VAL,BY_TAG_ATTRIBUTE,RUN_REGEXP_ON_URL,RUN_STRING_FIND_ON_URL,URL_PAGE_CHA_XPATH_VALUE,URL_PAGE_CHA_ATTRIBUTE,URL_PAGE_CHARACTOR,URL_PAGE_NOT_CHARACTOR) values (22,14,null,null,'/ProductList;/Product-','/Credits',null,null,null,null,null,'Css_Selector','a[onclick~=queryListOrderBy];a[onclick~=redirectUrlForInfosmart]',null,null,null,null,null,null,null);
--------------------------------------------------------
--  DDL for Index FK_ACCOUNTROLEMAP_ACCOUNTID
--------------------------------------------------------

  CREATE INDEX "DATACOLLECT"."FK_ACCOUNTROLEMAP_ACCOUNTID" ON "DATACOLLECT"."ACCOUNT_ROLE_MAP" ("ACCOUNT_ID") 
  PCTFREE 10 INITRANS 2 MAXTRANS 255 COMPUTE STATISTICS 
  STORAGE(INITIAL 65536 NEXT 1048576 MINEXTENTS 1 MAXEXTENTS 2147483645
  PCTINCREASE 0 FREELISTS 1 FREELIST GROUPS 1 BUFFER_POOL DEFAULT FLASH_CACHE DEFAULT CELL_FLASH_CACHE DEFAULT)
  TABLESPACE "DATATIGER" ;
--------------------------------------------------------
--  DDL for Index FK_ACCOUNT_ACTION_MENUID
--------------------------------------------------------

  CREATE INDEX "DATACOLLECT"."FK_ACCOUNT_ACTION_MENUID" ON "DATACOLLECT"."ACCOUNT_ACTION" ("MENU_ID") 
  PCTFREE 10 INITRANS 2 MAXTRANS 255 COMPUTE STATISTICS NOCOMPRESS LOGGING
  TABLESPACE "DATATIGER" ;
--------------------------------------------------------
--  DDL for Index FK_ACCOUNT_ROLE_MAP_ROLEID
--------------------------------------------------------

  CREATE INDEX "DATACOLLECT"."FK_ACCOUNT_ROLE_MAP_ROLEID" ON "DATACOLLECT"."ACCOUNT_ROLE_MAP" ("ROLE_ID") 
  PCTFREE 10 INITRANS 2 MAXTRANS 255 COMPUTE STATISTICS 
  STORAGE(INITIAL 65536 NEXT 1048576 MINEXTENTS 1 MAXEXTENTS 2147483645
  PCTINCREASE 0 FREELISTS 1 FREELIST GROUPS 1 BUFFER_POOL DEFAULT FLASH_CACHE DEFAULT CELL_FLASH_CACHE DEFAULT)
  TABLESPACE "DATATIGER" ;
--------------------------------------------------------
--  DDL for Index FK_PARSEITEM_PARSEID
--------------------------------------------------------

  CREATE INDEX "DATACOLLECT"."FK_PARSEITEM_PARSEID" ON "DATACOLLECT"."PARSE_ITEM" ("PARSE_ID") 
  PCTFREE 10 INITRANS 2 MAXTRANS 255 COMPUTE STATISTICS 
  STORAGE(INITIAL 65536 NEXT 1048576 MINEXTENTS 1 MAXEXTENTS 2147483645
  PCTINCREASE 0 FREELISTS 1 FREELIST GROUPS 1 BUFFER_POOL DEFAULT FLASH_CACHE DEFAULT CELL_FLASH_CACHE DEFAULT)
  TABLESPACE "DATATIGER" ;
--------------------------------------------------------
--  DDL for Index FK_PARSE_CATEGORYID
--------------------------------------------------------

  CREATE INDEX "DATACOLLECT"."FK_PARSE_CATEGORYID" ON "DATACOLLECT"."PARSE" ("CATEGORY_ID") 
  PCTFREE 10 INITRANS 2 MAXTRANS 255 COMPUTE STATISTICS 
  STORAGE(INITIAL 65536 NEXT 1048576 MINEXTENTS 1 MAXEXTENTS 2147483645
  PCTINCREASE 0 FREELISTS 1 FREELIST GROUPS 1 BUFFER_POOL DEFAULT FLASH_CACHE DEFAULT CELL_FLASH_CACHE DEFAULT)
  TABLESPACE "DATATIGER" ;
--------------------------------------------------------
--  DDL for Index FK_PPAGEEXCEPTION_DOWNTASKID
--------------------------------------------------------

  CREATE INDEX "DATACOLLECT"."FK_PPAGEEXCEPTION_DOWNTASKID" ON "DATACOLLECT"."PARSE_PAGE_EXCEPTION" ("DOWNLOAD_TASK_ID") 
  PCTFREE 10 INITRANS 2 MAXTRANS 255 COMPUTE STATISTICS NOCOMPRESS LOGGING
  TABLESPACE "DATATIGER" ;
--------------------------------------------------------
--  DDL for Index FK_PPAGEEXCEPTION_PARSEITEMID
--------------------------------------------------------

  CREATE INDEX "DATACOLLECT"."FK_PPAGEEXCEPTION_PARSEITEMID" ON "DATACOLLECT"."PARSE_PAGE_EXCEPTION" ("PARSE_ITEM_ID") 
  PCTFREE 10 INITRANS 2 MAXTRANS 255 COMPUTE STATISTICS NOCOMPRESS LOGGING
  TABLESPACE "DATATIGER" ;
--------------------------------------------------------
--  DDL for Index FK_ROLEMENUMAP_MENUID
--------------------------------------------------------

  CREATE INDEX "DATACOLLECT"."FK_ROLEMENUMAP_MENUID" ON "DATACOLLECT"."ROLE_MENU_MAP" ("MENU_ID") 
  PCTFREE 10 INITRANS 2 MAXTRANS 255 COMPUTE STATISTICS 
  STORAGE(INITIAL 65536 NEXT 1048576 MINEXTENTS 1 MAXEXTENTS 2147483645
  PCTINCREASE 0 FREELISTS 1 FREELIST GROUPS 1 BUFFER_POOL DEFAULT FLASH_CACHE DEFAULT CELL_FLASH_CACHE DEFAULT)
  TABLESPACE "DATATIGER" ;
--------------------------------------------------------
--  DDL for Index FK_ROLEMENUMAP_ROLEID
--------------------------------------------------------

  CREATE INDEX "DATACOLLECT"."FK_ROLEMENUMAP_ROLEID" ON "DATACOLLECT"."ROLE_MENU_MAP" ("ROLE_ID") 
  PCTFREE 10 INITRANS 2 MAXTRANS 255 COMPUTE STATISTICS 
  STORAGE(INITIAL 65536 NEXT 1048576 MINEXTENTS 1 MAXEXTENTS 2147483645
  PCTINCREASE 0 FREELISTS 1 FREELIST GROUPS 1 BUFFER_POOL DEFAULT FLASH_CACHE DEFAULT CELL_FLASH_CACHE DEFAULT)
  TABLESPACE "DATATIGER" ;
--------------------------------------------------------
--  DDL for Index FK_SITEAUTH_SITEID
--------------------------------------------------------

  CREATE INDEX "DATACOLLECT"."FK_SITEAUTH_SITEID" ON "DATACOLLECT"."SITE_AUTH" ("SITE_ID") 
  PCTFREE 10 INITRANS 2 MAXTRANS 255 COMPUTE STATISTICS NOCOMPRESS LOGGING
  TABLESPACE "DATATIGER" ;
--------------------------------------------------------
--  DDL for Index FK_SITEURLPARSE_SITEID
--------------------------------------------------------

  CREATE INDEX "DATACOLLECT"."FK_SITEURLPARSE_SITEID" ON "DATACOLLECT"."SITE_URL_PARSE" ("SITE_ID") 
  PCTFREE 10 INITRANS 2 MAXTRANS 255 COMPUTE STATISTICS 
  STORAGE(INITIAL 65536 NEXT 1048576 MINEXTENTS 1 MAXEXTENTS 2147483645
  PCTINCREASE 0 FREELISTS 1 FREELIST GROUPS 1 BUFFER_POOL DEFAULT FLASH_CACHE DEFAULT CELL_FLASH_CACHE DEFAULT)
  TABLESPACE "DATATIGER" ;
--------------------------------------------------------
--  DDL for Index FK_SITE_CATEGORYID
--------------------------------------------------------

  CREATE INDEX "DATACOLLECT"."FK_SITE_CATEGORYID" ON "DATACOLLECT"."SITE" ("CATEGORY_ID") 
  PCTFREE 10 INITRANS 2 MAXTRANS 255 COMPUTE STATISTICS 
  STORAGE(INITIAL 65536 NEXT 1048576 MINEXTENTS 1 MAXEXTENTS 2147483645
  PCTINCREASE 0 FREELISTS 1 FREELIST GROUPS 1 BUFFER_POOL DEFAULT FLASH_CACHE DEFAULT CELL_FLASH_CACHE DEFAULT)
  TABLESPACE "DATATIGER" ;
--------------------------------------------------------
--  DDL for Index FK_SITE_PARSEID
--------------------------------------------------------

  CREATE INDEX "DATACOLLECT"."FK_SITE_PARSEID" ON "DATACOLLECT"."SITE" ("PARSE_ID") 
  PCTFREE 10 INITRANS 2 MAXTRANS 255 COMPUTE STATISTICS 
  STORAGE(INITIAL 65536 NEXT 1048576 MINEXTENTS 1 MAXEXTENTS 2147483645
  PCTINCREASE 0 FREELISTS 1 FREELIST GROUPS 1 BUFFER_POOL DEFAULT FLASH_CACHE DEFAULT CELL_FLASH_CACHE DEFAULT)
  TABLESPACE "DATATIGER" ;
--------------------------------------------------------
--  DDL for Index IDX_DT_PAGEURL
--------------------------------------------------------

  CREATE INDEX "DATACOLLECT"."IDX_DT_PAGEURL" ON "DATACOLLECT"."DOWNLOAD_TASK" ("PAGE_URL") 
  PCTFREE 10 INITRANS 2 MAXTRANS 167 COMPUTE STATISTICS 
  STORAGE(INITIAL 65536 NEXT 1048576 MINEXTENTS 1 MAXEXTENTS 2147483645
  PCTINCREASE 0 FREELISTS 1 FREELIST GROUPS 1 BUFFER_POOL DEFAULT FLASH_CACHE DEFAULT CELL_FLASH_CACHE DEFAULT)
  TABLESPACE "DATATIGER" ;
--------------------------------------------------------
--  DDL for Index IDX_DT_SITE_USEFUL_APT_IFCON
--------------------------------------------------------

  CREATE INDEX "DATACOLLECT"."IDX_DT_SITE_USEFUL_APT_IFCON" ON "DATACOLLECT"."DOWNLOAD_TASK" ("SITE_ID", "USELESS_CONTENT_PAGE", "APPLY_TIME", "IF_CONTENT_PAGE") 
  PCTFREE 10 INITRANS 2 MAXTRANS 255 COMPUTE STATISTICS 
  STORAGE(INITIAL 65536 NEXT 1048576 MINEXTENTS 1 MAXEXTENTS 2147483645
  PCTINCREASE 0 FREELISTS 1 FREELIST GROUPS 1 BUFFER_POOL DEFAULT FLASH_CACHE DEFAULT CELL_FLASH_CACHE DEFAULT)
  TABLESPACE "DATATIGER" ;
--------------------------------------------------------
--  DDL for Index IDX_DT_TASKLEVEL
--------------------------------------------------------

  CREATE INDEX "DATACOLLECT"."IDX_DT_TASKLEVEL" ON "DATACOLLECT"."DOWNLOAD_TASK" ("TASK_LEVEL") 
  PCTFREE 10 INITRANS 2 MAXTRANS 255 COMPUTE STATISTICS 
  STORAGE(INITIAL 65536 NEXT 1048576 MINEXTENTS 1 MAXEXTENTS 2147483645
  PCTINCREASE 0 FREELISTS 1 FREELIST GROUPS 1 BUFFER_POOL DEFAULT FLASH_CACHE DEFAULT CELL_FLASH_CACHE DEFAULT)
  TABLESPACE "DATATIGER" ;
--------------------------------------------------------
--  DDL for Index PK_ACCOUNT_ACTION_ID
--------------------------------------------------------

  CREATE UNIQUE INDEX "DATACOLLECT"."PK_ACCOUNT_ACTION_ID" ON "DATACOLLECT"."ACCOUNT_ACTION" ("ID") 
  PCTFREE 10 INITRANS 2 MAXTRANS 255 COMPUTE STATISTICS NOCOMPRESS LOGGING
  TABLESPACE "DATATIGER" ;
--------------------------------------------------------
--  DDL for Index PK_ACCOUNT_ID
--------------------------------------------------------

  CREATE UNIQUE INDEX "DATACOLLECT"."PK_ACCOUNT_ID" ON "DATACOLLECT"."ACCOUNT" ("ID") 
  PCTFREE 10 INITRANS 2 MAXTRANS 255 COMPUTE STATISTICS 
  STORAGE(INITIAL 65536 NEXT 1048576 MINEXTENTS 1 MAXEXTENTS 2147483645
  PCTINCREASE 0 FREELISTS 1 FREELIST GROUPS 1 BUFFER_POOL DEFAULT FLASH_CACHE DEFAULT CELL_FLASH_CACHE DEFAULT)
  TABLESPACE "DATATIGER" ;
--------------------------------------------------------
--  DDL for Index PK_DATA_IOS_APP_ID
--------------------------------------------------------

  CREATE UNIQUE INDEX "DATACOLLECT"."PK_DATA_IOS_APP_ID" ON "DATACOLLECT"."DATA_IOS_APP" ("ID") 
  PCTFREE 10 INITRANS 2 MAXTRANS 255 COMPUTE STATISTICS NOCOMPRESS LOGGING
  TABLESPACE "DATATIGER" ;
--------------------------------------------------------
--  DDL for Index PK_DATA_SEARCH_LOG_DETAIL_ID
--------------------------------------------------------

  CREATE UNIQUE INDEX "DATACOLLECT"."PK_DATA_SEARCH_LOG_DETAIL_ID" ON "DATACOLLECT"."DATA_SEARCH_LOG_DETAIL" ("ID") 
  PCTFREE 10 INITRANS 2 MAXTRANS 255 COMPUTE STATISTICS 
  STORAGE(INITIAL 65536 NEXT 1048576 MINEXTENTS 1 MAXEXTENTS 2147483645
  PCTINCREASE 0 FREELISTS 1 FREELIST GROUPS 1 BUFFER_POOL DEFAULT FLASH_CACHE DEFAULT CELL_FLASH_CACHE DEFAULT)
  TABLESPACE "DATATIGER" ;
--------------------------------------------------------
--  DDL for Index PK_DATA_SEARCH_LOG_ID
--------------------------------------------------------

  CREATE UNIQUE INDEX "DATACOLLECT"."PK_DATA_SEARCH_LOG_ID" ON "DATACOLLECT"."DATA_SEARCH_LOG" ("ID") 
  PCTFREE 10 INITRANS 2 MAXTRANS 255 COMPUTE STATISTICS 
  STORAGE(INITIAL 65536 NEXT 1048576 MINEXTENTS 1 MAXEXTENTS 2147483645
  PCTINCREASE 0 FREELISTS 1 FREELIST GROUPS 1 BUFFER_POOL DEFAULT FLASH_CACHE DEFAULT CELL_FLASH_CACHE DEFAULT)
  TABLESPACE "DATATIGER" ;
--------------------------------------------------------
--  DDL for Index PK_DATA_TAO_BAO_JIE_ID
--------------------------------------------------------

  CREATE UNIQUE INDEX "DATACOLLECT"."PK_DATA_TAO_BAO_JIE_ID" ON "DATACOLLECT"."DATA_TAO_BAO_JIE" ("ID") 
  PCTFREE 10 INITRANS 2 MAXTRANS 255 COMPUTE STATISTICS NOCOMPRESS LOGGING
  TABLESPACE "DATATIGER" ;
--------------------------------------------------------
--  DDL for Index PK_DATA_VIDEO_ID
--------------------------------------------------------

  CREATE UNIQUE INDEX "DATACOLLECT"."PK_DATA_VIDEO_ID" ON "DATACOLLECT"."DATA_VIDEO" ("ID") 
  PCTFREE 10 INITRANS 2 MAXTRANS 255 COMPUTE STATISTICS NOCOMPRESS LOGGING
  TABLESPACE "DATATIGER" ;
--------------------------------------------------------
--  DDL for Index PK_DATA_XIU_HAO_CHI_ID
--------------------------------------------------------

  CREATE UNIQUE INDEX "DATACOLLECT"."PK_DATA_XIU_HAO_CHI_ID" ON "DATACOLLECT"."DATA_XIU_HAO_CHI" ("ID") 
  PCTFREE 10 INITRANS 2 MAXTRANS 255 COMPUTE STATISTICS NOCOMPRESS LOGGING
  TABLESPACE "DATATIGER" ;
--------------------------------------------------------
--  DDL for Index PK_DOWNLOAD_MQ_MESSAGE_ID
--------------------------------------------------------

  CREATE UNIQUE INDEX "DATACOLLECT"."PK_DOWNLOAD_MQ_MESSAGE_ID" ON "DATACOLLECT"."DOWNLOAD_MQ_MESSAGE" ("ID") 
  PCTFREE 10 INITRANS 2 MAXTRANS 255 COMPUTE STATISTICS 
  STORAGE(INITIAL 65536 NEXT 1048576 MINEXTENTS 1 MAXEXTENTS 2147483645
  PCTINCREASE 0 FREELISTS 1 FREELIST GROUPS 1 BUFFER_POOL DEFAULT FLASH_CACHE DEFAULT CELL_FLASH_CACHE DEFAULT)
  TABLESPACE "DATATIGER" ;
--------------------------------------------------------
--  DDL for Index PK_DOWNLOAD_TASK_ID
--------------------------------------------------------

  CREATE UNIQUE INDEX "DATACOLLECT"."PK_DOWNLOAD_TASK_ID" ON "DATACOLLECT"."DOWNLOAD_TASK" ("ID") 
  PCTFREE 10 INITRANS 2 MAXTRANS 255 COMPUTE STATISTICS 
  STORAGE(INITIAL 65536 NEXT 1048576 MINEXTENTS 1 MAXEXTENTS 2147483645
  PCTINCREASE 0 FREELISTS 1 FREELIST GROUPS 1 BUFFER_POOL DEFAULT FLASH_CACHE DEFAULT CELL_FLASH_CACHE DEFAULT)
  TABLESPACE "DATATIGER" ;
--------------------------------------------------------
--  DDL for Index PK_DOWNLOAD_THREAD_ID
--------------------------------------------------------

  CREATE UNIQUE INDEX "DATACOLLECT"."PK_DOWNLOAD_THREAD_ID" ON "DATACOLLECT"."DOWNLOAD_THREAD" ("ID") 
  PCTFREE 10 INITRANS 2 MAXTRANS 255 COMPUTE STATISTICS 
  STORAGE(INITIAL 65536 NEXT 1048576 MINEXTENTS 1 MAXEXTENTS 2147483645
  PCTINCREASE 0 FREELISTS 1 FREELIST GROUPS 1 BUFFER_POOL DEFAULT FLASH_CACHE DEFAULT CELL_FLASH_CACHE DEFAULT)
  TABLESPACE "DATATIGER" ;
--------------------------------------------------------
--  DDL for Index PK_MENU_ID
--------------------------------------------------------

  CREATE UNIQUE INDEX "DATACOLLECT"."PK_MENU_ID" ON "DATACOLLECT"."MENU" ("ID") 
  PCTFREE 10 INITRANS 2 MAXTRANS 255 COMPUTE STATISTICS 
  STORAGE(INITIAL 65536 NEXT 1048576 MINEXTENTS 1 MAXEXTENTS 2147483645
  PCTINCREASE 0 FREELISTS 1 FREELIST GROUPS 1 BUFFER_POOL DEFAULT FLASH_CACHE DEFAULT CELL_FLASH_CACHE DEFAULT)
  TABLESPACE "DATATIGER" ;
--------------------------------------------------------
--  DDL for Index PK_PARSE_CATEGORY_ID
--------------------------------------------------------

  CREATE UNIQUE INDEX "DATACOLLECT"."PK_PARSE_CATEGORY_ID" ON "DATACOLLECT"."PARSE_CATEGORY" ("ID") 
  PCTFREE 10 INITRANS 2 MAXTRANS 255 COMPUTE STATISTICS 
  STORAGE(INITIAL 65536 NEXT 1048576 MINEXTENTS 1 MAXEXTENTS 2147483645
  PCTINCREASE 0 FREELISTS 1 FREELIST GROUPS 1 BUFFER_POOL DEFAULT FLASH_CACHE DEFAULT CELL_FLASH_CACHE DEFAULT)
  TABLESPACE "DATATIGER" ;
--------------------------------------------------------
--  DDL for Index PK_PARSE_ID
--------------------------------------------------------

  CREATE UNIQUE INDEX "DATACOLLECT"."PK_PARSE_ID" ON "DATACOLLECT"."PARSE" ("ID") 
  PCTFREE 10 INITRANS 2 MAXTRANS 255 COMPUTE STATISTICS 
  STORAGE(INITIAL 65536 NEXT 1048576 MINEXTENTS 1 MAXEXTENTS 2147483645
  PCTINCREASE 0 FREELISTS 1 FREELIST GROUPS 1 BUFFER_POOL DEFAULT FLASH_CACHE DEFAULT CELL_FLASH_CACHE DEFAULT)
  TABLESPACE "DATATIGER" ;
--------------------------------------------------------
--  DDL for Index PK_PARSE_ITEM_ACTION_ID
--------------------------------------------------------

  CREATE UNIQUE INDEX "DATACOLLECT"."PK_PARSE_ITEM_ACTION_ID" ON "DATACOLLECT"."PARSE_ITEM_ACTION" ("ID") 
  PCTFREE 10 INITRANS 2 MAXTRANS 255 COMPUTE STATISTICS 
  STORAGE(INITIAL 65536 NEXT 1048576 MINEXTENTS 1 MAXEXTENTS 2147483645
  PCTINCREASE 0 FREELISTS 1 FREELIST GROUPS 1 BUFFER_POOL DEFAULT FLASH_CACHE DEFAULT CELL_FLASH_CACHE DEFAULT)
  TABLESPACE "DATATIGER" ;
--------------------------------------------------------
--  DDL for Index PK_PARSE_ITEM_ID
--------------------------------------------------------

  CREATE UNIQUE INDEX "DATACOLLECT"."PK_PARSE_ITEM_ID" ON "DATACOLLECT"."PARSE_ITEM" ("ID") 
  PCTFREE 10 INITRANS 2 MAXTRANS 255 COMPUTE STATISTICS 
  STORAGE(INITIAL 65536 NEXT 1048576 MINEXTENTS 1 MAXEXTENTS 2147483645
  PCTINCREASE 0 FREELISTS 1 FREELIST GROUPS 1 BUFFER_POOL DEFAULT FLASH_CACHE DEFAULT CELL_FLASH_CACHE DEFAULT)
  TABLESPACE "DATATIGER" ;
--------------------------------------------------------
--  DDL for Index PK_PARSE_PAGE_EXCEPTION_ID
--------------------------------------------------------

  CREATE UNIQUE INDEX "DATACOLLECT"."PK_PARSE_PAGE_EXCEPTION_ID" ON "DATACOLLECT"."PARSE_PAGE_EXCEPTION" ("ID") 
  PCTFREE 10 INITRANS 2 MAXTRANS 255 COMPUTE STATISTICS NOCOMPRESS LOGGING
  TABLESPACE "DATATIGER" ;
--------------------------------------------------------
--  DDL for Index PK_ROLE_ID
--------------------------------------------------------

  CREATE UNIQUE INDEX "DATACOLLECT"."PK_ROLE_ID" ON "DATACOLLECT"."ROLE" ("ID") 
  PCTFREE 10 INITRANS 2 MAXTRANS 255 COMPUTE STATISTICS 
  STORAGE(INITIAL 65536 NEXT 1048576 MINEXTENTS 1 MAXEXTENTS 2147483645
  PCTINCREASE 0 FREELISTS 1 FREELIST GROUPS 1 BUFFER_POOL DEFAULT FLASH_CACHE DEFAULT CELL_FLASH_CACHE DEFAULT)
  TABLESPACE "DATATIGER" ;
--------------------------------------------------------
--  DDL for Index PK_SITE_AUTH_ID
--------------------------------------------------------

  CREATE UNIQUE INDEX "DATACOLLECT"."PK_SITE_AUTH_ID" ON "DATACOLLECT"."SITE_AUTH" ("ID") 
  PCTFREE 10 INITRANS 2 MAXTRANS 255 COMPUTE STATISTICS NOCOMPRESS LOGGING
  TABLESPACE "DATATIGER" ;
--------------------------------------------------------
--  DDL for Index PK_SITE_CATEGORY_ID
--------------------------------------------------------

  CREATE UNIQUE INDEX "DATACOLLECT"."PK_SITE_CATEGORY_ID" ON "DATACOLLECT"."SITE_CATEGORY" ("ID") 
  PCTFREE 10 INITRANS 2 MAXTRANS 255 COMPUTE STATISTICS 
  STORAGE(INITIAL 65536 NEXT 1048576 MINEXTENTS 1 MAXEXTENTS 2147483645
  PCTINCREASE 0 FREELISTS 1 FREELIST GROUPS 1 BUFFER_POOL DEFAULT FLASH_CACHE DEFAULT CELL_FLASH_CACHE DEFAULT)
  TABLESPACE "DATATIGER" ;
--------------------------------------------------------
--  DDL for Index PK_SITE_CONTENT_PAGE_CHECK_ID
--------------------------------------------------------

  CREATE UNIQUE INDEX "DATACOLLECT"."PK_SITE_CONTENT_PAGE_CHECK_ID" ON "DATACOLLECT"."SITE_CONTENT_PAGE_CHECK" ("ID") 
  PCTFREE 10 INITRANS 2 MAXTRANS 255 COMPUTE STATISTICS 
  STORAGE(INITIAL 65536 NEXT 1048576 MINEXTENTS 1 MAXEXTENTS 2147483645
  PCTINCREASE 0 FREELISTS 1 FREELIST GROUPS 1 BUFFER_POOL DEFAULT FLASH_CACHE DEFAULT CELL_FLASH_CACHE DEFAULT)
  TABLESPACE "DATATIGER" ;
--------------------------------------------------------
--  DDL for Index PK_SITE_ID
--------------------------------------------------------

  CREATE UNIQUE INDEX "DATACOLLECT"."PK_SITE_ID" ON "DATACOLLECT"."SITE" ("ID") 
  PCTFREE 10 INITRANS 2 MAXTRANS 255 COMPUTE STATISTICS 
  STORAGE(INITIAL 65536 NEXT 1048576 MINEXTENTS 1 MAXEXTENTS 2147483645
  PCTINCREASE 0 FREELISTS 1 FREELIST GROUPS 1 BUFFER_POOL DEFAULT FLASH_CACHE DEFAULT CELL_FLASH_CACHE DEFAULT)
  TABLESPACE "DATATIGER" ;
--------------------------------------------------------
--  DDL for Index PK_SITE_URL_PARSE_ID
--------------------------------------------------------

  CREATE UNIQUE INDEX "DATACOLLECT"."PK_SITE_URL_PARSE_ID" ON "DATACOLLECT"."SITE_URL_PARSE" ("ID") 
  PCTFREE 10 INITRANS 2 MAXTRANS 255 COMPUTE STATISTICS 
  STORAGE(INITIAL 65536 NEXT 1048576 MINEXTENTS 1 MAXEXTENTS 2147483645
  PCTINCREASE 0 FREELISTS 1 FREELIST GROUPS 1 BUFFER_POOL DEFAULT FLASH_CACHE DEFAULT CELL_FLASH_CACHE DEFAULT)
  TABLESPACE "DATATIGER" ;
--------------------------------------------------------
--  Constraints for Table ACCOUNT
--------------------------------------------------------

  ALTER TABLE "DATACOLLECT"."ACCOUNT" ADD CONSTRAINT "PRIMARY" PRIMARY KEY ("ID")
  USING INDEX PCTFREE 10 INITRANS 2 MAXTRANS 255 COMPUTE STATISTICS 
  STORAGE(INITIAL 65536 NEXT 1048576 MINEXTENTS 1 MAXEXTENTS 2147483645
  PCTINCREASE 0 FREELISTS 1 FREELIST GROUPS 1 BUFFER_POOL DEFAULT FLASH_CACHE DEFAULT CELL_FLASH_CACHE DEFAULT)
  TABLESPACE "DATATIGER"  ENABLE;
 
  ALTER TABLE "DATACOLLECT"."ACCOUNT" MODIFY ("ID" NOT NULL ENABLE);
--------------------------------------------------------
--  Constraints for Table ACCOUNT_ACTION
--------------------------------------------------------

  ALTER TABLE "DATACOLLECT"."ACCOUNT_ACTION" ADD CONSTRAINT "PRIMARY_22" PRIMARY KEY ("ID")
  USING INDEX PCTFREE 10 INITRANS 2 MAXTRANS 255 COMPUTE STATISTICS NOCOMPRESS LOGGING
  TABLESPACE "DATATIGER"  ENABLE;
 
  ALTER TABLE "DATACOLLECT"."ACCOUNT_ACTION" MODIFY ("ID" NOT NULL ENABLE);
--------------------------------------------------------
--  Constraints for Table DATA_IOS_APP
--------------------------------------------------------

  ALTER TABLE "DATACOLLECT"."DATA_IOS_APP" ADD CONSTRAINT "PRIMARY_2" PRIMARY KEY ("ID")
  USING INDEX PCTFREE 10 INITRANS 2 MAXTRANS 255 COMPUTE STATISTICS NOCOMPRESS LOGGING
  TABLESPACE "DATATIGER"  ENABLE;
 
  ALTER TABLE "DATACOLLECT"."DATA_IOS_APP" MODIFY ("ID" NOT NULL ENABLE);
--------------------------------------------------------
--  Constraints for Table DATA_SEARCH_LOG
--------------------------------------------------------

  ALTER TABLE "DATACOLLECT"."DATA_SEARCH_LOG" ADD CONSTRAINT "PRIMARY_3" PRIMARY KEY ("ID")
  USING INDEX PCTFREE 10 INITRANS 2 MAXTRANS 255 COMPUTE STATISTICS 
  STORAGE(INITIAL 65536 NEXT 1048576 MINEXTENTS 1 MAXEXTENTS 2147483645
  PCTINCREASE 0 FREELISTS 1 FREELIST GROUPS 1 BUFFER_POOL DEFAULT FLASH_CACHE DEFAULT CELL_FLASH_CACHE DEFAULT)
  TABLESPACE "DATATIGER"  ENABLE;
 
  ALTER TABLE "DATACOLLECT"."DATA_SEARCH_LOG" MODIFY ("ID" NOT NULL ENABLE);
 
  ALTER TABLE "DATACOLLECT"."DATA_SEARCH_LOG" MODIFY ("SEARCH_KEYWORD" NOT NULL ENABLE);
 
  ALTER TABLE "DATACOLLECT"."DATA_SEARCH_LOG" MODIFY ("LAST_SEARCH_DATE" NOT NULL ENABLE);
 
  ALTER TABLE "DATACOLLECT"."DATA_SEARCH_LOG" MODIFY ("TOTAL_SEARCH_COUNT" NOT NULL ENABLE);
 
  ALTER TABLE "DATACOLLECT"."DATA_SEARCH_LOG" MODIFY ("SEARCH_IN" NOT NULL ENABLE);
--------------------------------------------------------
--  Constraints for Table DATA_SEARCH_LOG_DETAIL
--------------------------------------------------------

  ALTER TABLE "DATACOLLECT"."DATA_SEARCH_LOG_DETAIL" ADD CONSTRAINT "PRIMARY_4" PRIMARY KEY ("ID")
  USING INDEX PCTFREE 10 INITRANS 2 MAXTRANS 255 COMPUTE STATISTICS 
  STORAGE(INITIAL 65536 NEXT 1048576 MINEXTENTS 1 MAXEXTENTS 2147483645
  PCTINCREASE 0 FREELISTS 1 FREELIST GROUPS 1 BUFFER_POOL DEFAULT FLASH_CACHE DEFAULT CELL_FLASH_CACHE DEFAULT)
  TABLESPACE "DATATIGER"  ENABLE;
 
  ALTER TABLE "DATACOLLECT"."DATA_SEARCH_LOG_DETAIL" MODIFY ("ID" NOT NULL ENABLE);
 
  ALTER TABLE "DATACOLLECT"."DATA_SEARCH_LOG_DETAIL" MODIFY ("SEARCH_KEYWORD" NOT NULL ENABLE);
 
  ALTER TABLE "DATACOLLECT"."DATA_SEARCH_LOG_DETAIL" MODIFY ("SEARCH_DATE" NOT NULL ENABLE);
 
  ALTER TABLE "DATACOLLECT"."DATA_SEARCH_LOG_DETAIL" MODIFY ("SEARCHER_IP" NOT NULL ENABLE);
 
  ALTER TABLE "DATACOLLECT"."DATA_SEARCH_LOG_DETAIL" MODIFY ("SEARCH_IN" NOT NULL ENABLE);
--------------------------------------------------------
--  Constraints for Table DATA_TAO_BAO_JIE
--------------------------------------------------------

  ALTER TABLE "DATACOLLECT"."DATA_TAO_BAO_JIE" ADD CONSTRAINT "PRIMARY_5" PRIMARY KEY ("ID")
  USING INDEX PCTFREE 10 INITRANS 2 MAXTRANS 255 COMPUTE STATISTICS NOCOMPRESS LOGGING
  TABLESPACE "DATATIGER"  ENABLE;
 
  ALTER TABLE "DATACOLLECT"."DATA_TAO_BAO_JIE" MODIFY ("ID" NOT NULL ENABLE);
 
  ALTER TABLE "DATACOLLECT"."DATA_TAO_BAO_JIE" MODIFY ("SHOP_RATE_URL" NOT NULL ENABLE);
--------------------------------------------------------
--  Constraints for Table DATA_VIDEO
--------------------------------------------------------

  ALTER TABLE "DATACOLLECT"."DATA_VIDEO" ADD CONSTRAINT "PRIMARY_6" PRIMARY KEY ("ID")
  USING INDEX PCTFREE 10 INITRANS 2 MAXTRANS 255 COMPUTE STATISTICS NOCOMPRESS LOGGING
  TABLESPACE "DATATIGER"  ENABLE;
 
  ALTER TABLE "DATACOLLECT"."DATA_VIDEO" MODIFY ("ID" NOT NULL ENABLE);
 
  ALTER TABLE "DATACOLLECT"."DATA_VIDEO" MODIFY ("BIAO_TI" NOT NULL ENABLE);
 
  ALTER TABLE "DATACOLLECT"."DATA_VIDEO" MODIFY ("PING_FEN" NOT NULL ENABLE);
 
  ALTER TABLE "DATACOLLECT"."DATA_VIDEO" MODIFY ("PING_FEN_NUM" NOT NULL ENABLE);
 
  ALTER TABLE "DATACOLLECT"."DATA_VIDEO" MODIFY ("PLAY_COUNT" NOT NULL ENABLE);
 
  ALTER TABLE "DATACOLLECT"."DATA_VIDEO" MODIFY ("PLAY_COUNT_NUM" NOT NULL ENABLE);
 
  ALTER TABLE "DATACOLLECT"."DATA_VIDEO" MODIFY ("DING_NUM" NOT NULL ENABLE);
 
  ALTER TABLE "DATACOLLECT"."DATA_VIDEO" MODIFY ("CAI_NUM" NOT NULL ENABLE);
 
  ALTER TABLE "DATACOLLECT"."DATA_VIDEO" MODIFY ("CHUANG_JIAN_ZHE" NOT NULL ENABLE);
 
  ALTER TABLE "DATACOLLECT"."DATA_VIDEO" MODIFY ("DAO_YAN" NOT NULL ENABLE);
 
  ALTER TABLE "DATACOLLECT"."DATA_VIDEO" MODIFY ("ZHU_YAN" NOT NULL ENABLE);
 
  ALTER TABLE "DATACOLLECT"."DATA_VIDEO" MODIFY ("DI_QU" NOT NULL ENABLE);
 
  ALTER TABLE "DATACOLLECT"."DATA_VIDEO" MODIFY ("LEI_XING" NOT NULL ENABLE);
 
  ALTER TABLE "DATACOLLECT"."DATA_VIDEO" MODIFY ("TV_STATION" NOT NULL ENABLE);
 
  ALTER TABLE "DATACOLLECT"."DATA_VIDEO" MODIFY ("ZHU_CHI_REN" NOT NULL ENABLE);
 
  ALTER TABLE "DATACOLLECT"."DATA_VIDEO" MODIFY ("MIAN_BAO_XIE_TITLE" NOT NULL ENABLE);
 
  ALTER TABLE "DATACOLLECT"."DATA_VIDEO" MODIFY ("IMG_URL" NOT NULL ENABLE);
 
  ALTER TABLE "DATACOLLECT"."DATA_VIDEO" MODIFY ("META_SEARCH_KEYWORD" NOT NULL ENABLE);
 
  ALTER TABLE "DATACOLLECT"."DATA_VIDEO" MODIFY ("ITEM_URL" NOT NULL ENABLE);
 
  ALTER TABLE "DATACOLLECT"."DATA_VIDEO" MODIFY ("VIDEO_SITE" NOT NULL ENABLE);
 
  ALTER TABLE "DATACOLLECT"."DATA_VIDEO" MODIFY ("CLICK_COUNT" NOT NULL ENABLE);
 
  ALTER TABLE "DATACOLLECT"."DATA_VIDEO" MODIFY ("DOWNLOAD_TASK_ID" NOT NULL ENABLE);
 
  ALTER TABLE "DATACOLLECT"."DATA_VIDEO" MODIFY ("DOWNLOAD_TASK_LEVEL" NOT NULL ENABLE);
 
  ALTER TABLE "DATACOLLECT"."DATA_VIDEO" MODIFY ("DOWNLOAD_TASK_DATA_PARSE_TIME" NOT NULL ENABLE);
 
  ALTER TABLE "DATACOLLECT"."DATA_VIDEO" MODIFY ("DOWNLOAD_TASK_DATA_PARSE_TIME_" NOT NULL ENABLE);
 
  ALTER TABLE "DATACOLLECT"."DATA_VIDEO" MODIFY ("DOWNLOAD_TASK_USELESS_CONTENT_" NOT NULL ENABLE);
--------------------------------------------------------
--  Constraints for Table DATA_XIU_HAO_CHI
--------------------------------------------------------

  ALTER TABLE "DATACOLLECT"."DATA_XIU_HAO_CHI" ADD CONSTRAINT "PRIMARY_7" PRIMARY KEY ("ID")
  USING INDEX PCTFREE 10 INITRANS 2 MAXTRANS 255 COMPUTE STATISTICS NOCOMPRESS LOGGING
  TABLESPACE "DATATIGER"  ENABLE;
 
  ALTER TABLE "DATACOLLECT"."DATA_XIU_HAO_CHI" MODIFY ("ID" NOT NULL ENABLE);
 
  ALTER TABLE "DATACOLLECT"."DATA_XIU_HAO_CHI" MODIFY ("SHOP_NAME" NOT NULL ENABLE);
 
  ALTER TABLE "DATACOLLECT"."DATA_XIU_HAO_CHI" MODIFY ("SHOP_LEVEL_IMG_URL" NOT NULL ENABLE);
 
  ALTER TABLE "DATACOLLECT"."DATA_XIU_HAO_CHI" MODIFY ("BIAO_TI" NOT NULL ENABLE);
 
  ALTER TABLE "DATACOLLECT"."DATA_XIU_HAO_CHI" MODIFY ("FEN_LEI" NOT NULL ENABLE);
 
  ALTER TABLE "DATACOLLECT"."DATA_XIU_HAO_CHI" MODIFY ("JIA_GE" NOT NULL ENABLE);
 
  ALTER TABLE "DATACOLLECT"."DATA_XIU_HAO_CHI" MODIFY ("JIA_GE_NUM" NOT NULL ENABLE);
 
  ALTER TABLE "DATACOLLECT"."DATA_XIU_HAO_CHI" MODIFY ("DAN_JIA" NOT NULL ENABLE);
 
  ALTER TABLE "DATACOLLECT"."DATA_XIU_HAO_CHI" MODIFY ("DAN_JIA_NUM" NOT NULL ENABLE);
 
  ALTER TABLE "DATACOLLECT"."DATA_XIU_HAO_CHI" MODIFY ("CU_XIAO_JIA" NOT NULL ENABLE);
 
  ALTER TABLE "DATACOLLECT"."DATA_XIU_HAO_CHI" MODIFY ("CU_XIAO_JIA_NUM" NOT NULL ENABLE);
 
  ALTER TABLE "DATACOLLECT"."DATA_XIU_HAO_CHI" MODIFY ("PING_FEN" NOT NULL ENABLE);
 
  ALTER TABLE "DATACOLLECT"."DATA_XIU_HAO_CHI" MODIFY ("PING_FEN_NUM" NOT NULL ENABLE);
 
  ALTER TABLE "DATACOLLECT"."DATA_XIU_HAO_CHI" MODIFY ("JIAO_YI" NOT NULL ENABLE);
 
  ALTER TABLE "DATACOLLECT"."DATA_XIU_HAO_CHI" MODIFY ("JIAO_YI_NUM" NOT NULL ENABLE);
 
  ALTER TABLE "DATACOLLECT"."DATA_XIU_HAO_CHI" MODIFY ("JIAO_YI_SUCCESS" NOT NULL ENABLE);
 
  ALTER TABLE "DATACOLLECT"."DATA_XIU_HAO_CHI" MODIFY ("JIAO_YI_SUCCESS_NUM" NOT NULL ENABLE);
 
  ALTER TABLE "DATACOLLECT"."DATA_XIU_HAO_CHI" MODIFY ("IMG_URL" NOT NULL ENABLE);
 
  ALTER TABLE "DATACOLLECT"."DATA_XIU_HAO_CHI" MODIFY ("META_SEARCH_KEYWORD" NOT NULL ENABLE);
 
  ALTER TABLE "DATACOLLECT"."DATA_XIU_HAO_CHI" MODIFY ("ITEM_URL" NOT NULL ENABLE);
 
  ALTER TABLE "DATACOLLECT"."DATA_XIU_HAO_CHI" MODIFY ("SHANG_PIN_LAI_YUAN" NOT NULL ENABLE);
 
  ALTER TABLE "DATACOLLECT"."DATA_XIU_HAO_CHI" MODIFY ("HAO_PING_LV" NOT NULL ENABLE);
 
  ALTER TABLE "DATACOLLECT"."DATA_XIU_HAO_CHI" MODIFY ("HAO_PING_LV_NUM" NOT NULL ENABLE);
 
  ALTER TABLE "DATACOLLECT"."DATA_XIU_HAO_CHI" MODIFY ("CLICK_COUNT" NOT NULL ENABLE);
 
  ALTER TABLE "DATACOLLECT"."DATA_XIU_HAO_CHI" MODIFY ("WANG_WANG_URL" NOT NULL ENABLE);
 
  ALTER TABLE "DATACOLLECT"."DATA_XIU_HAO_CHI" MODIFY ("SHANG_CHENG_PEI_SONG" NOT NULL ENABLE);
 
  ALTER TABLE "DATACOLLECT"."DATA_XIU_HAO_CHI" MODIFY ("SONG_JI_FEN" NOT NULL ENABLE);
 
  ALTER TABLE "DATACOLLECT"."DATA_XIU_HAO_CHI" MODIFY ("SONG_JI_FEN_NUM" NOT NULL ENABLE);
 
  ALTER TABLE "DATACOLLECT"."DATA_XIU_HAO_CHI" MODIFY ("PIN_PAI_ZHI_XIAO" NOT NULL ENABLE);
 
  ALTER TABLE "DATACOLLECT"."DATA_XIU_HAO_CHI" MODIFY ("DOWNLOAD_TASK_ID" NOT NULL ENABLE);
 
  ALTER TABLE "DATACOLLECT"."DATA_XIU_HAO_CHI" MODIFY ("DOWNLOAD_TASK_LEVEL" NOT NULL ENABLE);
 
  ALTER TABLE "DATACOLLECT"."DATA_XIU_HAO_CHI" MODIFY ("DOWNLOAD_TASK_DATA_PARSE_TIME" NOT NULL ENABLE);
 
  ALTER TABLE "DATACOLLECT"."DATA_XIU_HAO_CHI" MODIFY ("DOWNLOAD_TASK_DATA_PARSE_TIME_" NOT NULL ENABLE);
 
  ALTER TABLE "DATACOLLECT"."DATA_XIU_HAO_CHI" MODIFY ("DOWNLOAD_TASK_USELESS_CONTENT_" NOT NULL ENABLE);
--------------------------------------------------------
--  Constraints for Table DOWNLOAD_MQ_MESSAGE
--------------------------------------------------------

  ALTER TABLE "DATACOLLECT"."DOWNLOAD_MQ_MESSAGE" ADD CONSTRAINT "PRIMARY_8" PRIMARY KEY ("ID")
  USING INDEX PCTFREE 10 INITRANS 2 MAXTRANS 255 COMPUTE STATISTICS 
  STORAGE(INITIAL 65536 NEXT 1048576 MINEXTENTS 1 MAXEXTENTS 2147483645
  PCTINCREASE 0 FREELISTS 1 FREELIST GROUPS 1 BUFFER_POOL DEFAULT FLASH_CACHE DEFAULT CELL_FLASH_CACHE DEFAULT)
  TABLESPACE "DATATIGER"  ENABLE;
 
  ALTER TABLE "DATACOLLECT"."DOWNLOAD_MQ_MESSAGE" MODIFY ("ID" NOT NULL ENABLE);
--------------------------------------------------------
--  Constraints for Table DOWNLOAD_TASK
--------------------------------------------------------

  ALTER TABLE "DATACOLLECT"."DOWNLOAD_TASK" ADD CONSTRAINT "PRIMARY_9" PRIMARY KEY ("ID")
  USING INDEX PCTFREE 10 INITRANS 2 MAXTRANS 255 COMPUTE STATISTICS 
  STORAGE(INITIAL 65536 NEXT 1048576 MINEXTENTS 1 MAXEXTENTS 2147483645
  PCTINCREASE 0 FREELISTS 1 FREELIST GROUPS 1 BUFFER_POOL DEFAULT FLASH_CACHE DEFAULT CELL_FLASH_CACHE DEFAULT)
  TABLESPACE "DATATIGER"  ENABLE;
 
  ALTER TABLE "DATACOLLECT"."DOWNLOAD_TASK" MODIFY ("ID" NOT NULL ENABLE);
 
  ALTER TABLE "DATACOLLECT"."DOWNLOAD_TASK" MODIFY ("PAGE_URL" NOT NULL ENABLE);
 
  ALTER TABLE "DATACOLLECT"."DOWNLOAD_TASK" MODIFY ("SITE_ID" NOT NULL ENABLE);
 
  ALTER TABLE "DATACOLLECT"."DOWNLOAD_TASK" MODIFY ("IF_CONTENT_PAGE" NOT NULL ENABLE);
 
  ALTER TABLE "DATACOLLECT"."DOWNLOAD_TASK" MODIFY ("IF_REALLY_CONTENT_PAGE" NOT NULL ENABLE);
 
  ALTER TABLE "DATACOLLECT"."DOWNLOAD_TASK" MODIFY ("IF_SITE_TOP_URL" NOT NULL ENABLE);
 
  ALTER TABLE "DATACOLLECT"."DOWNLOAD_TASK" MODIFY ("IF_TEST" NOT NULL ENABLE);
--------------------------------------------------------
--  Constraints for Table DOWNLOAD_THREAD
--------------------------------------------------------

  ALTER TABLE "DATACOLLECT"."DOWNLOAD_THREAD" ADD CONSTRAINT "PRIMARY_10" PRIMARY KEY ("ID")
  USING INDEX PCTFREE 10 INITRANS 2 MAXTRANS 255 COMPUTE STATISTICS 
  STORAGE(INITIAL 65536 NEXT 1048576 MINEXTENTS 1 MAXEXTENTS 2147483645
  PCTINCREASE 0 FREELISTS 1 FREELIST GROUPS 1 BUFFER_POOL DEFAULT FLASH_CACHE DEFAULT CELL_FLASH_CACHE DEFAULT)
  TABLESPACE "DATATIGER"  ENABLE;
 
  ALTER TABLE "DATACOLLECT"."DOWNLOAD_THREAD" MODIFY ("ID" NOT NULL ENABLE);
--------------------------------------------------------
--  Constraints for Table DOWNLOAD_THREAD_APPLY_TASK_STA
--------------------------------------------------------

  ALTER TABLE "DATACOLLECT"."DOWNLOAD_THREAD_APPLY_TASK_STA" MODIFY ("APPLYING_TASK" NOT NULL ENABLE);
--------------------------------------------------------
--  Constraints for Table MENU
--------------------------------------------------------

  ALTER TABLE "DATACOLLECT"."MENU" ADD CONSTRAINT "PRIMARY_11" PRIMARY KEY ("ID")
  USING INDEX PCTFREE 10 INITRANS 2 MAXTRANS 255 COMPUTE STATISTICS 
  STORAGE(INITIAL 65536 NEXT 1048576 MINEXTENTS 1 MAXEXTENTS 2147483645
  PCTINCREASE 0 FREELISTS 1 FREELIST GROUPS 1 BUFFER_POOL DEFAULT FLASH_CACHE DEFAULT CELL_FLASH_CACHE DEFAULT)
  TABLESPACE "DATATIGER"  ENABLE;
 
  ALTER TABLE "DATACOLLECT"."MENU" MODIFY ("ID" NOT NULL ENABLE);
--------------------------------------------------------
--  Constraints for Table PARSE
--------------------------------------------------------

  ALTER TABLE "DATACOLLECT"."PARSE" ADD CONSTRAINT "PRIMARY_12" PRIMARY KEY ("ID")
  USING INDEX PCTFREE 10 INITRANS 2 MAXTRANS 255 COMPUTE STATISTICS 
  STORAGE(INITIAL 65536 NEXT 1048576 MINEXTENTS 1 MAXEXTENTS 2147483645
  PCTINCREASE 0 FREELISTS 1 FREELIST GROUPS 1 BUFFER_POOL DEFAULT FLASH_CACHE DEFAULT CELL_FLASH_CACHE DEFAULT)
  TABLESPACE "DATATIGER"  ENABLE;
 
  ALTER TABLE "DATACOLLECT"."PARSE" MODIFY ("ID" NOT NULL ENABLE);
--------------------------------------------------------
--  Constraints for Table PARSE_CATEGORY
--------------------------------------------------------

  ALTER TABLE "DATACOLLECT"."PARSE_CATEGORY" ADD CONSTRAINT "PRIMARY_13" PRIMARY KEY ("ID")
  USING INDEX PCTFREE 10 INITRANS 2 MAXTRANS 255 COMPUTE STATISTICS 
  STORAGE(INITIAL 65536 NEXT 1048576 MINEXTENTS 1 MAXEXTENTS 2147483645
  PCTINCREASE 0 FREELISTS 1 FREELIST GROUPS 1 BUFFER_POOL DEFAULT FLASH_CACHE DEFAULT CELL_FLASH_CACHE DEFAULT)
  TABLESPACE "DATATIGER"  ENABLE;
 
  ALTER TABLE "DATACOLLECT"."PARSE_CATEGORY" MODIFY ("ID" NOT NULL ENABLE);
--------------------------------------------------------
--  Constraints for Table PARSE_ITEM
--------------------------------------------------------

  ALTER TABLE "DATACOLLECT"."PARSE_ITEM" ADD CONSTRAINT "PRIMARY_14" PRIMARY KEY ("ID")
  USING INDEX PCTFREE 10 INITRANS 2 MAXTRANS 255 COMPUTE STATISTICS 
  STORAGE(INITIAL 65536 NEXT 1048576 MINEXTENTS 1 MAXEXTENTS 2147483645
  PCTINCREASE 0 FREELISTS 1 FREELIST GROUPS 1 BUFFER_POOL DEFAULT FLASH_CACHE DEFAULT CELL_FLASH_CACHE DEFAULT)
  TABLESPACE "DATATIGER"  ENABLE;
 
  ALTER TABLE "DATACOLLECT"."PARSE_ITEM" MODIFY ("ID" NOT NULL ENABLE);
--------------------------------------------------------
--  Constraints for Table PARSE_ITEM_ACTION
--------------------------------------------------------

  ALTER TABLE "DATACOLLECT"."PARSE_ITEM_ACTION" ADD CONSTRAINT "PRIMARY_15" PRIMARY KEY ("ID")
  USING INDEX PCTFREE 10 INITRANS 2 MAXTRANS 255 COMPUTE STATISTICS 
  STORAGE(INITIAL 65536 NEXT 1048576 MINEXTENTS 1 MAXEXTENTS 2147483645
  PCTINCREASE 0 FREELISTS 1 FREELIST GROUPS 1 BUFFER_POOL DEFAULT FLASH_CACHE DEFAULT CELL_FLASH_CACHE DEFAULT)
  TABLESPACE "DATATIGER"  ENABLE;
 
  ALTER TABLE "DATACOLLECT"."PARSE_ITEM_ACTION" MODIFY ("ID" NOT NULL ENABLE);
--------------------------------------------------------
--  Constraints for Table PARSE_PAGE_EXCEPTION
--------------------------------------------------------

  ALTER TABLE "DATACOLLECT"."PARSE_PAGE_EXCEPTION" ADD CONSTRAINT "PRIMARY_16" PRIMARY KEY ("ID")
  USING INDEX PCTFREE 10 INITRANS 2 MAXTRANS 255 COMPUTE STATISTICS NOCOMPRESS LOGGING
  TABLESPACE "DATATIGER"  ENABLE;
 
  ALTER TABLE "DATACOLLECT"."PARSE_PAGE_EXCEPTION" MODIFY ("ID" NOT NULL ENABLE);
--------------------------------------------------------
--  Constraints for Table ROLE
--------------------------------------------------------

  ALTER TABLE "DATACOLLECT"."ROLE" ADD CONSTRAINT "PRIMARY_17" PRIMARY KEY ("ID")
  USING INDEX PCTFREE 10 INITRANS 2 MAXTRANS 255 COMPUTE STATISTICS 
  STORAGE(INITIAL 65536 NEXT 1048576 MINEXTENTS 1 MAXEXTENTS 2147483645
  PCTINCREASE 0 FREELISTS 1 FREELIST GROUPS 1 BUFFER_POOL DEFAULT FLASH_CACHE DEFAULT CELL_FLASH_CACHE DEFAULT)
  TABLESPACE "DATATIGER"  ENABLE;
 
  ALTER TABLE "DATACOLLECT"."ROLE" MODIFY ("ID" NOT NULL ENABLE);
--------------------------------------------------------
--  Constraints for Table SITE
--------------------------------------------------------

  ALTER TABLE "DATACOLLECT"."SITE" ADD CONSTRAINT "PRIMARY_18" PRIMARY KEY ("ID")
  USING INDEX PCTFREE 10 INITRANS 2 MAXTRANS 255 COMPUTE STATISTICS 
  STORAGE(INITIAL 65536 NEXT 1048576 MINEXTENTS 1 MAXEXTENTS 2147483645
  PCTINCREASE 0 FREELISTS 1 FREELIST GROUPS 1 BUFFER_POOL DEFAULT FLASH_CACHE DEFAULT CELL_FLASH_CACHE DEFAULT)
  TABLESPACE "DATATIGER"  ENABLE;
 
  ALTER TABLE "DATACOLLECT"."SITE" MODIFY ("ID" NOT NULL ENABLE);
 
  ALTER TABLE "DATACOLLECT"."SITE" MODIFY ("START_DOWNLOAD_TIME" NOT NULL ENABLE);
 
  ALTER TABLE "DATACOLLECT"."SITE" MODIFY ("SHOW_IMG_IN_BROWSER" NOT NULL ENABLE);
--------------------------------------------------------
--  Constraints for Table SITE_AUTH
--------------------------------------------------------

  ALTER TABLE "DATACOLLECT"."SITE_AUTH" ADD CONSTRAINT "PRIMARY_19" PRIMARY KEY ("ID")
  USING INDEX PCTFREE 10 INITRANS 2 MAXTRANS 255 COMPUTE STATISTICS NOCOMPRESS LOGGING
  TABLESPACE "DATATIGER"  ENABLE;
 
  ALTER TABLE "DATACOLLECT"."SITE_AUTH" MODIFY ("ID" NOT NULL ENABLE);
--------------------------------------------------------
--  Constraints for Table SITE_CATEGORY
--------------------------------------------------------

  ALTER TABLE "DATACOLLECT"."SITE_CATEGORY" ADD CONSTRAINT "PRIMARY_20" PRIMARY KEY ("ID")
  USING INDEX PCTFREE 10 INITRANS 2 MAXTRANS 255 COMPUTE STATISTICS 
  STORAGE(INITIAL 65536 NEXT 1048576 MINEXTENTS 1 MAXEXTENTS 2147483645
  PCTINCREASE 0 FREELISTS 1 FREELIST GROUPS 1 BUFFER_POOL DEFAULT FLASH_CACHE DEFAULT CELL_FLASH_CACHE DEFAULT)
  TABLESPACE "DATATIGER"  ENABLE;
 
  ALTER TABLE "DATACOLLECT"."SITE_CATEGORY" MODIFY ("ID" NOT NULL ENABLE);
--------------------------------------------------------
--  Constraints for Table SITE_CONTENT_PAGE_CHECK
--------------------------------------------------------

  ALTER TABLE "DATACOLLECT"."SITE_CONTENT_PAGE_CHECK" ADD CONSTRAINT "PRIMARY_21" PRIMARY KEY ("ID")
  USING INDEX PCTFREE 10 INITRANS 2 MAXTRANS 255 COMPUTE STATISTICS 
  STORAGE(INITIAL 65536 NEXT 1048576 MINEXTENTS 1 MAXEXTENTS 2147483645
  PCTINCREASE 0 FREELISTS 1 FREELIST GROUPS 1 BUFFER_POOL DEFAULT FLASH_CACHE DEFAULT CELL_FLASH_CACHE DEFAULT)
  TABLESPACE "DATATIGER"  ENABLE;
 
  ALTER TABLE "DATACOLLECT"."SITE_CONTENT_PAGE_CHECK" MODIFY ("ID" NOT NULL ENABLE);
--------------------------------------------------------
--  Constraints for Table SITE_URL_PARSE
--------------------------------------------------------

  ALTER TABLE "DATACOLLECT"."SITE_URL_PARSE" ADD CONSTRAINT "PRIMARY_1" PRIMARY KEY ("ID")
  USING INDEX PCTFREE 10 INITRANS 2 MAXTRANS 255 COMPUTE STATISTICS 
  STORAGE(INITIAL 65536 NEXT 1048576 MINEXTENTS 1 MAXEXTENTS 2147483645
  PCTINCREASE 0 FREELISTS 1 FREELIST GROUPS 1 BUFFER_POOL DEFAULT FLASH_CACHE DEFAULT CELL_FLASH_CACHE DEFAULT)
  TABLESPACE "DATATIGER"  ENABLE;
 
  ALTER TABLE "DATACOLLECT"."SITE_URL_PARSE" MODIFY ("ID" NOT NULL ENABLE);
--------------------------------------------------------
--  Ref Constraints for Table ACCOUNT_ACTION
--------------------------------------------------------

  ALTER TABLE "DATACOLLECT"."ACCOUNT_ACTION" ADD CONSTRAINT "FK_REFERENCE_15" FOREIGN KEY ("MENU_ID")
	  REFERENCES "DATACOLLECT"."MENU" ("ID") ENABLE;
--------------------------------------------------------
--  Ref Constraints for Table ACCOUNT_ROLE_MAP
--------------------------------------------------------

  ALTER TABLE "DATACOLLECT"."ACCOUNT_ROLE_MAP" ADD CONSTRAINT "FK_REFERENCE_1" FOREIGN KEY ("ROLE_ID")
	  REFERENCES "DATACOLLECT"."ROLE" ("ID") ENABLE;
--------------------------------------------------------
--  Ref Constraints for Table PARSE
--------------------------------------------------------

  ALTER TABLE "DATACOLLECT"."PARSE" ADD CONSTRAINT "FK_REFERENCE_8" FOREIGN KEY ("CATEGORY_ID")
	  REFERENCES "DATACOLLECT"."PARSE_CATEGORY" ("ID") ENABLE;
--------------------------------------------------------
--  Ref Constraints for Table PARSE_ITEM
--------------------------------------------------------

  ALTER TABLE "DATACOLLECT"."PARSE_ITEM" ADD CONSTRAINT "FK_REFERENCE_9" FOREIGN KEY ("PARSE_ID")
	  REFERENCES "DATACOLLECT"."PARSE" ("ID") ENABLE;
--------------------------------------------------------
--  DDL for Trigger ACCOUNT
--------------------------------------------------------

  CREATE OR REPLACE TRIGGER "DATACOLLECT"."ACCOUNT" 
BEFORE INSERT ON ACCOUNT 
FOR EACH ROW 
BEGIN
   select COMMON_seq.nextval into   :new.id from   dual;  
END;
/
ALTER TRIGGER "DATACOLLECT"."ACCOUNT" ENABLE;
--------------------------------------------------------
--  DDL for Trigger ACCOUNT_ACTION
--------------------------------------------------------

  CREATE OR REPLACE TRIGGER "DATACOLLECT"."ACCOUNT_ACTION" 
BEFORE INSERT ON ACCOUNT_ACTION 
FOR EACH ROW 
BEGIN
  select COMMON_seq.nextval into   :new.id from   dual;
END;
/
ALTER TRIGGER "DATACOLLECT"."ACCOUNT_ACTION" ENABLE;
--------------------------------------------------------
--  DDL for Trigger DATA_IOS_APP
--------------------------------------------------------

  CREATE OR REPLACE TRIGGER "DATACOLLECT"."DATA_IOS_APP" 
BEFORE INSERT ON DATA_IOS_APP 
FOR EACH ROW 
BEGIN
   select DATA_seq.nextval into   :new.id from   dual;
END;
/
ALTER TRIGGER "DATACOLLECT"."DATA_IOS_APP" ENABLE;
--------------------------------------------------------
--  DDL for Trigger DATA_SEARCH_LOG
--------------------------------------------------------

  CREATE OR REPLACE TRIGGER "DATACOLLECT"."DATA_SEARCH_LOG" 
BEFORE INSERT ON DATA_SEARCH_LOG 
FOR EACH ROW 
BEGIN
   select DATA_LOG_SEQ.nextval into   :new.id from   dual;
END;
/
ALTER TRIGGER "DATACOLLECT"."DATA_SEARCH_LOG" ENABLE;
--------------------------------------------------------
--  DDL for Trigger DATA_SEARCH_LOG_DETAIL
--------------------------------------------------------

  CREATE OR REPLACE TRIGGER "DATACOLLECT"."DATA_SEARCH_LOG_DETAIL" 
BEFORE INSERT ON DATA_SEARCH_LOG_DETAIL 
FOR EACH ROW 
BEGIN
 select DATA_LOG_SEQ.nextval into   :new.id from   dual;
END;
/
ALTER TRIGGER "DATACOLLECT"."DATA_SEARCH_LOG_DETAIL" ENABLE;
--------------------------------------------------------
--  DDL for Trigger DATA_TAO_BAO_JIE
--------------------------------------------------------

  CREATE OR REPLACE TRIGGER "DATACOLLECT"."DATA_TAO_BAO_JIE" 
BEFORE INSERT ON DATA_TAO_BAO_JIE 
FOR EACH ROW 
BEGIN
  select DATA_seq.nextval into   :new.id from   dual;
END;
/
ALTER TRIGGER "DATACOLLECT"."DATA_TAO_BAO_JIE" ENABLE;
--------------------------------------------------------
--  DDL for Trigger DATA_VIDEO
--------------------------------------------------------

  CREATE OR REPLACE TRIGGER "DATACOLLECT"."DATA_VIDEO" 
BEFORE INSERT ON DATA_VIDEO 
FOR EACH ROW 
BEGIN
   select DATA_seq.nextval into   :new.id from   dual;
END;
/
ALTER TRIGGER "DATACOLLECT"."DATA_VIDEO" ENABLE;
--------------------------------------------------------
--  DDL for Trigger DATA_XIU_HAO_CHI
--------------------------------------------------------

  CREATE OR REPLACE TRIGGER "DATACOLLECT"."DATA_XIU_HAO_CHI" 
BEFORE INSERT ON DATA_XIU_HAO_CHI 
FOR EACH ROW 
BEGIN
 select DATA_seq.nextval into   :new.id from   dual;
END;
/
ALTER TRIGGER "DATACOLLECT"."DATA_XIU_HAO_CHI" ENABLE;
--------------------------------------------------------
--  DDL for Trigger DOWNLOAD_MQ_MESSAGE
--------------------------------------------------------

  CREATE OR REPLACE TRIGGER "DATACOLLECT"."DOWNLOAD_MQ_MESSAGE" 
BEFORE INSERT ON DOWNLOAD_MQ_MESSAGE 
FOR EACH ROW 
BEGIN
  select common_seq.nextval into   :new.id from   dual; 
END;
/
ALTER TRIGGER "DATACOLLECT"."DOWNLOAD_MQ_MESSAGE" ENABLE;
--------------------------------------------------------
--  DDL for Trigger DOWNLOAD_TASK
--------------------------------------------------------

  CREATE OR REPLACE TRIGGER "DATACOLLECT"."DOWNLOAD_TASK" 
BEFORE INSERT ON DOWNLOAD_TASK 
FOR EACH ROW 
BEGIN
   select download_task_seq.nextval into   :new.id from   dual;  
END;
/
ALTER TRIGGER "DATACOLLECT"."DOWNLOAD_TASK" ENABLE;
--------------------------------------------------------
--  DDL for Trigger DOWNLOAD_THREAD
--------------------------------------------------------

  CREATE OR REPLACE TRIGGER "DATACOLLECT"."DOWNLOAD_THREAD" 
BEFORE INSERT ON DOWNLOAD_THREAD 
FOR EACH ROW 
BEGIN
 select COMMON_seq.nextval into   :new.id from   dual;
END;
/
ALTER TRIGGER "DATACOLLECT"."DOWNLOAD_THREAD" ENABLE;
--------------------------------------------------------
--  DDL for Trigger MENU
--------------------------------------------------------

  CREATE OR REPLACE TRIGGER "DATACOLLECT"."MENU" 
BEFORE INSERT ON MENU 
FOR EACH ROW 
BEGIN
 select COMMON_seq.nextval into   :new.id from   dual;
END;
/
ALTER TRIGGER "DATACOLLECT"."MENU" ENABLE;
--------------------------------------------------------
--  DDL for Trigger PARSE
--------------------------------------------------------

  CREATE OR REPLACE TRIGGER "DATACOLLECT"."PARSE" 
BEFORE INSERT ON PARSE 
FOR EACH ROW 
BEGIN
  select COMMON_seq.nextval into   :new.id from   dual;
END;
/
ALTER TRIGGER "DATACOLLECT"."PARSE" ENABLE;
--------------------------------------------------------
--  DDL for Trigger PARSE_CATEGORY
--------------------------------------------------------

  CREATE OR REPLACE TRIGGER "DATACOLLECT"."PARSE_CATEGORY" 
BEFORE INSERT ON PARSE_CATEGORY 
FOR EACH ROW 
BEGIN
 select COMMON_seq.nextval into   :new.id from   dual;
END;
/
ALTER TRIGGER "DATACOLLECT"."PARSE_CATEGORY" ENABLE;
--------------------------------------------------------
--  DDL for Trigger PARSE_ITEM
--------------------------------------------------------

  CREATE OR REPLACE TRIGGER "DATACOLLECT"."PARSE_ITEM" 
BEFORE INSERT ON PARSE_ITEM 
FOR EACH ROW 
BEGIN
  select COMMON_seq.nextval into   :new.id from   dual;
END;
/
ALTER TRIGGER "DATACOLLECT"."PARSE_ITEM" ENABLE;
--------------------------------------------------------
--  DDL for Trigger PARSE_ITEM_ACTION
--------------------------------------------------------

  CREATE OR REPLACE TRIGGER "DATACOLLECT"."PARSE_ITEM_ACTION" 
BEFORE INSERT ON PARSE_ITEM_ACTION 
FOR EACH ROW 
BEGIN
 select COMMON_seq.nextval into   :new.id from   dual;
END;
/
ALTER TRIGGER "DATACOLLECT"."PARSE_ITEM_ACTION" ENABLE;
--------------------------------------------------------
--  DDL for Trigger PARSE_PAGE_EXCEPTION
--------------------------------------------------------

  CREATE OR REPLACE TRIGGER "DATACOLLECT"."PARSE_PAGE_EXCEPTION" 
BEFORE INSERT ON PARSE_PAGE_EXCEPTION 
FOR EACH ROW 
BEGIN
  select COMMON_seq.nextval into   :new.id from   dual;
END;
/
ALTER TRIGGER "DATACOLLECT"."PARSE_PAGE_EXCEPTION" ENABLE;
--------------------------------------------------------
--  DDL for Trigger ROLE
--------------------------------------------------------

  CREATE OR REPLACE TRIGGER "DATACOLLECT"."ROLE" 
BEFORE INSERT ON ROLE 
FOR EACH ROW 
BEGIN
  select COMMON_seq.nextval into   :new.id from   dual;
END;
/
ALTER TRIGGER "DATACOLLECT"."ROLE" ENABLE;
--------------------------------------------------------
--  DDL for Trigger SITE
--------------------------------------------------------

  CREATE OR REPLACE TRIGGER "DATACOLLECT"."SITE" 
BEFORE INSERT ON SITE 
FOR EACH ROW 
BEGIN
 select COMMON_seq.nextval into   :new.id from   dual;
END;
/
ALTER TRIGGER "DATACOLLECT"."SITE" ENABLE;
--------------------------------------------------------
--  DDL for Trigger SITE_AUTH
--------------------------------------------------------

  CREATE OR REPLACE TRIGGER "DATACOLLECT"."SITE_AUTH" 
BEFORE INSERT ON SITE_AUTH 
FOR EACH ROW 
BEGIN
  select COMMON_seq.nextval into   :new.id from   dual;
END;
/
ALTER TRIGGER "DATACOLLECT"."SITE_AUTH" ENABLE;
--------------------------------------------------------
--  DDL for Trigger SITE_CATEGORY
--------------------------------------------------------

  CREATE OR REPLACE TRIGGER "DATACOLLECT"."SITE_CATEGORY" 
BEFORE INSERT ON SITE_CATEGORY 
FOR EACH ROW 
BEGIN
 select COMMON_seq.nextval into   :new.id from   dual;
END;
/
ALTER TRIGGER "DATACOLLECT"."SITE_CATEGORY" ENABLE;
--------------------------------------------------------
--  DDL for Trigger SITE_CONTENT_PAGE_CHECK
--------------------------------------------------------

  CREATE OR REPLACE TRIGGER "DATACOLLECT"."SITE_CONTENT_PAGE_CHECK" 
BEFORE INSERT ON SITE_CONTENT_PAGE_CHECK 
FOR EACH ROW 
BEGIN
 select COMMON_seq.nextval into   :new.id from   dual;
END;
/
ALTER TRIGGER "DATACOLLECT"."SITE_CONTENT_PAGE_CHECK" ENABLE;
--------------------------------------------------------
--  DDL for Trigger SITE_URL_PARSE
--------------------------------------------------------

  CREATE OR REPLACE TRIGGER "DATACOLLECT"."SITE_URL_PARSE" 
BEFORE INSERT ON SITE_URL_PARSE 
FOR EACH ROW 
BEGIN
  select COMMON_seq.nextval into   :new.id from   dual;
END;
/
ALTER TRIGGER "DATACOLLECT"."SITE_URL_PARSE" ENABLE;
