--------------------------------------------------------
--  文件已创建 - 星期四-十一月-14-2013   
--------------------------------------------------------
REM INSERTING into DATACOLLECT.ACCOUNT
SET DEFINE OFF;
Insert into DATACOLLECT.ACCOUNT (ID,USER_NAME,PASS_WORD,QQ,EMAIL,MOBILE,LOGIN_TIME) values (1,'admin','admin','wewrterererew','fdfdfrerereewd',null,null);
REM INSERTING into DATACOLLECT.ACCOUNT_ACTION
SET DEFINE OFF;
REM INSERTING into DATACOLLECT.ACCOUNT_ROLE_MAP
SET DEFINE OFF;
Insert into DATACOLLECT.ACCOUNT_ROLE_MAP (ACCOUNT_ID,ROLE_ID) values (1,2);
REM INSERTING into DATACOLLECT.DB_SETTING
SET DEFINE OFF;
REM INSERTING into DATACOLLECT.DOWNLOAD_SETTING
SET DEFINE OFF;
REM INSERTING into DATACOLLECT.MENU
SET DEFINE OFF;
Insert into DATACOLLECT.MENU (ID,MENU_NAME,MENU_DESC,MENU_ACTION) values (1,'Web Site','Web Site define.','ACTION_WEB_SITE_CATEGORY_LIST');
Insert into DATACOLLECT.MENU (ID,MENU_NAME,MENU_DESC,MENU_ACTION) values (2,'Template','Template for parse the website page.','ACTION_PARSE_TEMPLATE_CATEGORY_LIST');
Insert into DATACOLLECT.MENU (ID,MENU_NAME,MENU_DESC,MENU_ACTION) values (3,'Role','Role in this system.','ACTION_ROLE_LIST');
Insert into DATACOLLECT.MENU (ID,MENU_NAME,MENU_DESC,MENU_ACTION) values (4,'Menu','Menu in navigation page.','ACTION_MENU_LIST');
Insert into DATACOLLECT.MENU (ID,MENU_NAME,MENU_DESC,MENU_ACTION) values (5,'User','User that will use this system.','ACTION_USER_LIST');
Insert into DATACOLLECT.MENU (ID,MENU_NAME,MENU_DESC,MENU_ACTION) values (6,'Settings','General Settings. Download Thread, etc','ACTION_SHOW_SETTING');
Insert into DATACOLLECT.MENU (ID,MENU_NAME,MENU_DESC,MENU_ACTION) values (7,'Report','Analyze and report.','ACTION_SHOW_ANALYTIC');
Insert into DATACOLLECT.MENU (ID,MENU_NAME,MENU_DESC,MENU_ACTION) values (8,'Data Table','Data table which store parsed out data.','ACTION_DATA_TABLE_LIST');
Insert into DATACOLLECT.MENU (ID,MENU_NAME,MENU_DESC,MENU_ACTION) values (9,'Log Out','User use this link to logout system','ACTION_LOGOUT');
REM INSERTING into DATACOLLECT.PARSE
SET DEFINE OFF;
Insert into DATACOLLECT.PARSE (ID,CATEGORY_ID,PARSE_NAME,PARSE_DESC,SAVE_TO_TABLE) values (22,4,'Sina soft download','Sina soft download',null);
Insert into DATACOLLECT.PARSE (ID,CATEGORY_ID,PARSE_NAME,PARSE_DESC,SAVE_TO_TABLE) values (23,4,'Mac ios app parse template','Mac ios app parse template',null);
Insert into DATACOLLECT.PARSE (ID,CATEGORY_ID,PARSE_NAME,PARSE_DESC,SAVE_TO_TABLE) values (24,6,'淘宝店铺','解析淘宝店铺信息的模版','data_tao_bao_jie');
Insert into DATACOLLECT.PARSE (ID,CATEGORY_ID,PARSE_NAME,PARSE_DESC,SAVE_TO_TABLE) values (27,6,'淘宝各种食品信息(不包括天猫)','解析淘宝里面的美食特产里面的食品信息(不包括天猫)','DATA_XIU_HAO_CHI');
Insert into DATACOLLECT.PARSE (ID,CATEGORY_ID,PARSE_NAME,PARSE_DESC,SAVE_TO_TABLE) values (29,6,'淘宝所有品类商品信息(不包括天猫)','解析淘宝所有品类商品信息(不包括天猫)','data_xiu_hao_chi');
Insert into DATACOLLECT.PARSE (ID,CATEGORY_ID,PARSE_NAME,PARSE_DESC,SAVE_TO_TABLE) values (30,6,'天猫各种食品信息(不包括淘宝)','解析天猫里面的美食特产里面的食品信息(不包括淘宝)','DATA_XIU_HAO_CHI');
Insert into DATACOLLECT.PARSE (ID,CATEGORY_ID,PARSE_NAME,PARSE_DESC,SAVE_TO_TABLE) values (31,6,'京东商城各种食品信息','解析京东商城里面的美食特产里面的食品信息','DATA_XIU_HAO_CHI');
Insert into DATACOLLECT.PARSE (ID,CATEGORY_ID,PARSE_NAME,PARSE_DESC,SAVE_TO_TABLE) values (46,6,'当当网各种食品信息','解析当当网里面的美食特产里面的食品信息','DATA_XIU_HAO_CHI');
Insert into DATACOLLECT.PARSE (ID,CATEGORY_ID,PARSE_NAME,PARSE_DESC,SAVE_TO_TABLE) values (47,6,'我买网各种食品信息','解析我买网里面的美食特产里面的食品信息','data_xiu_hao_chi');
Insert into DATACOLLECT.PARSE (ID,CATEGORY_ID,PARSE_NAME,PARSE_DESC,SAVE_TO_TABLE) values (48,7,'优酷网','优酷网解析模板','data_video');
REM INSERTING into DATACOLLECT.PARSE_CATEGORY
SET DEFINE OFF;
Insert into DATACOLLECT.PARSE_CATEGORY (ID,CAT_NAME,CAT_DESC) values (4,'下载网站','下载网站解析模板');
Insert into DATACOLLECT.PARSE_CATEGORY (ID,CAT_NAME,CAT_DESC) values (6,'电子商务网站','电子商务网站解析模板');
Insert into DATACOLLECT.PARSE_CATEGORY (ID,CAT_NAME,CAT_DESC) values (7,'视频网站','视频网站解析模板');
REM INSERTING into DATACOLLECT.PARSE_ITEM
SET DEFINE OFF;
Insert into DATACOLLECT.PARSE_ITEM (ID,PARSE_ID,SAVE_TO_TABLE,SAVE_TO_COLUMN,COLUMN_DESC,CHARACTOR,NOT_CHARACTOR,DEFAULT_VAL,DATA_TYPE,NUMBER_MULTIPLY_BY,DATE_FORMAT,IS_CHECK_REPEAT_COLUMN,IS_URL,SRC_REG_EXP,DEST_REG_EXP,EXEC_JAVASCRIPT,PAGE_URL_AS_VALUE,REG_EXP_ITEM_RELATION,BY_ELE_TYPE,BY_ELE_VAL,BY_TAG_ATTRIBUTE,BY_TAG_ATTRIBUTE_VALUE_PLUS,PARSE_VALUE_REG_EXP,IS_DIRECT_GET_TEXT,USE_THIS_SETTING_URL_CHARACTOR) values (56,24,'data_tao_bao_jie','tmall_fa_piao','天猫提供发票的文字',null,null,null,'DATA_TYPE_STRING',null,null,0,0,null,null,null,0,0,'XPath','//*[@id=shop-rate-box]/div[1]/div[2]/div[2]/div[2]/div[1]/div[1]/div[2]/a[2]','title',null,null,0,null);
Insert into DATACOLLECT.PARSE_ITEM (ID,PARSE_ID,SAVE_TO_TABLE,SAVE_TO_COLUMN,COLUMN_DESC,CHARACTOR,NOT_CHARACTOR,DEFAULT_VAL,DATA_TYPE,NUMBER_MULTIPLY_BY,DATE_FORMAT,IS_CHECK_REPEAT_COLUMN,IS_URL,SRC_REG_EXP,DEST_REG_EXP,EXEC_JAVASCRIPT,PAGE_URL_AS_VALUE,REG_EXP_ITEM_RELATION,BY_ELE_TYPE,BY_ELE_VAL,BY_TAG_ATTRIBUTE,BY_TAG_ATTRIBUTE_VALUE_PLUS,PARSE_VALUE_REG_EXP,IS_DIRECT_GET_TEXT,USE_THIS_SETTING_URL_CHARACTOR) values (57,24,'data_tao_bao_jie','seller_bao_zheng_jin','商家保证金数量',null,null,null,'DATA_TYPE_STRING',null,null,0,0,null,null,null,0,0,'XPath','//*[@id=shop-rate-box]/div[1]/div[2]/div[2]/div[2]/div[1]/div[2]/span',null,null,null,1,null);
Insert into DATACOLLECT.PARSE_ITEM (ID,PARSE_ID,SAVE_TO_TABLE,SAVE_TO_COLUMN,COLUMN_DESC,CHARACTOR,NOT_CHARACTOR,DEFAULT_VAL,DATA_TYPE,NUMBER_MULTIPLY_BY,DATE_FORMAT,IS_CHECK_REPEAT_COLUMN,IS_URL,SRC_REG_EXP,DEST_REG_EXP,EXEC_JAVASCRIPT,PAGE_URL_AS_VALUE,REG_EXP_ITEM_RELATION,BY_ELE_TYPE,BY_ELE_VAL,BY_TAG_ATTRIBUTE,BY_TAG_ATTRIBUTE_VALUE_PLUS,PARSE_VALUE_REG_EXP,IS_DIRECT_GET_TEXT,USE_THIS_SETTING_URL_CHARACTOR) values (58,24,'data_tao_bao_jie','shop_ren_zheng_zhifu_bao_ge_ren','店铺经营资质，支付宝个人认证文字','个人认证',null,null,'DATA_TYPE_STRING',null,null,0,0,null,null,null,0,0,'XPath','//*[@id=shop-info]/div[3]/div[3]/ul/li[2]/a/img;//*[@id=shop-rate-box]/div[1]/div[2]/div/div[2]/div[1]/dl/dd[3]/a/img;//*[@id=shop-rate-box]/div[1]/div[2]/div[3]/div[2]/div/ul/li/a/img','title',null,null,0,null);
Insert into DATACOLLECT.PARSE_ITEM (ID,PARSE_ID,SAVE_TO_TABLE,SAVE_TO_COLUMN,COLUMN_DESC,CHARACTOR,NOT_CHARACTOR,DEFAULT_VAL,DATA_TYPE,NUMBER_MULTIPLY_BY,DATE_FORMAT,IS_CHECK_REPEAT_COLUMN,IS_URL,SRC_REG_EXP,DEST_REG_EXP,EXEC_JAVASCRIPT,PAGE_URL_AS_VALUE,REG_EXP_ITEM_RELATION,BY_ELE_TYPE,BY_ELE_VAL,BY_TAG_ATTRIBUTE,BY_TAG_ATTRIBUTE_VALUE_PLUS,PARSE_VALUE_REG_EXP,IS_DIRECT_GET_TEXT,USE_THIS_SETTING_URL_CHARACTOR) values (59,24,'data_tao_bao_jie','shop_ren_zheng_zhifu_bao_qi_ye','店铺经营资质，支付宝企业认证文字','企业认证',null,null,'DATA_TYPE_STRING',null,null,0,0,null,null,null,0,0,'XPath','//*[@id=shop-info]/div[3]/div[3]/ul/li[2]/a/img;//*[@id=shop-rate-box]/div[1]/div[2]/div[3]/div[2]/div/ul/li[1]/a/img','alt',null,null,0,null);
Insert into DATACOLLECT.PARSE_ITEM (ID,PARSE_ID,SAVE_TO_TABLE,SAVE_TO_COLUMN,COLUMN_DESC,CHARACTOR,NOT_CHARACTOR,DEFAULT_VAL,DATA_TYPE,NUMBER_MULTIPLY_BY,DATE_FORMAT,IS_CHECK_REPEAT_COLUMN,IS_URL,SRC_REG_EXP,DEST_REG_EXP,EXEC_JAVASCRIPT,PAGE_URL_AS_VALUE,REG_EXP_ITEM_RELATION,BY_ELE_TYPE,BY_ELE_VAL,BY_TAG_ATTRIBUTE,BY_TAG_ATTRIBUTE_VALUE_PLUS,PARSE_VALUE_REG_EXP,IS_DIRECT_GET_TEXT,USE_THIS_SETTING_URL_CHARACTOR) values (60,24,'data_tao_bao_jie','shop_ren_zheng_qi_ye_zhi_zhao_url','店铺经营资质，支付宝企业认证营业执照链接地址',null,null,null,'DATA_TYPE_STRING',null,null,0,0,null,null,null,0,0,'Id','J_ShowLicence','href',null,null,0,null);
Insert into DATACOLLECT.PARSE_ITEM (ID,PARSE_ID,SAVE_TO_TABLE,SAVE_TO_COLUMN,COLUMN_DESC,CHARACTOR,NOT_CHARACTOR,DEFAULT_VAL,DATA_TYPE,NUMBER_MULTIPLY_BY,DATE_FORMAT,IS_CHECK_REPEAT_COLUMN,IS_URL,SRC_REG_EXP,DEST_REG_EXP,EXEC_JAVASCRIPT,PAGE_URL_AS_VALUE,REG_EXP_ITEM_RELATION,BY_ELE_TYPE,BY_ELE_VAL,BY_TAG_ATTRIBUTE,BY_TAG_ATTRIBUTE_VALUE_PLUS,PARSE_VALUE_REG_EXP,IS_DIRECT_GET_TEXT,USE_THIS_SETTING_URL_CHARACTOR) values (61,24,'data_tao_bao_jie','product_desc_match_score','宝贝与描述相符得分',null,null,null,'DATA_TYPE_STRING',null,null,0,0,null,null,null,0,0,'XPath','//*[@id=dsr]/li[1]/div[1]/em[1]','title',null,null,0,null);
Insert into DATACOLLECT.PARSE_ITEM (ID,PARSE_ID,SAVE_TO_TABLE,SAVE_TO_COLUMN,COLUMN_DESC,CHARACTOR,NOT_CHARACTOR,DEFAULT_VAL,DATA_TYPE,NUMBER_MULTIPLY_BY,DATE_FORMAT,IS_CHECK_REPEAT_COLUMN,IS_URL,SRC_REG_EXP,DEST_REG_EXP,EXEC_JAVASCRIPT,PAGE_URL_AS_VALUE,REG_EXP_ITEM_RELATION,BY_ELE_TYPE,BY_ELE_VAL,BY_TAG_ATTRIBUTE,BY_TAG_ATTRIBUTE_VALUE_PLUS,PARSE_VALUE_REG_EXP,IS_DIRECT_GET_TEXT,USE_THIS_SETTING_URL_CHARACTOR) values (62,24,'data_tao_bao_jie','avg_drawback_speed','商家平均退款速度','平均退款速度：',null,null,'DATA_TYPE_STRING',null,null,0,0,null,null,null,0,0,'XPath','//*[@id=halfmonth]/div[1]/div[2]/div[1]',null,null,null,1,null);
Insert into DATACOLLECT.PARSE_ITEM (ID,PARSE_ID,SAVE_TO_TABLE,SAVE_TO_COLUMN,COLUMN_DESC,CHARACTOR,NOT_CHARACTOR,DEFAULT_VAL,DATA_TYPE,NUMBER_MULTIPLY_BY,DATE_FORMAT,IS_CHECK_REPEAT_COLUMN,IS_URL,SRC_REG_EXP,DEST_REG_EXP,EXEC_JAVASCRIPT,PAGE_URL_AS_VALUE,REG_EXP_ITEM_RELATION,BY_ELE_TYPE,BY_ELE_VAL,BY_TAG_ATTRIBUTE,BY_TAG_ATTRIBUTE_VALUE_PLUS,PARSE_VALUE_REG_EXP,IS_DIRECT_GET_TEXT,USE_THIS_SETTING_URL_CHARACTOR) values (63,24,'data_tao_bao_jie','complaint_count_30_after_sale','因售后问题投诉数',null,null,null,'DATA_TYPE_STRING',null,null,0,0,null,null,null,0,0,'XPath','//*[@id=halfmonth]/div[2]/div[3]/div[2]/div[2]/ul/li[1]/span',null,null,null,1,null);
Insert into DATACOLLECT.PARSE_ITEM (ID,PARSE_ID,SAVE_TO_TABLE,SAVE_TO_COLUMN,COLUMN_DESC,CHARACTOR,NOT_CHARACTOR,DEFAULT_VAL,DATA_TYPE,NUMBER_MULTIPLY_BY,DATE_FORMAT,IS_CHECK_REPEAT_COLUMN,IS_URL,SRC_REG_EXP,DEST_REG_EXP,EXEC_JAVASCRIPT,PAGE_URL_AS_VALUE,REG_EXP_ITEM_RELATION,BY_ELE_TYPE,BY_ELE_VAL,BY_TAG_ATTRIBUTE,BY_TAG_ATTRIBUTE_VALUE_PLUS,PARSE_VALUE_REG_EXP,IS_DIRECT_GET_TEXT,USE_THIS_SETTING_URL_CHARACTOR) values (64,24,'data_tao_bao_jie','complaint_count_30_total','近30天投诉总数',null,null,null,'DATA_TYPE_STRING',null,null,0,0,null,null,null,0,0,'XPath','//*[@id=halfmonth]/div[2]/div[3]/div[2]/div[1]/span',null,null,null,1,null);
Insert into DATACOLLECT.PARSE_ITEM (ID,PARSE_ID,SAVE_TO_TABLE,SAVE_TO_COLUMN,COLUMN_DESC,CHARACTOR,NOT_CHARACTOR,DEFAULT_VAL,DATA_TYPE,NUMBER_MULTIPLY_BY,DATE_FORMAT,IS_CHECK_REPEAT_COLUMN,IS_URL,SRC_REG_EXP,DEST_REG_EXP,EXEC_JAVASCRIPT,PAGE_URL_AS_VALUE,REG_EXP_ITEM_RELATION,BY_ELE_TYPE,BY_ELE_VAL,BY_TAG_ATTRIBUTE,BY_TAG_ATTRIBUTE_VALUE_PLUS,PARSE_VALUE_REG_EXP,IS_DIRECT_GET_TEXT,USE_THIS_SETTING_URL_CHARACTOR) values (65,24,'data_tao_bao_jie','complaint_count_30_wei_gui','近30天因行为违规投诉数',null,null,null,'DATA_TYPE_STRING',null,null,0,0,null,null,null,0,0,'XPath','//*[@id=halfmonth]/div[2]/div[3]/div[2]/div[2]/ul/li[2]/span',null,null,null,1,null);
Insert into DATACOLLECT.PARSE_ITEM (ID,PARSE_ID,SAVE_TO_TABLE,SAVE_TO_COLUMN,COLUMN_DESC,CHARACTOR,NOT_CHARACTOR,DEFAULT_VAL,DATA_TYPE,NUMBER_MULTIPLY_BY,DATE_FORMAT,IS_CHECK_REPEAT_COLUMN,IS_URL,SRC_REG_EXP,DEST_REG_EXP,EXEC_JAVASCRIPT,PAGE_URL_AS_VALUE,REG_EXP_ITEM_RELATION,BY_ELE_TYPE,BY_ELE_VAL,BY_TAG_ATTRIBUTE,BY_TAG_ATTRIBUTE_VALUE_PLUS,PARSE_VALUE_REG_EXP,IS_DIRECT_GET_TEXT,USE_THIS_SETTING_URL_CHARACTOR) values (66,24,'data_tao_bao_jie','complaint_percentage_30','近30天投诉率',null,null,null,'DATA_TYPE_STRING',null,null,0,0,null,null,null,0,0,'XPath','//*[@id=halfmonth]/div[1]/div[2]/div[3]/span[2]',null,null,null,1,null);
Insert into DATACOLLECT.PARSE_ITEM (ID,PARSE_ID,SAVE_TO_TABLE,SAVE_TO_COLUMN,COLUMN_DESC,CHARACTOR,NOT_CHARACTOR,DEFAULT_VAL,DATA_TYPE,NUMBER_MULTIPLY_BY,DATE_FORMAT,IS_CHECK_REPEAT_COLUMN,IS_URL,SRC_REG_EXP,DEST_REG_EXP,EXEC_JAVASCRIPT,PAGE_URL_AS_VALUE,REG_EXP_ITEM_RELATION,BY_ELE_TYPE,BY_ELE_VAL,BY_TAG_ATTRIBUTE,BY_TAG_ATTRIBUTE_VALUE_PLUS,PARSE_VALUE_REG_EXP,IS_DIRECT_GET_TEXT,USE_THIS_SETTING_URL_CHARACTOR) values (67,24,'data_tao_bao_jie','drawback_count_30_not_recive','近30天因未收到货退款次数',null,null,null,'DATA_TYPE_STRING',null,null,0,0,null,null,null,0,0,'XPath','//*[@id=halfmonth]/div[2]/div[2]/div[2]/div[2]/ul/li[2]/span',null,null,null,1,null);
Insert into DATACOLLECT.PARSE_ITEM (ID,PARSE_ID,SAVE_TO_TABLE,SAVE_TO_COLUMN,COLUMN_DESC,CHARACTOR,NOT_CHARACTOR,DEFAULT_VAL,DATA_TYPE,NUMBER_MULTIPLY_BY,DATE_FORMAT,IS_CHECK_REPEAT_COLUMN,IS_URL,SRC_REG_EXP,DEST_REG_EXP,EXEC_JAVASCRIPT,PAGE_URL_AS_VALUE,REG_EXP_ITEM_RELATION,BY_ELE_TYPE,BY_ELE_VAL,BY_TAG_ATTRIBUTE,BY_TAG_ATTRIBUTE_VALUE_PLUS,PARSE_VALUE_REG_EXP,IS_DIRECT_GET_TEXT,USE_THIS_SETTING_URL_CHARACTOR) values (68,24,'data_tao_bao_jie','drawback_count_30_no_reason','近30天因买家无理由退款次数',null,null,null,'DATA_TYPE_STRING',null,null,0,0,null,null,null,0,0,'XPath','//*[@id=halfmonth]/div[2]/div[2]/div[2]/div[2]/ul/li[3]/span',null,null,null,1,null);
Insert into DATACOLLECT.PARSE_ITEM (ID,PARSE_ID,SAVE_TO_TABLE,SAVE_TO_COLUMN,COLUMN_DESC,CHARACTOR,NOT_CHARACTOR,DEFAULT_VAL,DATA_TYPE,NUMBER_MULTIPLY_BY,DATE_FORMAT,IS_CHECK_REPEAT_COLUMN,IS_URL,SRC_REG_EXP,DEST_REG_EXP,EXEC_JAVASCRIPT,PAGE_URL_AS_VALUE,REG_EXP_ITEM_RELATION,BY_ELE_TYPE,BY_ELE_VAL,BY_TAG_ATTRIBUTE,BY_TAG_ATTRIBUTE_VALUE_PLUS,PARSE_VALUE_REG_EXP,IS_DIRECT_GET_TEXT,USE_THIS_SETTING_URL_CHARACTOR) values (69,24,'data_tao_bao_jie','drawback_count_30_quality','近30天因商品质量问题退款次数',null,null,null,'DATA_TYPE_STRING',null,null,0,0,null,null,null,0,0,'XPath','//*[@id=halfmonth]/div[2]/div[2]/div[2]/div[2]/ul/li[1]/span',null,null,null,1,null);
Insert into DATACOLLECT.PARSE_ITEM (ID,PARSE_ID,SAVE_TO_TABLE,SAVE_TO_COLUMN,COLUMN_DESC,CHARACTOR,NOT_CHARACTOR,DEFAULT_VAL,DATA_TYPE,NUMBER_MULTIPLY_BY,DATE_FORMAT,IS_CHECK_REPEAT_COLUMN,IS_URL,SRC_REG_EXP,DEST_REG_EXP,EXEC_JAVASCRIPT,PAGE_URL_AS_VALUE,REG_EXP_ITEM_RELATION,BY_ELE_TYPE,BY_ELE_VAL,BY_TAG_ATTRIBUTE,BY_TAG_ATTRIBUTE_VALUE_PLUS,PARSE_VALUE_REG_EXP,IS_DIRECT_GET_TEXT,USE_THIS_SETTING_URL_CHARACTOR) values (70,24,'data_tao_bao_jie','drawback_count_30_total','近30天退款总次数',null,null,null,'DATA_TYPE_STRING',null,null,0,0,null,null,null,0,0,'XPath','//*[@id=halfmonth]/div[2]/div[2]/div[2]/div[1]/span',null,null,null,1,null);
Insert into DATACOLLECT.PARSE_ITEM (ID,PARSE_ID,SAVE_TO_TABLE,SAVE_TO_COLUMN,COLUMN_DESC,CHARACTOR,NOT_CHARACTOR,DEFAULT_VAL,DATA_TYPE,NUMBER_MULTIPLY_BY,DATE_FORMAT,IS_CHECK_REPEAT_COLUMN,IS_URL,SRC_REG_EXP,DEST_REG_EXP,EXEC_JAVASCRIPT,PAGE_URL_AS_VALUE,REG_EXP_ITEM_RELATION,BY_ELE_TYPE,BY_ELE_VAL,BY_TAG_ATTRIBUTE,BY_TAG_ATTRIBUTE_VALUE_PLUS,PARSE_VALUE_REG_EXP,IS_DIRECT_GET_TEXT,USE_THIS_SETTING_URL_CHARACTOR) values (71,24,'data_tao_bao_jie','product_desc_compare_average','商品描述得分与行业平均水平比较，''高于'': 高于行业平均值，''持平''：等于行业平均值，''低于''：低于行业平均值',null,null,null,'DATA_TYPE_STRING',null,null,0,0,null,null,null,0,0,'XPath','//*[@id=dsr]/li[2]/div[1]/em[2]/strong','class',null,null,0,null);
Insert into DATACOLLECT.PARSE_ITEM (ID,PARSE_ID,SAVE_TO_TABLE,SAVE_TO_COLUMN,COLUMN_DESC,CHARACTOR,NOT_CHARACTOR,DEFAULT_VAL,DATA_TYPE,NUMBER_MULTIPLY_BY,DATE_FORMAT,IS_CHECK_REPEAT_COLUMN,IS_URL,SRC_REG_EXP,DEST_REG_EXP,EXEC_JAVASCRIPT,PAGE_URL_AS_VALUE,REG_EXP_ITEM_RELATION,BY_ELE_TYPE,BY_ELE_VAL,BY_TAG_ATTRIBUTE,BY_TAG_ATTRIBUTE_VALUE_PLUS,PARSE_VALUE_REG_EXP,IS_DIRECT_GET_TEXT,USE_THIS_SETTING_URL_CHARACTOR) values (72,24,'data_tao_bao_jie','product_desc_match_score_percentage','商品描述得分与行业平均得分值的百分比',null,null,null,'DATA_TYPE_STRING',null,null,0,0,null,null,null,0,0,'XPath','//*[@id=dsr]/li[1]/div[1]/em[2]/strong',null,null,null,1,null);
Insert into DATACOLLECT.PARSE_ITEM (ID,PARSE_ID,SAVE_TO_TABLE,SAVE_TO_COLUMN,COLUMN_DESC,CHARACTOR,NOT_CHARACTOR,DEFAULT_VAL,DATA_TYPE,NUMBER_MULTIPLY_BY,DATE_FORMAT,IS_CHECK_REPEAT_COLUMN,IS_URL,SRC_REG_EXP,DEST_REG_EXP,EXEC_JAVASCRIPT,PAGE_URL_AS_VALUE,REG_EXP_ITEM_RELATION,BY_ELE_TYPE,BY_ELE_VAL,BY_TAG_ATTRIBUTE,BY_TAG_ATTRIBUTE_VALUE_PLUS,PARSE_VALUE_REG_EXP,IS_DIRECT_GET_TEXT,USE_THIS_SETTING_URL_CHARACTOR) values (73,24,'data_tao_bao_jie','product_desc_voter_number','商品描述投票人数',null,null,null,'DATA_TYPE_STRING',null,null,0,0,null,null,null,0,0,'XPath','//*[@id=dsr]/li[1]/div[2]/div/div[1]/span[2]',null,null,null,1,null);
Insert into DATACOLLECT.PARSE_ITEM (ID,PARSE_ID,SAVE_TO_TABLE,SAVE_TO_COLUMN,COLUMN_DESC,CHARACTOR,NOT_CHARACTOR,DEFAULT_VAL,DATA_TYPE,NUMBER_MULTIPLY_BY,DATE_FORMAT,IS_CHECK_REPEAT_COLUMN,IS_URL,SRC_REG_EXP,DEST_REG_EXP,EXEC_JAVASCRIPT,PAGE_URL_AS_VALUE,REG_EXP_ITEM_RELATION,BY_ELE_TYPE,BY_ELE_VAL,BY_TAG_ATTRIBUTE,BY_TAG_ATTRIBUTE_VALUE_PLUS,PARSE_VALUE_REG_EXP,IS_DIRECT_GET_TEXT,USE_THIS_SETTING_URL_CHARACTOR) values (74,24,'data_tao_bao_jie','punish_count_30','近30天处罚数',null,null,null,'DATA_TYPE_STRING',null,null,0,0,null,null,null,0,0,'XPath','//*[@id=halfmonth]/div[1]/div[2]/div[4]',null,null,null,1,null);
Insert into DATACOLLECT.PARSE_ITEM (ID,PARSE_ID,SAVE_TO_TABLE,SAVE_TO_COLUMN,COLUMN_DESC,CHARACTOR,NOT_CHARACTOR,DEFAULT_VAL,DATA_TYPE,NUMBER_MULTIPLY_BY,DATE_FORMAT,IS_CHECK_REPEAT_COLUMN,IS_URL,SRC_REG_EXP,DEST_REG_EXP,EXEC_JAVASCRIPT,PAGE_URL_AS_VALUE,REG_EXP_ITEM_RELATION,BY_ELE_TYPE,BY_ELE_VAL,BY_TAG_ATTRIBUTE,BY_TAG_ATTRIBUTE_VALUE_PLUS,PARSE_VALUE_REG_EXP,IS_DIRECT_GET_TEXT,USE_THIS_SETTING_URL_CHARACTOR) values (75,24,'data_tao_bao_jie','punish_count_30_patent','近30天因侵犯知识产权处罚数',null,null,null,'DATA_TYPE_STRING',null,null,0,0,null,null,null,0,0,'XPath','//*[@id=halfmonth]/div[2]/div[4]/div[2]/div[2]/ul/li[2]/span',null,null,null,1,null);
Insert into DATACOLLECT.PARSE_ITEM (ID,PARSE_ID,SAVE_TO_TABLE,SAVE_TO_COLUMN,COLUMN_DESC,CHARACTOR,NOT_CHARACTOR,DEFAULT_VAL,DATA_TYPE,NUMBER_MULTIPLY_BY,DATE_FORMAT,IS_CHECK_REPEAT_COLUMN,IS_URL,SRC_REG_EXP,DEST_REG_EXP,EXEC_JAVASCRIPT,PAGE_URL_AS_VALUE,REG_EXP_ITEM_RELATION,BY_ELE_TYPE,BY_ELE_VAL,BY_TAG_ATTRIBUTE,BY_TAG_ATTRIBUTE_VALUE_PLUS,PARSE_VALUE_REG_EXP,IS_DIRECT_GET_TEXT,USE_THIS_SETTING_URL_CHARACTOR) values (76,24,'data_tao_bao_jie','punish_count_30_unallow','近30天因发布违禁信息处罚数',null,null,null,'DATA_TYPE_STRING',null,null,0,0,null,null,null,0,0,'XPath','//*[@id=halfmonth]/div[2]/div[4]/div[2]/div[2]/ul/li[3]/span',null,null,null,1,null);
Insert into DATACOLLECT.PARSE_ITEM (ID,PARSE_ID,SAVE_TO_TABLE,SAVE_TO_COLUMN,COLUMN_DESC,CHARACTOR,NOT_CHARACTOR,DEFAULT_VAL,DATA_TYPE,NUMBER_MULTIPLY_BY,DATE_FORMAT,IS_CHECK_REPEAT_COLUMN,IS_URL,SRC_REG_EXP,DEST_REG_EXP,EXEC_JAVASCRIPT,PAGE_URL_AS_VALUE,REG_EXP_ITEM_RELATION,BY_ELE_TYPE,BY_ELE_VAL,BY_TAG_ATTRIBUTE,BY_TAG_ATTRIBUTE_VALUE_PLUS,PARSE_VALUE_REG_EXP,IS_DIRECT_GET_TEXT,USE_THIS_SETTING_URL_CHARACTOR) values (77,24,'data_tao_bao_jie','punish_count_30_untrue','近30天因虚假交易处罚数',null,null,null,'DATA_TYPE_STRING',null,null,0,0,null,null,null,0,0,'XPath','//*[@id=halfmonth]/div[2]/div[4]/div[2]/div[2]/ul/li[1]/span',null,null,null,1,null);
Insert into DATACOLLECT.PARSE_ITEM (ID,PARSE_ID,SAVE_TO_TABLE,SAVE_TO_COLUMN,COLUMN_DESC,CHARACTOR,NOT_CHARACTOR,DEFAULT_VAL,DATA_TYPE,NUMBER_MULTIPLY_BY,DATE_FORMAT,IS_CHECK_REPEAT_COLUMN,IS_URL,SRC_REG_EXP,DEST_REG_EXP,EXEC_JAVASCRIPT,PAGE_URL_AS_VALUE,REG_EXP_ITEM_RELATION,BY_ELE_TYPE,BY_ELE_VAL,BY_TAG_ATTRIBUTE,BY_TAG_ATTRIBUTE_VALUE_PLUS,PARSE_VALUE_REG_EXP,IS_DIRECT_GET_TEXT,USE_THIS_SETTING_URL_CHARACTOR) values (78,24,'data_tao_bao_jie','seller_good_evaluation_percentage','卖家好评率',null,null,null,'DATA_TYPE_STRING',null,null,0,0,null,null,null,0,0,'XPath','//*[@id=shop-rate-box]/div[1]/div[1]/div/div[3]/div[1]/div[1]/h4/em',null,null,null,1,null);
Insert into DATACOLLECT.PARSE_ITEM (ID,PARSE_ID,SAVE_TO_TABLE,SAVE_TO_COLUMN,COLUMN_DESC,CHARACTOR,NOT_CHARACTOR,DEFAULT_VAL,DATA_TYPE,NUMBER_MULTIPLY_BY,DATE_FORMAT,IS_CHECK_REPEAT_COLUMN,IS_URL,SRC_REG_EXP,DEST_REG_EXP,EXEC_JAVASCRIPT,PAGE_URL_AS_VALUE,REG_EXP_ITEM_RELATION,BY_ELE_TYPE,BY_ELE_VAL,BY_TAG_ATTRIBUTE,BY_TAG_ATTRIBUTE_VALUE_PLUS,PARSE_VALUE_REG_EXP,IS_DIRECT_GET_TEXT,USE_THIS_SETTING_URL_CHARACTOR) values (79,24,'data_tao_bao_jie','seller_service_compare_average','卖家服务态度得分与行业平均水平比较，''高于'': 高于行业平均值，''持平''：等于行业平均值，''低于''：低于行业平均值',null,null,null,'DATA_TYPE_STRING',null,null,0,0,null,null,null,0,0,'XPath','//*[@id=dsr]/li[2]/div[1]/em[2]/strong','class',null,null,0,null);
Insert into DATACOLLECT.PARSE_ITEM (ID,PARSE_ID,SAVE_TO_TABLE,SAVE_TO_COLUMN,COLUMN_DESC,CHARACTOR,NOT_CHARACTOR,DEFAULT_VAL,DATA_TYPE,NUMBER_MULTIPLY_BY,DATE_FORMAT,IS_CHECK_REPEAT_COLUMN,IS_URL,SRC_REG_EXP,DEST_REG_EXP,EXEC_JAVASCRIPT,PAGE_URL_AS_VALUE,REG_EXP_ITEM_RELATION,BY_ELE_TYPE,BY_ELE_VAL,BY_TAG_ATTRIBUTE,BY_TAG_ATTRIBUTE_VALUE_PLUS,PARSE_VALUE_REG_EXP,IS_DIRECT_GET_TEXT,USE_THIS_SETTING_URL_CHARACTOR) values (80,24,'data_tao_bao_jie','seller_service_score','卖家服务态度得分',null,null,null,'DATA_TYPE_STRING',null,null,0,0,null,null,null,0,0,'XPath','//*[@id=dsr]/li[2]/div[1]/em[1]','title',null,null,0,null);
Insert into DATACOLLECT.PARSE_ITEM (ID,PARSE_ID,SAVE_TO_TABLE,SAVE_TO_COLUMN,COLUMN_DESC,CHARACTOR,NOT_CHARACTOR,DEFAULT_VAL,DATA_TYPE,NUMBER_MULTIPLY_BY,DATE_FORMAT,IS_CHECK_REPEAT_COLUMN,IS_URL,SRC_REG_EXP,DEST_REG_EXP,EXEC_JAVASCRIPT,PAGE_URL_AS_VALUE,REG_EXP_ITEM_RELATION,BY_ELE_TYPE,BY_ELE_VAL,BY_TAG_ATTRIBUTE,BY_TAG_ATTRIBUTE_VALUE_PLUS,PARSE_VALUE_REG_EXP,IS_DIRECT_GET_TEXT,USE_THIS_SETTING_URL_CHARACTOR) values (81,24,'data_tao_bao_jie','seller_service_score_percentage','卖家服务态度得分与行业平均得分值的百分比',null,null,null,'DATA_TYPE_STRING',null,null,0,0,null,null,null,0,0,'XPath','//*[@id=dsr]/li[2]/div[1]/em[2]/strong',null,null,null,1,null);
Insert into DATACOLLECT.PARSE_ITEM (ID,PARSE_ID,SAVE_TO_TABLE,SAVE_TO_COLUMN,COLUMN_DESC,CHARACTOR,NOT_CHARACTOR,DEFAULT_VAL,DATA_TYPE,NUMBER_MULTIPLY_BY,DATE_FORMAT,IS_CHECK_REPEAT_COLUMN,IS_URL,SRC_REG_EXP,DEST_REG_EXP,EXEC_JAVASCRIPT,PAGE_URL_AS_VALUE,REG_EXP_ITEM_RELATION,BY_ELE_TYPE,BY_ELE_VAL,BY_TAG_ATTRIBUTE,BY_TAG_ATTRIBUTE_VALUE_PLUS,PARSE_VALUE_REG_EXP,IS_DIRECT_GET_TEXT,USE_THIS_SETTING_URL_CHARACTOR) values (82,24,'data_tao_bao_jie','seller_service_voter_number','卖家服务态度投票人数',null,null,null,'DATA_TYPE_STRING',null,null,0,0,null,null,null,0,0,'XPath','//*[@id=dsr]/li[2]/div[2]/div/div[1]/span[2]',null,null,null,1,null);
Insert into DATACOLLECT.PARSE_ITEM (ID,PARSE_ID,SAVE_TO_TABLE,SAVE_TO_COLUMN,COLUMN_DESC,CHARACTOR,NOT_CHARACTOR,DEFAULT_VAL,DATA_TYPE,NUMBER_MULTIPLY_BY,DATE_FORMAT,IS_CHECK_REPEAT_COLUMN,IS_URL,SRC_REG_EXP,DEST_REG_EXP,EXEC_JAVASCRIPT,PAGE_URL_AS_VALUE,REG_EXP_ITEM_RELATION,BY_ELE_TYPE,BY_ELE_VAL,BY_TAG_ATTRIBUTE,BY_TAG_ATTRIBUTE_VALUE_PLUS,PARSE_VALUE_REG_EXP,IS_DIRECT_GET_TEXT,USE_THIS_SETTING_URL_CHARACTOR) values (83,24,'data_tao_bao_jie','shop_logo_pic_url','shop logo 图片地址 url',null,null,null,'DATA_TYPE_STRING',null,null,0,0,null,null,null,0,0,'XPath','//*[@id=shop-logo]/p/a/img','src',null,null,0,null);
Insert into DATACOLLECT.PARSE_ITEM (ID,PARSE_ID,SAVE_TO_TABLE,SAVE_TO_COLUMN,COLUMN_DESC,CHARACTOR,NOT_CHARACTOR,DEFAULT_VAL,DATA_TYPE,NUMBER_MULTIPLY_BY,DATE_FORMAT,IS_CHECK_REPEAT_COLUMN,IS_URL,SRC_REG_EXP,DEST_REG_EXP,EXEC_JAVASCRIPT,PAGE_URL_AS_VALUE,REG_EXP_ITEM_RELATION,BY_ELE_TYPE,BY_ELE_VAL,BY_TAG_ATTRIBUTE,BY_TAG_ATTRIBUTE_VALUE_PLUS,PARSE_VALUE_REG_EXP,IS_DIRECT_GET_TEXT,USE_THIS_SETTING_URL_CHARACTOR) values (84,24,'data_tao_bao_jie','shop_shou_cang_ren_qi','店铺收藏人气',null,null,null,'DATA_TYPE_STRING',null,null,0,0,null,null,null,0,0,'Id','J_SCollCount',null,null,null,1,null);
Insert into DATACOLLECT.PARSE_ITEM (ID,PARSE_ID,SAVE_TO_TABLE,SAVE_TO_COLUMN,COLUMN_DESC,CHARACTOR,NOT_CHARACTOR,DEFAULT_VAL,DATA_TYPE,NUMBER_MULTIPLY_BY,DATE_FORMAT,IS_CHECK_REPEAT_COLUMN,IS_URL,SRC_REG_EXP,DEST_REG_EXP,EXEC_JAVASCRIPT,PAGE_URL_AS_VALUE,REG_EXP_ITEM_RELATION,BY_ELE_TYPE,BY_ELE_VAL,BY_TAG_ATTRIBUTE,BY_TAG_ATTRIBUTE_VALUE_PLUS,PARSE_VALUE_REG_EXP,IS_DIRECT_GET_TEXT,USE_THIS_SETTING_URL_CHARACTOR) values (85,24,'data_tao_bao_jie','shop_taobao_url','店铺淘宝链接地址',null,null,null,'DATA_TYPE_STRING',null,null,1,0,null,null,null,0,0,'XPath','//*[@id=shop-rate-box]/div[1]/div[2]/div[1]/div[2]/div/div[2]/a;//*[@id=shop-rate-box]/div[1]/div[2]/div[1]/div[2]/div[1]/div/a;//*[@id=header-content]/div[1]/div[1]/a[1];//*[@id=shop-info]/div[1]/a','href',null,null,0,null);
Insert into DATACOLLECT.PARSE_ITEM (ID,PARSE_ID,SAVE_TO_TABLE,SAVE_TO_COLUMN,COLUMN_DESC,CHARACTOR,NOT_CHARACTOR,DEFAULT_VAL,DATA_TYPE,NUMBER_MULTIPLY_BY,DATE_FORMAT,IS_CHECK_REPEAT_COLUMN,IS_URL,SRC_REG_EXP,DEST_REG_EXP,EXEC_JAVASCRIPT,PAGE_URL_AS_VALUE,REG_EXP_ITEM_RELATION,BY_ELE_TYPE,BY_ELE_VAL,BY_TAG_ATTRIBUTE,BY_TAG_ATTRIBUTE_VALUE_PLUS,PARSE_VALUE_REG_EXP,IS_DIRECT_GET_TEXT,USE_THIS_SETTING_URL_CHARACTOR) values (86,24,'data_tao_bao_jie','shop_can_use_credit_card','店铺可以使用信用卡支付的文字',null,null,null,'DATA_TYPE_STRING',null,null,0,0,null,null,null,0,0,'XPath','//*[@id=shop-info]/div[3]/div[3]/ul/li[1]/a/img','title',null,null,0,null);
Insert into DATACOLLECT.PARSE_ITEM (ID,PARSE_ID,SAVE_TO_TABLE,SAVE_TO_COLUMN,COLUMN_DESC,CHARACTOR,NOT_CHARACTOR,DEFAULT_VAL,DATA_TYPE,NUMBER_MULTIPLY_BY,DATE_FORMAT,IS_CHECK_REPEAT_COLUMN,IS_URL,SRC_REG_EXP,DEST_REG_EXP,EXEC_JAVASCRIPT,PAGE_URL_AS_VALUE,REG_EXP_ITEM_RELATION,BY_ELE_TYPE,BY_ELE_VAL,BY_TAG_ATTRIBUTE,BY_TAG_ATTRIBUTE_VALUE_PLUS,PARSE_VALUE_REG_EXP,IS_DIRECT_GET_TEXT,USE_THIS_SETTING_URL_CHARACTOR) values (87,24,'data_tao_bao_jie','shop_has_entity_store','是否拥有实体店铺',null,null,null,'DATA_TYPE_STRING',null,null,0,0,null,null,null,0,0,'XPath','//*[@id=shop-info]/div[3]/div[3]/ul/li[2]/a/img','alt',null,null,0,null);
Insert into DATACOLLECT.PARSE_ITEM (ID,PARSE_ID,SAVE_TO_TABLE,SAVE_TO_COLUMN,COLUMN_DESC,CHARACTOR,NOT_CHARACTOR,DEFAULT_VAL,DATA_TYPE,NUMBER_MULTIPLY_BY,DATE_FORMAT,IS_CHECK_REPEAT_COLUMN,IS_URL,SRC_REG_EXP,DEST_REG_EXP,EXEC_JAVASCRIPT,PAGE_URL_AS_VALUE,REG_EXP_ITEM_RELATION,BY_ELE_TYPE,BY_ELE_VAL,BY_TAG_ATTRIBUTE,BY_TAG_ATTRIBUTE_VALUE_PLUS,PARSE_VALUE_REG_EXP,IS_DIRECT_GET_TEXT,USE_THIS_SETTING_URL_CHARACTOR) values (88,24,'data_tao_bao_jie','shop_phone_number','店铺联系电话，主要天猫店铺',null,null,null,'DATA_TYPE_STRING',null,null,0,0,null,null,null,0,0,'XPath','//*[@id=shop-rate-box]/div[1]/div[2]/div[1]/div[2]/div/ul/li[4]',null,null,null,1,null);
Insert into DATACOLLECT.PARSE_ITEM (ID,PARSE_ID,SAVE_TO_TABLE,SAVE_TO_COLUMN,COLUMN_DESC,CHARACTOR,NOT_CHARACTOR,DEFAULT_VAL,DATA_TYPE,NUMBER_MULTIPLY_BY,DATE_FORMAT,IS_CHECK_REPEAT_COLUMN,IS_URL,SRC_REG_EXP,DEST_REG_EXP,EXEC_JAVASCRIPT,PAGE_URL_AS_VALUE,REG_EXP_ITEM_RELATION,BY_ELE_TYPE,BY_ELE_VAL,BY_TAG_ATTRIBUTE,BY_TAG_ATTRIBUTE_VALUE_PLUS,PARSE_VALUE_REG_EXP,IS_DIRECT_GET_TEXT,USE_THIS_SETTING_URL_CHARACTOR) values (89,24,'data_tao_bao_jie','seller_ship_speed_score','卖家发货速度得分',null,null,null,'DATA_TYPE_STRING',null,null,0,0,null,null,null,0,0,'XPath','//*[@id=dsr]/li[3]/div[1]/em[1]','title',null,null,0,null);
Insert into DATACOLLECT.PARSE_ITEM (ID,PARSE_ID,SAVE_TO_TABLE,SAVE_TO_COLUMN,COLUMN_DESC,CHARACTOR,NOT_CHARACTOR,DEFAULT_VAL,DATA_TYPE,NUMBER_MULTIPLY_BY,DATE_FORMAT,IS_CHECK_REPEAT_COLUMN,IS_URL,SRC_REG_EXP,DEST_REG_EXP,EXEC_JAVASCRIPT,PAGE_URL_AS_VALUE,REG_EXP_ITEM_RELATION,BY_ELE_TYPE,BY_ELE_VAL,BY_TAG_ATTRIBUTE,BY_TAG_ATTRIBUTE_VALUE_PLUS,PARSE_VALUE_REG_EXP,IS_DIRECT_GET_TEXT,USE_THIS_SETTING_URL_CHARACTOR) values (90,24,'data_tao_bao_jie','seller_ship_speed_compare_average','卖家发货速度得分与行业平均水平比较，''高于'': 高于行业平均值，''持平''：等于行业平均值，''低于''：低于行业平均值',null,null,null,'DATA_TYPE_STRING',null,null,0,0,null,null,null,0,0,'XPath','//*[@id=dsr]/li[3]/div[1]/em[2]/strong','class',null,null,0,null);
Insert into DATACOLLECT.PARSE_ITEM (ID,PARSE_ID,SAVE_TO_TABLE,SAVE_TO_COLUMN,COLUMN_DESC,CHARACTOR,NOT_CHARACTOR,DEFAULT_VAL,DATA_TYPE,NUMBER_MULTIPLY_BY,DATE_FORMAT,IS_CHECK_REPEAT_COLUMN,IS_URL,SRC_REG_EXP,DEST_REG_EXP,EXEC_JAVASCRIPT,PAGE_URL_AS_VALUE,REG_EXP_ITEM_RELATION,BY_ELE_TYPE,BY_ELE_VAL,BY_TAG_ATTRIBUTE,BY_TAG_ATTRIBUTE_VALUE_PLUS,PARSE_VALUE_REG_EXP,IS_DIRECT_GET_TEXT,USE_THIS_SETTING_URL_CHARACTOR) values (91,24,'data_tao_bao_jie','seller_ship_speed_score_percentage','卖家发货速度得分与行业平均得分值的百分比',null,null,null,'DATA_TYPE_STRING',null,null,0,0,null,null,null,0,0,'XPath','//*[@id=dsr]/li[3]/div[1]/em[2]/strong',null,null,null,1,null);
Insert into DATACOLLECT.PARSE_ITEM (ID,PARSE_ID,SAVE_TO_TABLE,SAVE_TO_COLUMN,COLUMN_DESC,CHARACTOR,NOT_CHARACTOR,DEFAULT_VAL,DATA_TYPE,NUMBER_MULTIPLY_BY,DATE_FORMAT,IS_CHECK_REPEAT_COLUMN,IS_URL,SRC_REG_EXP,DEST_REG_EXP,EXEC_JAVASCRIPT,PAGE_URL_AS_VALUE,REG_EXP_ITEM_RELATION,BY_ELE_TYPE,BY_ELE_VAL,BY_TAG_ATTRIBUTE,BY_TAG_ATTRIBUTE_VALUE_PLUS,PARSE_VALUE_REG_EXP,IS_DIRECT_GET_TEXT,USE_THIS_SETTING_URL_CHARACTOR) values (92,24,'data_tao_bao_jie','seller_ship_speed_voter_number','卖家发货速度投票人数',null,null,null,'DATA_TYPE_STRING',null,null,0,0,null,null,null,0,0,'XPath','//*[@id=dsr]/li[3]/div[2]/div/div[1]/span[2]',null,null,null,1,null);
Insert into DATACOLLECT.PARSE_ITEM (ID,PARSE_ID,SAVE_TO_TABLE,SAVE_TO_COLUMN,COLUMN_DESC,CHARACTOR,NOT_CHARACTOR,DEFAULT_VAL,DATA_TYPE,NUMBER_MULTIPLY_BY,DATE_FORMAT,IS_CHECK_REPEAT_COLUMN,IS_URL,SRC_REG_EXP,DEST_REG_EXP,EXEC_JAVASCRIPT,PAGE_URL_AS_VALUE,REG_EXP_ITEM_RELATION,BY_ELE_TYPE,BY_ELE_VAL,BY_TAG_ATTRIBUTE,BY_TAG_ATTRIBUTE_VALUE_PLUS,PARSE_VALUE_REG_EXP,IS_DIRECT_GET_TEXT,USE_THIS_SETTING_URL_CHARACTOR) values (93,24,'data_tao_bao_jie','drawback_percentage_30','近30天退款率','近30天退款率：',null,null,'DATA_TYPE_STRING',null,null,0,0,null,null,null,0,0,'XPath','//*[@id=halfmonth]/div[1]/div[2]/div[2]',null,null,null,1,null);
Insert into DATACOLLECT.PARSE_ITEM (ID,PARSE_ID,SAVE_TO_TABLE,SAVE_TO_COLUMN,COLUMN_DESC,CHARACTOR,NOT_CHARACTOR,DEFAULT_VAL,DATA_TYPE,NUMBER_MULTIPLY_BY,DATE_FORMAT,IS_CHECK_REPEAT_COLUMN,IS_URL,SRC_REG_EXP,DEST_REG_EXP,EXEC_JAVASCRIPT,PAGE_URL_AS_VALUE,REG_EXP_ITEM_RELATION,BY_ELE_TYPE,BY_ELE_VAL,BY_TAG_ATTRIBUTE,BY_TAG_ATTRIBUTE_VALUE_PLUS,PARSE_VALUE_REG_EXP,IS_DIRECT_GET_TEXT,USE_THIS_SETTING_URL_CHARACTOR) values (94,24,'data_tao_bao_jie','shop_rate_url','店铺评分网址',null,null,null,'DATA_TYPE_STRING',null,null,0,0,null,null,null,1,0,'Id','qq',null,null,null,1,null);
Insert into DATACOLLECT.PARSE_ITEM (ID,PARSE_ID,SAVE_TO_TABLE,SAVE_TO_COLUMN,COLUMN_DESC,CHARACTOR,NOT_CHARACTOR,DEFAULT_VAL,DATA_TYPE,NUMBER_MULTIPLY_BY,DATE_FORMAT,IS_CHECK_REPEAT_COLUMN,IS_URL,SRC_REG_EXP,DEST_REG_EXP,EXEC_JAVASCRIPT,PAGE_URL_AS_VALUE,REG_EXP_ITEM_RELATION,BY_ELE_TYPE,BY_ELE_VAL,BY_TAG_ATTRIBUTE,BY_TAG_ATTRIBUTE_VALUE_PLUS,PARSE_VALUE_REG_EXP,IS_DIRECT_GET_TEXT,USE_THIS_SETTING_URL_CHARACTOR) values (117,24,'data_tao_bao_jie','shop_huo_dao_fu_kuan','是否支持货到付款',null,null,null,'DATA_TYPE_STRING',null,null,0,0,null,null,null,0,0,'XPath','//*[@id=shop-info]/div[3]/div[3]/ul/li[2]/a/img','alt',null,null,0,null);
Insert into DATACOLLECT.PARSE_ITEM (ID,PARSE_ID,SAVE_TO_TABLE,SAVE_TO_COLUMN,COLUMN_DESC,CHARACTOR,NOT_CHARACTOR,DEFAULT_VAL,DATA_TYPE,NUMBER_MULTIPLY_BY,DATE_FORMAT,IS_CHECK_REPEAT_COLUMN,IS_URL,SRC_REG_EXP,DEST_REG_EXP,EXEC_JAVASCRIPT,PAGE_URL_AS_VALUE,REG_EXP_ITEM_RELATION,BY_ELE_TYPE,BY_ELE_VAL,BY_TAG_ATTRIBUTE,BY_TAG_ATTRIBUTE_VALUE_PLUS,PARSE_VALUE_REG_EXP,IS_DIRECT_GET_TEXT,USE_THIS_SETTING_URL_CHARACTOR) values (119,27,'DATA_XIU_HAO_CHI','BIAO_TI','商品标题',' ',' ',' ','DATA_TYPE_STRING',' ',' ',0,0,'-淘宝网',' ',' ',0,0,'XPath','/html/head/title',' ',0,' ',1,' ');
Insert into DATACOLLECT.PARSE_ITEM (ID,PARSE_ID,SAVE_TO_TABLE,SAVE_TO_COLUMN,COLUMN_DESC,CHARACTOR,NOT_CHARACTOR,DEFAULT_VAL,DATA_TYPE,NUMBER_MULTIPLY_BY,DATE_FORMAT,IS_CHECK_REPEAT_COLUMN,IS_URL,SRC_REG_EXP,DEST_REG_EXP,EXEC_JAVASCRIPT,PAGE_URL_AS_VALUE,REG_EXP_ITEM_RELATION,BY_ELE_TYPE,BY_ELE_VAL,BY_TAG_ATTRIBUTE,BY_TAG_ATTRIBUTE_VALUE_PLUS,PARSE_VALUE_REG_EXP,IS_DIRECT_GET_TEXT,USE_THIS_SETTING_URL_CHARACTOR) values (121,27,'DATA_XIU_HAO_CHI','CU_XIAO_JIA','促销价',' ',' ',' ','DATA_TYPE_STRING',' ',' ',0,0,' ',' ',' ',0,0,'XPath','//*[@id="J_PromoPrice"]/div',' ',0,' ',1,' ');
Insert into DATACOLLECT.PARSE_ITEM (ID,PARSE_ID,SAVE_TO_TABLE,SAVE_TO_COLUMN,COLUMN_DESC,CHARACTOR,NOT_CHARACTOR,DEFAULT_VAL,DATA_TYPE,NUMBER_MULTIPLY_BY,DATE_FORMAT,IS_CHECK_REPEAT_COLUMN,IS_URL,SRC_REG_EXP,DEST_REG_EXP,EXEC_JAVASCRIPT,PAGE_URL_AS_VALUE,REG_EXP_ITEM_RELATION,BY_ELE_TYPE,BY_ELE_VAL,BY_TAG_ATTRIBUTE,BY_TAG_ATTRIBUTE_VALUE_PLUS,PARSE_VALUE_REG_EXP,IS_DIRECT_GET_TEXT,USE_THIS_SETTING_URL_CHARACTOR) values (124,27,'DATA_XIU_HAO_CHI','IMG_URL','图片链接url',' ',' ',' ','DATA_TYPE_STRING',' ',' ',0,0,' ',' ',' ',0,0,'Id','J_ImgBooth','data-src;src',0,' ',0,' ');
Insert into DATACOLLECT.PARSE_ITEM (ID,PARSE_ID,SAVE_TO_TABLE,SAVE_TO_COLUMN,COLUMN_DESC,CHARACTOR,NOT_CHARACTOR,DEFAULT_VAL,DATA_TYPE,NUMBER_MULTIPLY_BY,DATE_FORMAT,IS_CHECK_REPEAT_COLUMN,IS_URL,SRC_REG_EXP,DEST_REG_EXP,EXEC_JAVASCRIPT,PAGE_URL_AS_VALUE,REG_EXP_ITEM_RELATION,BY_ELE_TYPE,BY_ELE_VAL,BY_TAG_ATTRIBUTE,BY_TAG_ATTRIBUTE_VALUE_PLUS,PARSE_VALUE_REG_EXP,IS_DIRECT_GET_TEXT,USE_THIS_SETTING_URL_CHARACTOR) values (125,27,'DATA_XIU_HAO_CHI','ITEM_URL','商品链接url',' ',' ',' ','DATA_TYPE_STRING',' ',' ',1,0,' ',' ',' ',1,0,'Id','qq',' ',0,' ',0,' ');
Insert into DATACOLLECT.PARSE_ITEM (ID,PARSE_ID,SAVE_TO_TABLE,SAVE_TO_COLUMN,COLUMN_DESC,CHARACTOR,NOT_CHARACTOR,DEFAULT_VAL,DATA_TYPE,NUMBER_MULTIPLY_BY,DATE_FORMAT,IS_CHECK_REPEAT_COLUMN,IS_URL,SRC_REG_EXP,DEST_REG_EXP,EXEC_JAVASCRIPT,PAGE_URL_AS_VALUE,REG_EXP_ITEM_RELATION,BY_ELE_TYPE,BY_ELE_VAL,BY_TAG_ATTRIBUTE,BY_TAG_ATTRIBUTE_VALUE_PLUS,PARSE_VALUE_REG_EXP,IS_DIRECT_GET_TEXT,USE_THIS_SETTING_URL_CHARACTOR) values (126,27,'DATA_XIU_HAO_CHI','JIA_GE','商品价格',' ',' ',' ','DATA_TYPE_STRING',' ',' ',0,0,' ',' ',' ',0,0,'Id','J_StrPrice',' ',0,' ',1,' ');
Insert into DATACOLLECT.PARSE_ITEM (ID,PARSE_ID,SAVE_TO_TABLE,SAVE_TO_COLUMN,COLUMN_DESC,CHARACTOR,NOT_CHARACTOR,DEFAULT_VAL,DATA_TYPE,NUMBER_MULTIPLY_BY,DATE_FORMAT,IS_CHECK_REPEAT_COLUMN,IS_URL,SRC_REG_EXP,DEST_REG_EXP,EXEC_JAVASCRIPT,PAGE_URL_AS_VALUE,REG_EXP_ITEM_RELATION,BY_ELE_TYPE,BY_ELE_VAL,BY_TAG_ATTRIBUTE,BY_TAG_ATTRIBUTE_VALUE_PLUS,PARSE_VALUE_REG_EXP,IS_DIRECT_GET_TEXT,USE_THIS_SETTING_URL_CHARACTOR) values (128,27,'DATA_XIU_HAO_CHI','PING_FEN','商品评分',' ',' ',' ','DATA_TYPE_STRING',' ',' ',0,0,'分',' ',' ',0,0,'Id','J_RateStar',' ',0,' ',1,' ');
Insert into DATACOLLECT.PARSE_ITEM (ID,PARSE_ID,SAVE_TO_TABLE,SAVE_TO_COLUMN,COLUMN_DESC,CHARACTOR,NOT_CHARACTOR,DEFAULT_VAL,DATA_TYPE,NUMBER_MULTIPLY_BY,DATE_FORMAT,IS_CHECK_REPEAT_COLUMN,IS_URL,SRC_REG_EXP,DEST_REG_EXP,EXEC_JAVASCRIPT,PAGE_URL_AS_VALUE,REG_EXP_ITEM_RELATION,BY_ELE_TYPE,BY_ELE_VAL,BY_TAG_ATTRIBUTE,BY_TAG_ATTRIBUTE_VALUE_PLUS,PARSE_VALUE_REG_EXP,IS_DIRECT_GET_TEXT,USE_THIS_SETTING_URL_CHARACTOR) values (131,27,'DATA_XIU_HAO_CHI','SHOP_NAME','店铺名称',' ',' ',' ','DATA_TYPE_STRING',' ',' ',0,0,' ',' ',' ',0,0,'XPath','//*[@id="detail"]/div[2]/div/div[3]/div/div[2]/p[1]/a;//*[@id="detail"]/div[1]/div/div[1]/div/div[2]/p/a','title',0,' ',0,' ');
Insert into DATACOLLECT.PARSE_ITEM (ID,PARSE_ID,SAVE_TO_TABLE,SAVE_TO_COLUMN,COLUMN_DESC,CHARACTOR,NOT_CHARACTOR,DEFAULT_VAL,DATA_TYPE,NUMBER_MULTIPLY_BY,DATE_FORMAT,IS_CHECK_REPEAT_COLUMN,IS_URL,SRC_REG_EXP,DEST_REG_EXP,EXEC_JAVASCRIPT,PAGE_URL_AS_VALUE,REG_EXP_ITEM_RELATION,BY_ELE_TYPE,BY_ELE_VAL,BY_TAG_ATTRIBUTE,BY_TAG_ATTRIBUTE_VALUE_PLUS,PARSE_VALUE_REG_EXP,IS_DIRECT_GET_TEXT,USE_THIS_SETTING_URL_CHARACTOR) values (132,27,'DATA_XIU_HAO_CHI','SHOP_URL','店铺链接url',' ',' ',' ','DATA_TYPE_STRING',' ',' ',0,0,' ',' ',' ',0,0,'XPath','//*[@id="detail"]/div[2]/div/div[3]/div/div[2]/p[1]/a;//*[@id="detail"]/div[1]/div/div[1]/div/div[2]/p/a','href',0,' ',0,' ');
Insert into DATACOLLECT.PARSE_ITEM (ID,PARSE_ID,SAVE_TO_TABLE,SAVE_TO_COLUMN,COLUMN_DESC,CHARACTOR,NOT_CHARACTOR,DEFAULT_VAL,DATA_TYPE,NUMBER_MULTIPLY_BY,DATE_FORMAT,IS_CHECK_REPEAT_COLUMN,IS_URL,SRC_REG_EXP,DEST_REG_EXP,EXEC_JAVASCRIPT,PAGE_URL_AS_VALUE,REG_EXP_ITEM_RELATION,BY_ELE_TYPE,BY_ELE_VAL,BY_TAG_ATTRIBUTE,BY_TAG_ATTRIBUTE_VALUE_PLUS,PARSE_VALUE_REG_EXP,IS_DIRECT_GET_TEXT,USE_THIS_SETTING_URL_CHARACTOR) values (138,27,'DATA_XIU_HAO_CHI','DAN_JIA','商品单价',' ',' ',' ','DATA_TYPE_STRING',' ',' ',0,0,' ',' ',' ',0,0,'XPath','//*[@id="J_StrPriceModBox"]/span[2]',' ',0,' ',1,' ');
Insert into DATACOLLECT.PARSE_ITEM (ID,PARSE_ID,SAVE_TO_TABLE,SAVE_TO_COLUMN,COLUMN_DESC,CHARACTOR,NOT_CHARACTOR,DEFAULT_VAL,DATA_TYPE,NUMBER_MULTIPLY_BY,DATE_FORMAT,IS_CHECK_REPEAT_COLUMN,IS_URL,SRC_REG_EXP,DEST_REG_EXP,EXEC_JAVASCRIPT,PAGE_URL_AS_VALUE,REG_EXP_ITEM_RELATION,BY_ELE_TYPE,BY_ELE_VAL,BY_TAG_ATTRIBUTE,BY_TAG_ATTRIBUTE_VALUE_PLUS,PARSE_VALUE_REG_EXP,IS_DIRECT_GET_TEXT,USE_THIS_SETTING_URL_CHARACTOR) values (139,27,'DATA_XIU_HAO_CHI','META_DESC','商品 meta description 信息',' ',' ',' ','DATA_TYPE_STRING',' ',' ',0,0,'欢迎前来淘宝网;',';',' ',0,1,'XPath','/html/head/meta[@name=''description'']','content',0,' ',0,' ');
Insert into DATACOLLECT.PARSE_ITEM (ID,PARSE_ID,SAVE_TO_TABLE,SAVE_TO_COLUMN,COLUMN_DESC,CHARACTOR,NOT_CHARACTOR,DEFAULT_VAL,DATA_TYPE,NUMBER_MULTIPLY_BY,DATE_FORMAT,IS_CHECK_REPEAT_COLUMN,IS_URL,SRC_REG_EXP,DEST_REG_EXP,EXEC_JAVASCRIPT,PAGE_URL_AS_VALUE,REG_EXP_ITEM_RELATION,BY_ELE_TYPE,BY_ELE_VAL,BY_TAG_ATTRIBUTE,BY_TAG_ATTRIBUTE_VALUE_PLUS,PARSE_VALUE_REG_EXP,IS_DIRECT_GET_TEXT,USE_THIS_SETTING_URL_CHARACTOR) values (140,27,'DATA_XIU_HAO_CHI','META_SEARCH_KEYWORD','商品 meta keyword 关键词信息',' ',' ',' ','DATA_TYPE_STRING',' ',' ',0,0,'淘宝,;掏宝,;网上购物,;店铺,;',';;;;',' ',0,1,'XPath','/html/head/meta[@name=''keywords'']','content',0,' ',0,' ');
Insert into DATACOLLECT.PARSE_ITEM (ID,PARSE_ID,SAVE_TO_TABLE,SAVE_TO_COLUMN,COLUMN_DESC,CHARACTOR,NOT_CHARACTOR,DEFAULT_VAL,DATA_TYPE,NUMBER_MULTIPLY_BY,DATE_FORMAT,IS_CHECK_REPEAT_COLUMN,IS_URL,SRC_REG_EXP,DEST_REG_EXP,EXEC_JAVASCRIPT,PAGE_URL_AS_VALUE,REG_EXP_ITEM_RELATION,BY_ELE_TYPE,BY_ELE_VAL,BY_TAG_ATTRIBUTE,BY_TAG_ATTRIBUTE_VALUE_PLUS,PARSE_VALUE_REG_EXP,IS_DIRECT_GET_TEXT,USE_THIS_SETTING_URL_CHARACTOR) values (142,27,'DATA_XIU_HAO_CHI','SHOP_LEVEL_IMG_URL','店铺评级，皇冠数图片地址',' ',' ',' ','DATA_TYPE_STRING',' ',' ',0,0,' ',' ',' ',0,0,'XPath','//*[@id="shop-rank"]/img','src',0,' ',0,' ');
Insert into DATACOLLECT.PARSE_ITEM (ID,PARSE_ID,SAVE_TO_TABLE,SAVE_TO_COLUMN,COLUMN_DESC,CHARACTOR,NOT_CHARACTOR,DEFAULT_VAL,DATA_TYPE,NUMBER_MULTIPLY_BY,DATE_FORMAT,IS_CHECK_REPEAT_COLUMN,IS_URL,SRC_REG_EXP,DEST_REG_EXP,EXEC_JAVASCRIPT,PAGE_URL_AS_VALUE,REG_EXP_ITEM_RELATION,BY_ELE_TYPE,BY_ELE_VAL,BY_TAG_ATTRIBUTE,BY_TAG_ATTRIBUTE_VALUE_PLUS,PARSE_VALUE_REG_EXP,IS_DIRECT_GET_TEXT,USE_THIS_SETTING_URL_CHARACTOR) values (143,27,'DATA_XIU_HAO_CHI','CU_XIAO_JIA_NUM','促销价数值表示',' ',' ',' ','DATA_TYPE_NUMBER',' ',' ',0,0,'-.*$;?',' ',' ',0,1,'XPath','//*[@id="J_PromoPrice"]/div/strong',' ',0,' ',1,' ');
Insert into DATACOLLECT.PARSE_ITEM (ID,PARSE_ID,SAVE_TO_TABLE,SAVE_TO_COLUMN,COLUMN_DESC,CHARACTOR,NOT_CHARACTOR,DEFAULT_VAL,DATA_TYPE,NUMBER_MULTIPLY_BY,DATE_FORMAT,IS_CHECK_REPEAT_COLUMN,IS_URL,SRC_REG_EXP,DEST_REG_EXP,EXEC_JAVASCRIPT,PAGE_URL_AS_VALUE,REG_EXP_ITEM_RELATION,BY_ELE_TYPE,BY_ELE_VAL,BY_TAG_ATTRIBUTE,BY_TAG_ATTRIBUTE_VALUE_PLUS,PARSE_VALUE_REG_EXP,IS_DIRECT_GET_TEXT,USE_THIS_SETTING_URL_CHARACTOR) values (144,27,'DATA_XIU_HAO_CHI','DAN_JIA_NUM','商品单价数值表示',' ',' ',' ','DATA_TYPE_NUMBER','0.002',' ',0,0,'元.*$',' ',' ',0,0,'XPath','//*[@id="J_StrPriceModBox"]/span[2]',' ',0,' ',1,' ');
Insert into DATACOLLECT.PARSE_ITEM (ID,PARSE_ID,SAVE_TO_TABLE,SAVE_TO_COLUMN,COLUMN_DESC,CHARACTOR,NOT_CHARACTOR,DEFAULT_VAL,DATA_TYPE,NUMBER_MULTIPLY_BY,DATE_FORMAT,IS_CHECK_REPEAT_COLUMN,IS_URL,SRC_REG_EXP,DEST_REG_EXP,EXEC_JAVASCRIPT,PAGE_URL_AS_VALUE,REG_EXP_ITEM_RELATION,BY_ELE_TYPE,BY_ELE_VAL,BY_TAG_ATTRIBUTE,BY_TAG_ATTRIBUTE_VALUE_PLUS,PARSE_VALUE_REG_EXP,IS_DIRECT_GET_TEXT,USE_THIS_SETTING_URL_CHARACTOR) values (145,27,'DATA_XIU_HAO_CHI','JIA_GE_NUM','商品价格数字表示',' ',' ',' ','DATA_TYPE_NUMBER',' ',' ',0,0,'-.*$;?',' ',' ',0,1,'Id','J_StrPrice',' ',0,' ',1,' ');
Insert into DATACOLLECT.PARSE_ITEM (ID,PARSE_ID,SAVE_TO_TABLE,SAVE_TO_COLUMN,COLUMN_DESC,CHARACTOR,NOT_CHARACTOR,DEFAULT_VAL,DATA_TYPE,NUMBER_MULTIPLY_BY,DATE_FORMAT,IS_CHECK_REPEAT_COLUMN,IS_URL,SRC_REG_EXP,DEST_REG_EXP,EXEC_JAVASCRIPT,PAGE_URL_AS_VALUE,REG_EXP_ITEM_RELATION,BY_ELE_TYPE,BY_ELE_VAL,BY_TAG_ATTRIBUTE,BY_TAG_ATTRIBUTE_VALUE_PLUS,PARSE_VALUE_REG_EXP,IS_DIRECT_GET_TEXT,USE_THIS_SETTING_URL_CHARACTOR) values (146,27,'DATA_XIU_HAO_CHI','PING_FEN_NUM','商品评分数字表示',' ',' ',' ','DATA_TYPE_NUMBER',' ',' ',0,0,'分',' ',' ',0,0,'Id','J_RateStar',' ',0,' ',1,' ');
Insert into DATACOLLECT.PARSE_ITEM (ID,PARSE_ID,SAVE_TO_TABLE,SAVE_TO_COLUMN,COLUMN_DESC,CHARACTOR,NOT_CHARACTOR,DEFAULT_VAL,DATA_TYPE,NUMBER_MULTIPLY_BY,DATE_FORMAT,IS_CHECK_REPEAT_COLUMN,IS_URL,SRC_REG_EXP,DEST_REG_EXP,EXEC_JAVASCRIPT,PAGE_URL_AS_VALUE,REG_EXP_ITEM_RELATION,BY_ELE_TYPE,BY_ELE_VAL,BY_TAG_ATTRIBUTE,BY_TAG_ATTRIBUTE_VALUE_PLUS,PARSE_VALUE_REG_EXP,IS_DIRECT_GET_TEXT,USE_THIS_SETTING_URL_CHARACTOR) values (164,29,'data_xiu_hao_chi','biao_ti','商品标题',null,null,null,'DATA_TYPE_STRING',null,null,0,0,'-淘宝网',null,null,0,0,'XPath','/html/head/title',null,null,null,1,null);
Insert into DATACOLLECT.PARSE_ITEM (ID,PARSE_ID,SAVE_TO_TABLE,SAVE_TO_COLUMN,COLUMN_DESC,CHARACTOR,NOT_CHARACTOR,DEFAULT_VAL,DATA_TYPE,NUMBER_MULTIPLY_BY,DATE_FORMAT,IS_CHECK_REPEAT_COLUMN,IS_URL,SRC_REG_EXP,DEST_REG_EXP,EXEC_JAVASCRIPT,PAGE_URL_AS_VALUE,REG_EXP_ITEM_RELATION,BY_ELE_TYPE,BY_ELE_VAL,BY_TAG_ATTRIBUTE,BY_TAG_ATTRIBUTE_VALUE_PLUS,PARSE_VALUE_REG_EXP,IS_DIRECT_GET_TEXT,USE_THIS_SETTING_URL_CHARACTOR) values (165,29,'data_xiu_hao_chi','cu_xiao_jia','促销价',null,null,null,'DATA_TYPE_STRING',null,null,0,0,null,null,null,0,0,'XPath','//*[@id=J_PromoPrice]/div',null,null,null,1,null);
Insert into DATACOLLECT.PARSE_ITEM (ID,PARSE_ID,SAVE_TO_TABLE,SAVE_TO_COLUMN,COLUMN_DESC,CHARACTOR,NOT_CHARACTOR,DEFAULT_VAL,DATA_TYPE,NUMBER_MULTIPLY_BY,DATE_FORMAT,IS_CHECK_REPEAT_COLUMN,IS_URL,SRC_REG_EXP,DEST_REG_EXP,EXEC_JAVASCRIPT,PAGE_URL_AS_VALUE,REG_EXP_ITEM_RELATION,BY_ELE_TYPE,BY_ELE_VAL,BY_TAG_ATTRIBUTE,BY_TAG_ATTRIBUTE_VALUE_PLUS,PARSE_VALUE_REG_EXP,IS_DIRECT_GET_TEXT,USE_THIS_SETTING_URL_CHARACTOR) values (166,29,'data_xiu_hao_chi','cu_xiao_jia_num','促销价数值表示',null,null,null,'DATA_TYPE_NUMBER',null,null,0,0,'-.*$;?',null,null,0,1,'XPath','//*[@id=J_PromoPrice]/div/strong',null,null,null,1,null);
Insert into DATACOLLECT.PARSE_ITEM (ID,PARSE_ID,SAVE_TO_TABLE,SAVE_TO_COLUMN,COLUMN_DESC,CHARACTOR,NOT_CHARACTOR,DEFAULT_VAL,DATA_TYPE,NUMBER_MULTIPLY_BY,DATE_FORMAT,IS_CHECK_REPEAT_COLUMN,IS_URL,SRC_REG_EXP,DEST_REG_EXP,EXEC_JAVASCRIPT,PAGE_URL_AS_VALUE,REG_EXP_ITEM_RELATION,BY_ELE_TYPE,BY_ELE_VAL,BY_TAG_ATTRIBUTE,BY_TAG_ATTRIBUTE_VALUE_PLUS,PARSE_VALUE_REG_EXP,IS_DIRECT_GET_TEXT,USE_THIS_SETTING_URL_CHARACTOR) values (167,29,'data_xiu_hao_chi','dan_jia','商品单价',null,null,null,'DATA_TYPE_STRING',null,null,0,0,null,null,null,0,0,'XPath','//*[@id=J_StrPriceModBox]/span[2]',null,null,null,1,null);
Insert into DATACOLLECT.PARSE_ITEM (ID,PARSE_ID,SAVE_TO_TABLE,SAVE_TO_COLUMN,COLUMN_DESC,CHARACTOR,NOT_CHARACTOR,DEFAULT_VAL,DATA_TYPE,NUMBER_MULTIPLY_BY,DATE_FORMAT,IS_CHECK_REPEAT_COLUMN,IS_URL,SRC_REG_EXP,DEST_REG_EXP,EXEC_JAVASCRIPT,PAGE_URL_AS_VALUE,REG_EXP_ITEM_RELATION,BY_ELE_TYPE,BY_ELE_VAL,BY_TAG_ATTRIBUTE,BY_TAG_ATTRIBUTE_VALUE_PLUS,PARSE_VALUE_REG_EXP,IS_DIRECT_GET_TEXT,USE_THIS_SETTING_URL_CHARACTOR) values (168,29,'data_xiu_hao_chi','dan_jia_num','商品单价数值表示',null,null,null,'DATA_TYPE_NUMBER','0.002',null,0,0,'元.*$',null,null,0,0,'XPath','//*[@id=J_StrPriceModBox]/span[2]',null,null,null,1,null);
Insert into DATACOLLECT.PARSE_ITEM (ID,PARSE_ID,SAVE_TO_TABLE,SAVE_TO_COLUMN,COLUMN_DESC,CHARACTOR,NOT_CHARACTOR,DEFAULT_VAL,DATA_TYPE,NUMBER_MULTIPLY_BY,DATE_FORMAT,IS_CHECK_REPEAT_COLUMN,IS_URL,SRC_REG_EXP,DEST_REG_EXP,EXEC_JAVASCRIPT,PAGE_URL_AS_VALUE,REG_EXP_ITEM_RELATION,BY_ELE_TYPE,BY_ELE_VAL,BY_TAG_ATTRIBUTE,BY_TAG_ATTRIBUTE_VALUE_PLUS,PARSE_VALUE_REG_EXP,IS_DIRECT_GET_TEXT,USE_THIS_SETTING_URL_CHARACTOR) values (169,29,'data_xiu_hao_chi','img_url','图片链接url',null,null,null,'DATA_TYPE_STRING',null,null,0,0,null,null,null,0,0,'XPath','//*[@id=J_ImgBooth];/html/body/div[18]/img','data-src;src',0,null,0,null);
Insert into DATACOLLECT.PARSE_ITEM (ID,PARSE_ID,SAVE_TO_TABLE,SAVE_TO_COLUMN,COLUMN_DESC,CHARACTOR,NOT_CHARACTOR,DEFAULT_VAL,DATA_TYPE,NUMBER_MULTIPLY_BY,DATE_FORMAT,IS_CHECK_REPEAT_COLUMN,IS_URL,SRC_REG_EXP,DEST_REG_EXP,EXEC_JAVASCRIPT,PAGE_URL_AS_VALUE,REG_EXP_ITEM_RELATION,BY_ELE_TYPE,BY_ELE_VAL,BY_TAG_ATTRIBUTE,BY_TAG_ATTRIBUTE_VALUE_PLUS,PARSE_VALUE_REG_EXP,IS_DIRECT_GET_TEXT,USE_THIS_SETTING_URL_CHARACTOR) values (170,29,'data_xiu_hao_chi','item_url','商品链接url',null,null,null,'DATA_TYPE_STRING',null,null,1,0,null,null,null,1,0,'Id','qq',null,null,null,0,null);
Insert into DATACOLLECT.PARSE_ITEM (ID,PARSE_ID,SAVE_TO_TABLE,SAVE_TO_COLUMN,COLUMN_DESC,CHARACTOR,NOT_CHARACTOR,DEFAULT_VAL,DATA_TYPE,NUMBER_MULTIPLY_BY,DATE_FORMAT,IS_CHECK_REPEAT_COLUMN,IS_URL,SRC_REG_EXP,DEST_REG_EXP,EXEC_JAVASCRIPT,PAGE_URL_AS_VALUE,REG_EXP_ITEM_RELATION,BY_ELE_TYPE,BY_ELE_VAL,BY_TAG_ATTRIBUTE,BY_TAG_ATTRIBUTE_VALUE_PLUS,PARSE_VALUE_REG_EXP,IS_DIRECT_GET_TEXT,USE_THIS_SETTING_URL_CHARACTOR) values (171,29,'data_xiu_hao_chi','jia_ge','商品价格',null,null,null,'DATA_TYPE_STRING',null,null,0,0,null,null,null,0,0,'Id','J_StrPrice',null,null,null,1,null);
Insert into DATACOLLECT.PARSE_ITEM (ID,PARSE_ID,SAVE_TO_TABLE,SAVE_TO_COLUMN,COLUMN_DESC,CHARACTOR,NOT_CHARACTOR,DEFAULT_VAL,DATA_TYPE,NUMBER_MULTIPLY_BY,DATE_FORMAT,IS_CHECK_REPEAT_COLUMN,IS_URL,SRC_REG_EXP,DEST_REG_EXP,EXEC_JAVASCRIPT,PAGE_URL_AS_VALUE,REG_EXP_ITEM_RELATION,BY_ELE_TYPE,BY_ELE_VAL,BY_TAG_ATTRIBUTE,BY_TAG_ATTRIBUTE_VALUE_PLUS,PARSE_VALUE_REG_EXP,IS_DIRECT_GET_TEXT,USE_THIS_SETTING_URL_CHARACTOR) values (172,29,'data_xiu_hao_chi','jia_ge_num','商品价格数字表示',null,null,null,'DATA_TYPE_NUMBER',null,null,0,0,'?',null,null,0,0,'Id','J_StrPrice',null,null,null,1,null);
Insert into DATACOLLECT.PARSE_ITEM (ID,PARSE_ID,SAVE_TO_TABLE,SAVE_TO_COLUMN,COLUMN_DESC,CHARACTOR,NOT_CHARACTOR,DEFAULT_VAL,DATA_TYPE,NUMBER_MULTIPLY_BY,DATE_FORMAT,IS_CHECK_REPEAT_COLUMN,IS_URL,SRC_REG_EXP,DEST_REG_EXP,EXEC_JAVASCRIPT,PAGE_URL_AS_VALUE,REG_EXP_ITEM_RELATION,BY_ELE_TYPE,BY_ELE_VAL,BY_TAG_ATTRIBUTE,BY_TAG_ATTRIBUTE_VALUE_PLUS,PARSE_VALUE_REG_EXP,IS_DIRECT_GET_TEXT,USE_THIS_SETTING_URL_CHARACTOR) values (173,29,'data_xiu_hao_chi','meta_desc','商品 meta description 信息',null,null,null,'DATA_TYPE_STRING',null,null,0,0,'欢迎前来淘宝网;',';',null,0,1,'Tag_Name','head',null,null,null,0,null);
Insert into DATACOLLECT.PARSE_ITEM (ID,PARSE_ID,SAVE_TO_TABLE,SAVE_TO_COLUMN,COLUMN_DESC,CHARACTOR,NOT_CHARACTOR,DEFAULT_VAL,DATA_TYPE,NUMBER_MULTIPLY_BY,DATE_FORMAT,IS_CHECK_REPEAT_COLUMN,IS_URL,SRC_REG_EXP,DEST_REG_EXP,EXEC_JAVASCRIPT,PAGE_URL_AS_VALUE,REG_EXP_ITEM_RELATION,BY_ELE_TYPE,BY_ELE_VAL,BY_TAG_ATTRIBUTE,BY_TAG_ATTRIBUTE_VALUE_PLUS,PARSE_VALUE_REG_EXP,IS_DIRECT_GET_TEXT,USE_THIS_SETTING_URL_CHARACTOR) values (174,29,'data_xiu_hao_chi','meta_search_keyword','商品 meta keyword 关键词信息',null,null,null,'DATA_TYPE_STRING',null,null,0,0,'淘宝,;掏宝,;网上购物,;店铺,;',';;;;',null,0,1,'Tag_Name','head',null,null,null,0,null);
Insert into DATACOLLECT.PARSE_ITEM (ID,PARSE_ID,SAVE_TO_TABLE,SAVE_TO_COLUMN,COLUMN_DESC,CHARACTOR,NOT_CHARACTOR,DEFAULT_VAL,DATA_TYPE,NUMBER_MULTIPLY_BY,DATE_FORMAT,IS_CHECK_REPEAT_COLUMN,IS_URL,SRC_REG_EXP,DEST_REG_EXP,EXEC_JAVASCRIPT,PAGE_URL_AS_VALUE,REG_EXP_ITEM_RELATION,BY_ELE_TYPE,BY_ELE_VAL,BY_TAG_ATTRIBUTE,BY_TAG_ATTRIBUTE_VALUE_PLUS,PARSE_VALUE_REG_EXP,IS_DIRECT_GET_TEXT,USE_THIS_SETTING_URL_CHARACTOR) values (175,29,'data_xiu_hao_chi','ping_fen','商品评分',null,null,null,'DATA_TYPE_STRING',null,null,0,0,'分',null,null,0,0,'Id','J_RateStar',null,null,null,1,null);
Insert into DATACOLLECT.PARSE_ITEM (ID,PARSE_ID,SAVE_TO_TABLE,SAVE_TO_COLUMN,COLUMN_DESC,CHARACTOR,NOT_CHARACTOR,DEFAULT_VAL,DATA_TYPE,NUMBER_MULTIPLY_BY,DATE_FORMAT,IS_CHECK_REPEAT_COLUMN,IS_URL,SRC_REG_EXP,DEST_REG_EXP,EXEC_JAVASCRIPT,PAGE_URL_AS_VALUE,REG_EXP_ITEM_RELATION,BY_ELE_TYPE,BY_ELE_VAL,BY_TAG_ATTRIBUTE,BY_TAG_ATTRIBUTE_VALUE_PLUS,PARSE_VALUE_REG_EXP,IS_DIRECT_GET_TEXT,USE_THIS_SETTING_URL_CHARACTOR) values (176,29,'data_xiu_hao_chi','ping_fen_num','商品评分数字表示',null,null,null,'DATA_TYPE_NUMBER',null,null,0,0,'分',null,null,0,0,'Id','J_RateStar',null,null,null,1,null);
Insert into DATACOLLECT.PARSE_ITEM (ID,PARSE_ID,SAVE_TO_TABLE,SAVE_TO_COLUMN,COLUMN_DESC,CHARACTOR,NOT_CHARACTOR,DEFAULT_VAL,DATA_TYPE,NUMBER_MULTIPLY_BY,DATE_FORMAT,IS_CHECK_REPEAT_COLUMN,IS_URL,SRC_REG_EXP,DEST_REG_EXP,EXEC_JAVASCRIPT,PAGE_URL_AS_VALUE,REG_EXP_ITEM_RELATION,BY_ELE_TYPE,BY_ELE_VAL,BY_TAG_ATTRIBUTE,BY_TAG_ATTRIBUTE_VALUE_PLUS,PARSE_VALUE_REG_EXP,IS_DIRECT_GET_TEXT,USE_THIS_SETTING_URL_CHARACTOR) values (177,29,'data_xiu_hao_chi','shang_pin_lai_yuan','商品信息来源',null,null,'2','DATA_TYPE_STRING',null,null,0,0,null,null,null,0,0,'Id','qq',null,null,null,0,null);
Insert into DATACOLLECT.PARSE_ITEM (ID,PARSE_ID,SAVE_TO_TABLE,SAVE_TO_COLUMN,COLUMN_DESC,CHARACTOR,NOT_CHARACTOR,DEFAULT_VAL,DATA_TYPE,NUMBER_MULTIPLY_BY,DATE_FORMAT,IS_CHECK_REPEAT_COLUMN,IS_URL,SRC_REG_EXP,DEST_REG_EXP,EXEC_JAVASCRIPT,PAGE_URL_AS_VALUE,REG_EXP_ITEM_RELATION,BY_ELE_TYPE,BY_ELE_VAL,BY_TAG_ATTRIBUTE,BY_TAG_ATTRIBUTE_VALUE_PLUS,PARSE_VALUE_REG_EXP,IS_DIRECT_GET_TEXT,USE_THIS_SETTING_URL_CHARACTOR) values (178,29,'data_xiu_hao_chi','shop_level_img_url','店铺评级，皇冠数图片地址',null,null,null,'DATA_TYPE_STRING',null,null,0,0,null,null,null,0,0,'XPath','//*[@id=shop-rank]/img','src',null,null,0,null);
Insert into DATACOLLECT.PARSE_ITEM (ID,PARSE_ID,SAVE_TO_TABLE,SAVE_TO_COLUMN,COLUMN_DESC,CHARACTOR,NOT_CHARACTOR,DEFAULT_VAL,DATA_TYPE,NUMBER_MULTIPLY_BY,DATE_FORMAT,IS_CHECK_REPEAT_COLUMN,IS_URL,SRC_REG_EXP,DEST_REG_EXP,EXEC_JAVASCRIPT,PAGE_URL_AS_VALUE,REG_EXP_ITEM_RELATION,BY_ELE_TYPE,BY_ELE_VAL,BY_TAG_ATTRIBUTE,BY_TAG_ATTRIBUTE_VALUE_PLUS,PARSE_VALUE_REG_EXP,IS_DIRECT_GET_TEXT,USE_THIS_SETTING_URL_CHARACTOR) values (179,29,'data_xiu_hao_chi','shop_name','店铺名称',null,null,null,'DATA_TYPE_STRING',null,null,0,0,null,null,null,0,0,'XPath','//*[@id=detail]/div[2]/div/div[3]/div/div[2]/p[1]/a;//*[@id=detail]/div[1]/div/div[1]/div/div[2]/p/a','title',null,null,0,null);
Insert into DATACOLLECT.PARSE_ITEM (ID,PARSE_ID,SAVE_TO_TABLE,SAVE_TO_COLUMN,COLUMN_DESC,CHARACTOR,NOT_CHARACTOR,DEFAULT_VAL,DATA_TYPE,NUMBER_MULTIPLY_BY,DATE_FORMAT,IS_CHECK_REPEAT_COLUMN,IS_URL,SRC_REG_EXP,DEST_REG_EXP,EXEC_JAVASCRIPT,PAGE_URL_AS_VALUE,REG_EXP_ITEM_RELATION,BY_ELE_TYPE,BY_ELE_VAL,BY_TAG_ATTRIBUTE,BY_TAG_ATTRIBUTE_VALUE_PLUS,PARSE_VALUE_REG_EXP,IS_DIRECT_GET_TEXT,USE_THIS_SETTING_URL_CHARACTOR) values (180,29,'data_xiu_hao_chi','shop_url','店铺链接url',null,null,null,'DATA_TYPE_STRING',null,null,0,0,null,null,null,0,0,'XPath','//*[@id=detail]/div[2]/div/div[3]/div/div[2]/p[1]/a;//*[@id=detail]/div[1]/div/div[1]/div/div[2]/p/a','href',null,null,0,null);
Insert into DATACOLLECT.PARSE_ITEM (ID,PARSE_ID,SAVE_TO_TABLE,SAVE_TO_COLUMN,COLUMN_DESC,CHARACTOR,NOT_CHARACTOR,DEFAULT_VAL,DATA_TYPE,NUMBER_MULTIPLY_BY,DATE_FORMAT,IS_CHECK_REPEAT_COLUMN,IS_URL,SRC_REG_EXP,DEST_REG_EXP,EXEC_JAVASCRIPT,PAGE_URL_AS_VALUE,REG_EXP_ITEM_RELATION,BY_ELE_TYPE,BY_ELE_VAL,BY_TAG_ATTRIBUTE,BY_TAG_ATTRIBUTE_VALUE_PLUS,PARSE_VALUE_REG_EXP,IS_DIRECT_GET_TEXT,USE_THIS_SETTING_URL_CHARACTOR) values (181,27,'DATA_XIU_HAO_CHI','JIAO_YI','30天内交易的数量',' ',' ',' ','DATA_TYPE_STRING','1',' ',0,0,' ',' ',' ',0,0,'Class_Name','J_TDealCount',' ',0,' ',1,' ');
Insert into DATACOLLECT.PARSE_ITEM (ID,PARSE_ID,SAVE_TO_TABLE,SAVE_TO_COLUMN,COLUMN_DESC,CHARACTOR,NOT_CHARACTOR,DEFAULT_VAL,DATA_TYPE,NUMBER_MULTIPLY_BY,DATE_FORMAT,IS_CHECK_REPEAT_COLUMN,IS_URL,SRC_REG_EXP,DEST_REG_EXP,EXEC_JAVASCRIPT,PAGE_URL_AS_VALUE,REG_EXP_ITEM_RELATION,BY_ELE_TYPE,BY_ELE_VAL,BY_TAG_ATTRIBUTE,BY_TAG_ATTRIBUTE_VALUE_PLUS,PARSE_VALUE_REG_EXP,IS_DIRECT_GET_TEXT,USE_THIS_SETTING_URL_CHARACTOR) values (182,27,'DATA_XIU_HAO_CHI','JIAO_YI_SUCCESS','30天内成功的交易数量',' ',' ',' ','DATA_TYPE_STRING','1',' ',0,0,' ',' ',' ',0,0,'Id','J_OrdersClosed',' ',0,' ',1,' ');
Insert into DATACOLLECT.PARSE_ITEM (ID,PARSE_ID,SAVE_TO_TABLE,SAVE_TO_COLUMN,COLUMN_DESC,CHARACTOR,NOT_CHARACTOR,DEFAULT_VAL,DATA_TYPE,NUMBER_MULTIPLY_BY,DATE_FORMAT,IS_CHECK_REPEAT_COLUMN,IS_URL,SRC_REG_EXP,DEST_REG_EXP,EXEC_JAVASCRIPT,PAGE_URL_AS_VALUE,REG_EXP_ITEM_RELATION,BY_ELE_TYPE,BY_ELE_VAL,BY_TAG_ATTRIBUTE,BY_TAG_ATTRIBUTE_VALUE_PLUS,PARSE_VALUE_REG_EXP,IS_DIRECT_GET_TEXT,USE_THIS_SETTING_URL_CHARACTOR) values (183,27,'DATA_XIU_HAO_CHI','JIAO_YI_NUM','30天内交易的数量的数值',' ',' ',' ','DATA_TYPE_NUMBER','1',' ',0,0,' ',' ',' ',0,0,'Class_Name','J_TDealCount',' ',0,' ',1,' ');
Insert into DATACOLLECT.PARSE_ITEM (ID,PARSE_ID,SAVE_TO_TABLE,SAVE_TO_COLUMN,COLUMN_DESC,CHARACTOR,NOT_CHARACTOR,DEFAULT_VAL,DATA_TYPE,NUMBER_MULTIPLY_BY,DATE_FORMAT,IS_CHECK_REPEAT_COLUMN,IS_URL,SRC_REG_EXP,DEST_REG_EXP,EXEC_JAVASCRIPT,PAGE_URL_AS_VALUE,REG_EXP_ITEM_RELATION,BY_ELE_TYPE,BY_ELE_VAL,BY_TAG_ATTRIBUTE,BY_TAG_ATTRIBUTE_VALUE_PLUS,PARSE_VALUE_REG_EXP,IS_DIRECT_GET_TEXT,USE_THIS_SETTING_URL_CHARACTOR) values (184,27,'DATA_XIU_HAO_CHI','JIAO_YI_SUCCESS_NUM','30天内成功的交易数量的数值',' ',' ',' ','DATA_TYPE_NUMBER','1',' ',0,0,' ',' ',' ',0,0,'Id','J_OrdersClosed',' ',0,' ',1,' ');
Insert into DATACOLLECT.PARSE_ITEM (ID,PARSE_ID,SAVE_TO_TABLE,SAVE_TO_COLUMN,COLUMN_DESC,CHARACTOR,NOT_CHARACTOR,DEFAULT_VAL,DATA_TYPE,NUMBER_MULTIPLY_BY,DATE_FORMAT,IS_CHECK_REPEAT_COLUMN,IS_URL,SRC_REG_EXP,DEST_REG_EXP,EXEC_JAVASCRIPT,PAGE_URL_AS_VALUE,REG_EXP_ITEM_RELATION,BY_ELE_TYPE,BY_ELE_VAL,BY_TAG_ATTRIBUTE,BY_TAG_ATTRIBUTE_VALUE_PLUS,PARSE_VALUE_REG_EXP,IS_DIRECT_GET_TEXT,USE_THIS_SETTING_URL_CHARACTOR) values (185,27,'DATA_XIU_HAO_CHI','HAO_PING_LV','店铺好评率',' ',' ',' ','DATA_TYPE_STRING','1',' ',0,0,' ',' ',' ',0,0,'Id','J_PositiveRating',' ',0,' ',1,' ');
Insert into DATACOLLECT.PARSE_ITEM (ID,PARSE_ID,SAVE_TO_TABLE,SAVE_TO_COLUMN,COLUMN_DESC,CHARACTOR,NOT_CHARACTOR,DEFAULT_VAL,DATA_TYPE,NUMBER_MULTIPLY_BY,DATE_FORMAT,IS_CHECK_REPEAT_COLUMN,IS_URL,SRC_REG_EXP,DEST_REG_EXP,EXEC_JAVASCRIPT,PAGE_URL_AS_VALUE,REG_EXP_ITEM_RELATION,BY_ELE_TYPE,BY_ELE_VAL,BY_TAG_ATTRIBUTE,BY_TAG_ATTRIBUTE_VALUE_PLUS,PARSE_VALUE_REG_EXP,IS_DIRECT_GET_TEXT,USE_THIS_SETTING_URL_CHARACTOR) values (186,27,'DATA_XIU_HAO_CHI','HAO_PING_LV_NUM','店铺好评率数值',' ',' ',' ','DATA_TYPE_NUMBER','1',' ',0,0,'\%',' ',' ',0,0,'Id','J_PositiveRating',' ',0,' ',1,' ');
Insert into DATACOLLECT.PARSE_ITEM (ID,PARSE_ID,SAVE_TO_TABLE,SAVE_TO_COLUMN,COLUMN_DESC,CHARACTOR,NOT_CHARACTOR,DEFAULT_VAL,DATA_TYPE,NUMBER_MULTIPLY_BY,DATE_FORMAT,IS_CHECK_REPEAT_COLUMN,IS_URL,SRC_REG_EXP,DEST_REG_EXP,EXEC_JAVASCRIPT,PAGE_URL_AS_VALUE,REG_EXP_ITEM_RELATION,BY_ELE_TYPE,BY_ELE_VAL,BY_TAG_ATTRIBUTE,BY_TAG_ATTRIBUTE_VALUE_PLUS,PARSE_VALUE_REG_EXP,IS_DIRECT_GET_TEXT,USE_THIS_SETTING_URL_CHARACTOR) values (187,27,'DATA_XIU_HAO_CHI','WANG_WANG_URL','掌柜旺旺链接地址',' ',' ',' ','DATA_TYPE_STRING','1',' ',0,0,'spm=(.)*&',' ',' ',0,0,'XPath','//*[@id="detail"]/div[2]/div/div[3]/div/div[2]/p[1]/span/a','href',0,' ',0,' ');
Insert into DATACOLLECT.PARSE_ITEM (ID,PARSE_ID,SAVE_TO_TABLE,SAVE_TO_COLUMN,COLUMN_DESC,CHARACTOR,NOT_CHARACTOR,DEFAULT_VAL,DATA_TYPE,NUMBER_MULTIPLY_BY,DATE_FORMAT,IS_CHECK_REPEAT_COLUMN,IS_URL,SRC_REG_EXP,DEST_REG_EXP,EXEC_JAVASCRIPT,PAGE_URL_AS_VALUE,REG_EXP_ITEM_RELATION,BY_ELE_TYPE,BY_ELE_VAL,BY_TAG_ATTRIBUTE,BY_TAG_ATTRIBUTE_VALUE_PLUS,PARSE_VALUE_REG_EXP,IS_DIRECT_GET_TEXT,USE_THIS_SETTING_URL_CHARACTOR) values (188,30,'DATA_XIU_HAO_CHI','BIAO_TI','商品标题',' ',' ',' ','DATA_TYPE_STRING',' ',' ',0,0,'-tmall.com天猫',' ',' ',0,0,'XPath','/html/head/title',' ',0,' ',1,' ');
Insert into DATACOLLECT.PARSE_ITEM (ID,PARSE_ID,SAVE_TO_TABLE,SAVE_TO_COLUMN,COLUMN_DESC,CHARACTOR,NOT_CHARACTOR,DEFAULT_VAL,DATA_TYPE,NUMBER_MULTIPLY_BY,DATE_FORMAT,IS_CHECK_REPEAT_COLUMN,IS_URL,SRC_REG_EXP,DEST_REG_EXP,EXEC_JAVASCRIPT,PAGE_URL_AS_VALUE,REG_EXP_ITEM_RELATION,BY_ELE_TYPE,BY_ELE_VAL,BY_TAG_ATTRIBUTE,BY_TAG_ATTRIBUTE_VALUE_PLUS,PARSE_VALUE_REG_EXP,IS_DIRECT_GET_TEXT,USE_THIS_SETTING_URL_CHARACTOR) values (189,30,'DATA_XIU_HAO_CHI','CU_XIAO_JIA','促销价',' ',' ',' ','DATA_TYPE_STRING',' ',' ',0,0,' ',' ',' ',0,0,'Id','J_PromoBox',' ',0,' ',1,' ');
Insert into DATACOLLECT.PARSE_ITEM (ID,PARSE_ID,SAVE_TO_TABLE,SAVE_TO_COLUMN,COLUMN_DESC,CHARACTOR,NOT_CHARACTOR,DEFAULT_VAL,DATA_TYPE,NUMBER_MULTIPLY_BY,DATE_FORMAT,IS_CHECK_REPEAT_COLUMN,IS_URL,SRC_REG_EXP,DEST_REG_EXP,EXEC_JAVASCRIPT,PAGE_URL_AS_VALUE,REG_EXP_ITEM_RELATION,BY_ELE_TYPE,BY_ELE_VAL,BY_TAG_ATTRIBUTE,BY_TAG_ATTRIBUTE_VALUE_PLUS,PARSE_VALUE_REG_EXP,IS_DIRECT_GET_TEXT,USE_THIS_SETTING_URL_CHARACTOR) values (190,30,'DATA_XIU_HAO_CHI','CU_XIAO_JIA_NUM','促销价数值表示',' ',' ',' ','DATA_TYPE_NUMBER',' ',' ',0,0,' ',' ',' ',0,0,'XPath','//*[@id="J_PromoBox"]/strong',' ',0,' ',1,' ');
Insert into DATACOLLECT.PARSE_ITEM (ID,PARSE_ID,SAVE_TO_TABLE,SAVE_TO_COLUMN,COLUMN_DESC,CHARACTOR,NOT_CHARACTOR,DEFAULT_VAL,DATA_TYPE,NUMBER_MULTIPLY_BY,DATE_FORMAT,IS_CHECK_REPEAT_COLUMN,IS_URL,SRC_REG_EXP,DEST_REG_EXP,EXEC_JAVASCRIPT,PAGE_URL_AS_VALUE,REG_EXP_ITEM_RELATION,BY_ELE_TYPE,BY_ELE_VAL,BY_TAG_ATTRIBUTE,BY_TAG_ATTRIBUTE_VALUE_PLUS,PARSE_VALUE_REG_EXP,IS_DIRECT_GET_TEXT,USE_THIS_SETTING_URL_CHARACTOR) values (191,30,'DATA_XIU_HAO_CHI','DAN_JIA','商品单价',' ',' ',' ','DATA_TYPE_STRING',' ',' ',0,0,' ',' ',' ',0,0,'XPath','//*[@id="J_StrPriceModBox"]/span[3]',' ',0,' ',1,' ');
Insert into DATACOLLECT.PARSE_ITEM (ID,PARSE_ID,SAVE_TO_TABLE,SAVE_TO_COLUMN,COLUMN_DESC,CHARACTOR,NOT_CHARACTOR,DEFAULT_VAL,DATA_TYPE,NUMBER_MULTIPLY_BY,DATE_FORMAT,IS_CHECK_REPEAT_COLUMN,IS_URL,SRC_REG_EXP,DEST_REG_EXP,EXEC_JAVASCRIPT,PAGE_URL_AS_VALUE,REG_EXP_ITEM_RELATION,BY_ELE_TYPE,BY_ELE_VAL,BY_TAG_ATTRIBUTE,BY_TAG_ATTRIBUTE_VALUE_PLUS,PARSE_VALUE_REG_EXP,IS_DIRECT_GET_TEXT,USE_THIS_SETTING_URL_CHARACTOR) values (192,30,'DATA_XIU_HAO_CHI','DAN_JIA_NUM','商品单价数值表示',' ',' ',' ','DATA_TYPE_NUMBER','0.002',' ',0,0,'元.*$',' ',' ',0,0,'XPath','//*[@id="J_StrPriceModBox"]/span[3]',' ',0,' ',1,' ');
Insert into DATACOLLECT.PARSE_ITEM (ID,PARSE_ID,SAVE_TO_TABLE,SAVE_TO_COLUMN,COLUMN_DESC,CHARACTOR,NOT_CHARACTOR,DEFAULT_VAL,DATA_TYPE,NUMBER_MULTIPLY_BY,DATE_FORMAT,IS_CHECK_REPEAT_COLUMN,IS_URL,SRC_REG_EXP,DEST_REG_EXP,EXEC_JAVASCRIPT,PAGE_URL_AS_VALUE,REG_EXP_ITEM_RELATION,BY_ELE_TYPE,BY_ELE_VAL,BY_TAG_ATTRIBUTE,BY_TAG_ATTRIBUTE_VALUE_PLUS,PARSE_VALUE_REG_EXP,IS_DIRECT_GET_TEXT,USE_THIS_SETTING_URL_CHARACTOR) values (193,30,'DATA_XIU_HAO_CHI','HAO_PING_LV','店铺好评率',' ',' ',' ','DATA_TYPE_STRING','1',' ',0,0,' ',' ',' ',0,0,'XPath','//*[@id="side-shop-info"]/div/div[2]/div[1]/ul/li[1]/a/em',' ',0,' ',1,' ');
Insert into DATACOLLECT.PARSE_ITEM (ID,PARSE_ID,SAVE_TO_TABLE,SAVE_TO_COLUMN,COLUMN_DESC,CHARACTOR,NOT_CHARACTOR,DEFAULT_VAL,DATA_TYPE,NUMBER_MULTIPLY_BY,DATE_FORMAT,IS_CHECK_REPEAT_COLUMN,IS_URL,SRC_REG_EXP,DEST_REG_EXP,EXEC_JAVASCRIPT,PAGE_URL_AS_VALUE,REG_EXP_ITEM_RELATION,BY_ELE_TYPE,BY_ELE_VAL,BY_TAG_ATTRIBUTE,BY_TAG_ATTRIBUTE_VALUE_PLUS,PARSE_VALUE_REG_EXP,IS_DIRECT_GET_TEXT,USE_THIS_SETTING_URL_CHARACTOR) values (194,30,'DATA_XIU_HAO_CHI','HAO_PING_LV_NUM','店铺好评率数值',' ',' ',' ','DATA_TYPE_NUMBER','1',' ',0,0,'分',' ',' ',0,0,'XPath','//*[@id="side-shop-info"]/div/div[2]/div[1]/ul/li[1]/a/em','title',0,' ',0,' ');
Insert into DATACOLLECT.PARSE_ITEM (ID,PARSE_ID,SAVE_TO_TABLE,SAVE_TO_COLUMN,COLUMN_DESC,CHARACTOR,NOT_CHARACTOR,DEFAULT_VAL,DATA_TYPE,NUMBER_MULTIPLY_BY,DATE_FORMAT,IS_CHECK_REPEAT_COLUMN,IS_URL,SRC_REG_EXP,DEST_REG_EXP,EXEC_JAVASCRIPT,PAGE_URL_AS_VALUE,REG_EXP_ITEM_RELATION,BY_ELE_TYPE,BY_ELE_VAL,BY_TAG_ATTRIBUTE,BY_TAG_ATTRIBUTE_VALUE_PLUS,PARSE_VALUE_REG_EXP,IS_DIRECT_GET_TEXT,USE_THIS_SETTING_URL_CHARACTOR) values (195,30,'DATA_XIU_HAO_CHI','IMG_URL','图片链接url',' ',' ',' ','DATA_TYPE_STRING',' ',' ',0,0,' ',' ',' ',0,0,'Id','J_ImgBooth','src',0,' ',0,' ');
Insert into DATACOLLECT.PARSE_ITEM (ID,PARSE_ID,SAVE_TO_TABLE,SAVE_TO_COLUMN,COLUMN_DESC,CHARACTOR,NOT_CHARACTOR,DEFAULT_VAL,DATA_TYPE,NUMBER_MULTIPLY_BY,DATE_FORMAT,IS_CHECK_REPEAT_COLUMN,IS_URL,SRC_REG_EXP,DEST_REG_EXP,EXEC_JAVASCRIPT,PAGE_URL_AS_VALUE,REG_EXP_ITEM_RELATION,BY_ELE_TYPE,BY_ELE_VAL,BY_TAG_ATTRIBUTE,BY_TAG_ATTRIBUTE_VALUE_PLUS,PARSE_VALUE_REG_EXP,IS_DIRECT_GET_TEXT,USE_THIS_SETTING_URL_CHARACTOR) values (196,30,'DATA_XIU_HAO_CHI','ITEM_URL','商品链接url',' ',' ',' ','DATA_TYPE_STRING',' ',' ',1,0,' ',' ',' ',1,0,'Id','qq',' ',0,' ',0,' ');
Insert into DATACOLLECT.PARSE_ITEM (ID,PARSE_ID,SAVE_TO_TABLE,SAVE_TO_COLUMN,COLUMN_DESC,CHARACTOR,NOT_CHARACTOR,DEFAULT_VAL,DATA_TYPE,NUMBER_MULTIPLY_BY,DATE_FORMAT,IS_CHECK_REPEAT_COLUMN,IS_URL,SRC_REG_EXP,DEST_REG_EXP,EXEC_JAVASCRIPT,PAGE_URL_AS_VALUE,REG_EXP_ITEM_RELATION,BY_ELE_TYPE,BY_ELE_VAL,BY_TAG_ATTRIBUTE,BY_TAG_ATTRIBUTE_VALUE_PLUS,PARSE_VALUE_REG_EXP,IS_DIRECT_GET_TEXT,USE_THIS_SETTING_URL_CHARACTOR) values (197,30,'DATA_XIU_HAO_CHI','JIA_GE','商品价格',' ',' ',' ','DATA_TYPE_STRING',' ',' ',0,0,' ',' ',' ',0,0,'Id','J_StrPrice',' ',0,' ',1,' ');
Insert into DATACOLLECT.PARSE_ITEM (ID,PARSE_ID,SAVE_TO_TABLE,SAVE_TO_COLUMN,COLUMN_DESC,CHARACTOR,NOT_CHARACTOR,DEFAULT_VAL,DATA_TYPE,NUMBER_MULTIPLY_BY,DATE_FORMAT,IS_CHECK_REPEAT_COLUMN,IS_URL,SRC_REG_EXP,DEST_REG_EXP,EXEC_JAVASCRIPT,PAGE_URL_AS_VALUE,REG_EXP_ITEM_RELATION,BY_ELE_TYPE,BY_ELE_VAL,BY_TAG_ATTRIBUTE,BY_TAG_ATTRIBUTE_VALUE_PLUS,PARSE_VALUE_REG_EXP,IS_DIRECT_GET_TEXT,USE_THIS_SETTING_URL_CHARACTOR) values (198,30,'DATA_XIU_HAO_CHI','JIA_GE_NUM','商品价格数字表示',' ',' ',' ','DATA_TYPE_NUMBER',' ',' ',0,0,'-.*$',' ',' ',0,0,'Id','J_StrPrice',' ',0,' ',1,' ');
Insert into DATACOLLECT.PARSE_ITEM (ID,PARSE_ID,SAVE_TO_TABLE,SAVE_TO_COLUMN,COLUMN_DESC,CHARACTOR,NOT_CHARACTOR,DEFAULT_VAL,DATA_TYPE,NUMBER_MULTIPLY_BY,DATE_FORMAT,IS_CHECK_REPEAT_COLUMN,IS_URL,SRC_REG_EXP,DEST_REG_EXP,EXEC_JAVASCRIPT,PAGE_URL_AS_VALUE,REG_EXP_ITEM_RELATION,BY_ELE_TYPE,BY_ELE_VAL,BY_TAG_ATTRIBUTE,BY_TAG_ATTRIBUTE_VALUE_PLUS,PARSE_VALUE_REG_EXP,IS_DIRECT_GET_TEXT,USE_THIS_SETTING_URL_CHARACTOR) values (199,30,'DATA_XIU_HAO_CHI','JIAO_YI','30天内交易的数量',' ',' ',' ','DATA_TYPE_STRING','1',' ',0,0,' ',' ',' ',0,0,'Class_Name','J_TDealCount',' ',0,' ',1,' ');
Insert into DATACOLLECT.PARSE_ITEM (ID,PARSE_ID,SAVE_TO_TABLE,SAVE_TO_COLUMN,COLUMN_DESC,CHARACTOR,NOT_CHARACTOR,DEFAULT_VAL,DATA_TYPE,NUMBER_MULTIPLY_BY,DATE_FORMAT,IS_CHECK_REPEAT_COLUMN,IS_URL,SRC_REG_EXP,DEST_REG_EXP,EXEC_JAVASCRIPT,PAGE_URL_AS_VALUE,REG_EXP_ITEM_RELATION,BY_ELE_TYPE,BY_ELE_VAL,BY_TAG_ATTRIBUTE,BY_TAG_ATTRIBUTE_VALUE_PLUS,PARSE_VALUE_REG_EXP,IS_DIRECT_GET_TEXT,USE_THIS_SETTING_URL_CHARACTOR) values (200,30,'DATA_XIU_HAO_CHI','JIAO_YI_NUM','30天内交易的数量的数值',' ',' ',' ','DATA_TYPE_NUMBER','1',' ',0,0,' ',' ',' ',0,0,'Class_Name','J_TDealCount',' ',0,' ',1,' ');
Insert into DATACOLLECT.PARSE_ITEM (ID,PARSE_ID,SAVE_TO_TABLE,SAVE_TO_COLUMN,COLUMN_DESC,CHARACTOR,NOT_CHARACTOR,DEFAULT_VAL,DATA_TYPE,NUMBER_MULTIPLY_BY,DATE_FORMAT,IS_CHECK_REPEAT_COLUMN,IS_URL,SRC_REG_EXP,DEST_REG_EXP,EXEC_JAVASCRIPT,PAGE_URL_AS_VALUE,REG_EXP_ITEM_RELATION,BY_ELE_TYPE,BY_ELE_VAL,BY_TAG_ATTRIBUTE,BY_TAG_ATTRIBUTE_VALUE_PLUS,PARSE_VALUE_REG_EXP,IS_DIRECT_GET_TEXT,USE_THIS_SETTING_URL_CHARACTOR) values (201,30,'DATA_XIU_HAO_CHI','JIAO_YI_SUCCESS','30天内成功的交易数量',' ',' ',' ','DATA_TYPE_STRING','1',' ',0,0,' ',' ',' ',0,0,'Class_Name','J_TDealCount',' ',0,' ',1,' ');
Insert into DATACOLLECT.PARSE_ITEM (ID,PARSE_ID,SAVE_TO_TABLE,SAVE_TO_COLUMN,COLUMN_DESC,CHARACTOR,NOT_CHARACTOR,DEFAULT_VAL,DATA_TYPE,NUMBER_MULTIPLY_BY,DATE_FORMAT,IS_CHECK_REPEAT_COLUMN,IS_URL,SRC_REG_EXP,DEST_REG_EXP,EXEC_JAVASCRIPT,PAGE_URL_AS_VALUE,REG_EXP_ITEM_RELATION,BY_ELE_TYPE,BY_ELE_VAL,BY_TAG_ATTRIBUTE,BY_TAG_ATTRIBUTE_VALUE_PLUS,PARSE_VALUE_REG_EXP,IS_DIRECT_GET_TEXT,USE_THIS_SETTING_URL_CHARACTOR) values (202,30,'DATA_XIU_HAO_CHI','JIAO_YI_SUCCESS_NUM','30天内成功的交易数量的数值',' ',' ',' ','DATA_TYPE_NUMBER','1',' ',0,0,' ',' ',' ',0,0,'Class_Name','J_TDealCount',' ',0,' ',1,' ');
Insert into DATACOLLECT.PARSE_ITEM (ID,PARSE_ID,SAVE_TO_TABLE,SAVE_TO_COLUMN,COLUMN_DESC,CHARACTOR,NOT_CHARACTOR,DEFAULT_VAL,DATA_TYPE,NUMBER_MULTIPLY_BY,DATE_FORMAT,IS_CHECK_REPEAT_COLUMN,IS_URL,SRC_REG_EXP,DEST_REG_EXP,EXEC_JAVASCRIPT,PAGE_URL_AS_VALUE,REG_EXP_ITEM_RELATION,BY_ELE_TYPE,BY_ELE_VAL,BY_TAG_ATTRIBUTE,BY_TAG_ATTRIBUTE_VALUE_PLUS,PARSE_VALUE_REG_EXP,IS_DIRECT_GET_TEXT,USE_THIS_SETTING_URL_CHARACTOR) values (203,30,'DATA_XIU_HAO_CHI','META_DESC','商品 meta description 信息',' ',' ',' ','DATA_TYPE_STRING',' ',' ',0,0,'欢迎前来淘宝网;',';',' ',0,1,'XPath','/html/head/meta[@name=''description'']','content',0,' ',0,' ');
Insert into DATACOLLECT.PARSE_ITEM (ID,PARSE_ID,SAVE_TO_TABLE,SAVE_TO_COLUMN,COLUMN_DESC,CHARACTOR,NOT_CHARACTOR,DEFAULT_VAL,DATA_TYPE,NUMBER_MULTIPLY_BY,DATE_FORMAT,IS_CHECK_REPEAT_COLUMN,IS_URL,SRC_REG_EXP,DEST_REG_EXP,EXEC_JAVASCRIPT,PAGE_URL_AS_VALUE,REG_EXP_ITEM_RELATION,BY_ELE_TYPE,BY_ELE_VAL,BY_TAG_ATTRIBUTE,BY_TAG_ATTRIBUTE_VALUE_PLUS,PARSE_VALUE_REG_EXP,IS_DIRECT_GET_TEXT,USE_THIS_SETTING_URL_CHARACTOR) values (204,30,'DATA_XIU_HAO_CHI','META_SEARCH_KEYWORD','商品 meta keyword 关键词信息',' ',' ',' ','DATA_TYPE_STRING',' ',' ',0,0,'淘宝,;掏宝,;网上购物,;店铺,;',';;;;',' ',0,1,'XPath','/html/head/meta[@name=''keywords'']','content',0,' ',0,' ');
Insert into DATACOLLECT.PARSE_ITEM (ID,PARSE_ID,SAVE_TO_TABLE,SAVE_TO_COLUMN,COLUMN_DESC,CHARACTOR,NOT_CHARACTOR,DEFAULT_VAL,DATA_TYPE,NUMBER_MULTIPLY_BY,DATE_FORMAT,IS_CHECK_REPEAT_COLUMN,IS_URL,SRC_REG_EXP,DEST_REG_EXP,EXEC_JAVASCRIPT,PAGE_URL_AS_VALUE,REG_EXP_ITEM_RELATION,BY_ELE_TYPE,BY_ELE_VAL,BY_TAG_ATTRIBUTE,BY_TAG_ATTRIBUTE_VALUE_PLUS,PARSE_VALUE_REG_EXP,IS_DIRECT_GET_TEXT,USE_THIS_SETTING_URL_CHARACTOR) values (205,30,'DATA_XIU_HAO_CHI','PING_FEN','商品评分',' ',' ',' ','DATA_TYPE_STRING',' ',' ',0,0,' ',' ',' ',0,0,'XPath','//*[@id="J_Stars"]/p/span[1]/em',' ',0,' ',1,' ');
Insert into DATACOLLECT.PARSE_ITEM (ID,PARSE_ID,SAVE_TO_TABLE,SAVE_TO_COLUMN,COLUMN_DESC,CHARACTOR,NOT_CHARACTOR,DEFAULT_VAL,DATA_TYPE,NUMBER_MULTIPLY_BY,DATE_FORMAT,IS_CHECK_REPEAT_COLUMN,IS_URL,SRC_REG_EXP,DEST_REG_EXP,EXEC_JAVASCRIPT,PAGE_URL_AS_VALUE,REG_EXP_ITEM_RELATION,BY_ELE_TYPE,BY_ELE_VAL,BY_TAG_ATTRIBUTE,BY_TAG_ATTRIBUTE_VALUE_PLUS,PARSE_VALUE_REG_EXP,IS_DIRECT_GET_TEXT,USE_THIS_SETTING_URL_CHARACTOR) values (206,30,'DATA_XIU_HAO_CHI','PING_FEN_NUM','商品评分数字表示',' ',' ',' ','DATA_TYPE_NUMBER',' ',' ',0,0,' ',' ',' ',0,0,'XPath','//*[@id="J_Stars"]/p/span[1]/em',' ',0,' ',1,' ');
Insert into DATACOLLECT.PARSE_ITEM (ID,PARSE_ID,SAVE_TO_TABLE,SAVE_TO_COLUMN,COLUMN_DESC,CHARACTOR,NOT_CHARACTOR,DEFAULT_VAL,DATA_TYPE,NUMBER_MULTIPLY_BY,DATE_FORMAT,IS_CHECK_REPEAT_COLUMN,IS_URL,SRC_REG_EXP,DEST_REG_EXP,EXEC_JAVASCRIPT,PAGE_URL_AS_VALUE,REG_EXP_ITEM_RELATION,BY_ELE_TYPE,BY_ELE_VAL,BY_TAG_ATTRIBUTE,BY_TAG_ATTRIBUTE_VALUE_PLUS,PARSE_VALUE_REG_EXP,IS_DIRECT_GET_TEXT,USE_THIS_SETTING_URL_CHARACTOR) values (207,30,'DATA_XIU_HAO_CHI','SHANG_PIN_LAI_YUAN','商品信息来源',' ',' ','1','DATA_TYPE_NUMBER',' ',' ',0,0,' ',' ',' ',0,0,'Id','qq',' ',0,' ',0,' ');
Insert into DATACOLLECT.PARSE_ITEM (ID,PARSE_ID,SAVE_TO_TABLE,SAVE_TO_COLUMN,COLUMN_DESC,CHARACTOR,NOT_CHARACTOR,DEFAULT_VAL,DATA_TYPE,NUMBER_MULTIPLY_BY,DATE_FORMAT,IS_CHECK_REPEAT_COLUMN,IS_URL,SRC_REG_EXP,DEST_REG_EXP,EXEC_JAVASCRIPT,PAGE_URL_AS_VALUE,REG_EXP_ITEM_RELATION,BY_ELE_TYPE,BY_ELE_VAL,BY_TAG_ATTRIBUTE,BY_TAG_ATTRIBUTE_VALUE_PLUS,PARSE_VALUE_REG_EXP,IS_DIRECT_GET_TEXT,USE_THIS_SETTING_URL_CHARACTOR) values (210,30,'DATA_XIU_HAO_CHI','SHOP_URL','店铺链接url',' ',' ',' ','DATA_TYPE_STRING',' ',' ',0,0,'spm=.*$',' ',' ',0,0,'XPath','//*[@id="mallLogo"]/span[2]/a','href',0,' ',0,' ');
Insert into DATACOLLECT.PARSE_ITEM (ID,PARSE_ID,SAVE_TO_TABLE,SAVE_TO_COLUMN,COLUMN_DESC,CHARACTOR,NOT_CHARACTOR,DEFAULT_VAL,DATA_TYPE,NUMBER_MULTIPLY_BY,DATE_FORMAT,IS_CHECK_REPEAT_COLUMN,IS_URL,SRC_REG_EXP,DEST_REG_EXP,EXEC_JAVASCRIPT,PAGE_URL_AS_VALUE,REG_EXP_ITEM_RELATION,BY_ELE_TYPE,BY_ELE_VAL,BY_TAG_ATTRIBUTE,BY_TAG_ATTRIBUTE_VALUE_PLUS,PARSE_VALUE_REG_EXP,IS_DIRECT_GET_TEXT,USE_THIS_SETTING_URL_CHARACTOR) values (211,30,'DATA_XIU_HAO_CHI','WANG_WANG_URL','掌柜旺旺链接地址',' ',' ',' ','DATA_TYPE_STRING','1',' ',0,0,'spm=(.)*&',' ',' ',0,0,'XPath','//*[@id="mallLogo"]/span[2]/span/a','href',0,' ',0,' ');
Insert into DATACOLLECT.PARSE_ITEM (ID,PARSE_ID,SAVE_TO_TABLE,SAVE_TO_COLUMN,COLUMN_DESC,CHARACTOR,NOT_CHARACTOR,DEFAULT_VAL,DATA_TYPE,NUMBER_MULTIPLY_BY,DATE_FORMAT,IS_CHECK_REPEAT_COLUMN,IS_URL,SRC_REG_EXP,DEST_REG_EXP,EXEC_JAVASCRIPT,PAGE_URL_AS_VALUE,REG_EXP_ITEM_RELATION,BY_ELE_TYPE,BY_ELE_VAL,BY_TAG_ATTRIBUTE,BY_TAG_ATTRIBUTE_VALUE_PLUS,PARSE_VALUE_REG_EXP,IS_DIRECT_GET_TEXT,USE_THIS_SETTING_URL_CHARACTOR) values (212,30,'DATA_XIU_HAO_CHI','PIN_PAI_ZHI_XIAO','是否是品牌直销',' ',' ',' ','DATA_TYPE_BOOLEAN','1',' ',0,0,' ',' ',' ',0,0,'XPath','//*[@id="mallLogo"]/span[2]/a/span',' ',0,' ',1,' ');
Insert into DATACOLLECT.PARSE_ITEM (ID,PARSE_ID,SAVE_TO_TABLE,SAVE_TO_COLUMN,COLUMN_DESC,CHARACTOR,NOT_CHARACTOR,DEFAULT_VAL,DATA_TYPE,NUMBER_MULTIPLY_BY,DATE_FORMAT,IS_CHECK_REPEAT_COLUMN,IS_URL,SRC_REG_EXP,DEST_REG_EXP,EXEC_JAVASCRIPT,PAGE_URL_AS_VALUE,REG_EXP_ITEM_RELATION,BY_ELE_TYPE,BY_ELE_VAL,BY_TAG_ATTRIBUTE,BY_TAG_ATTRIBUTE_VALUE_PLUS,PARSE_VALUE_REG_EXP,IS_DIRECT_GET_TEXT,USE_THIS_SETTING_URL_CHARACTOR) values (213,31,'DATA_XIU_HAO_CHI','BIAO_TI','商品标题',' ',' ',' ','DATA_TYPE_STRING',' ',' ',0,0,' ',' ',' ',0,0,'Id','name',' ',0,' ',1,' ');
Insert into DATACOLLECT.PARSE_ITEM (ID,PARSE_ID,SAVE_TO_TABLE,SAVE_TO_COLUMN,COLUMN_DESC,CHARACTOR,NOT_CHARACTOR,DEFAULT_VAL,DATA_TYPE,NUMBER_MULTIPLY_BY,DATE_FORMAT,IS_CHECK_REPEAT_COLUMN,IS_URL,SRC_REG_EXP,DEST_REG_EXP,EXEC_JAVASCRIPT,PAGE_URL_AS_VALUE,REG_EXP_ITEM_RELATION,BY_ELE_TYPE,BY_ELE_VAL,BY_TAG_ATTRIBUTE,BY_TAG_ATTRIBUTE_VALUE_PLUS,PARSE_VALUE_REG_EXP,IS_DIRECT_GET_TEXT,USE_THIS_SETTING_URL_CHARACTOR) values (215,31,'DATA_XIU_HAO_CHI','CU_XIAO_JIA_NUM','促销价数值表示',' ',' ',' ','DATA_TYPE_NUMBER',' ',' ',0,0,'￥',' ',' ',0,0,'Id','jd-price',' ',0,' ',1,' ');
Insert into DATACOLLECT.PARSE_ITEM (ID,PARSE_ID,SAVE_TO_TABLE,SAVE_TO_COLUMN,COLUMN_DESC,CHARACTOR,NOT_CHARACTOR,DEFAULT_VAL,DATA_TYPE,NUMBER_MULTIPLY_BY,DATE_FORMAT,IS_CHECK_REPEAT_COLUMN,IS_URL,SRC_REG_EXP,DEST_REG_EXP,EXEC_JAVASCRIPT,PAGE_URL_AS_VALUE,REG_EXP_ITEM_RELATION,BY_ELE_TYPE,BY_ELE_VAL,BY_TAG_ATTRIBUTE,BY_TAG_ATTRIBUTE_VALUE_PLUS,PARSE_VALUE_REG_EXP,IS_DIRECT_GET_TEXT,USE_THIS_SETTING_URL_CHARACTOR) values (220,31,'DATA_XIU_HAO_CHI','IMG_URL','图片链接url',' ',' ',' ','DATA_TYPE_STRING',' ',' ',0,0,' ',' ',' ',0,0,'XPath','//*[@id="spec-n1"]/img','src',0,' ',0,' ');
Insert into DATACOLLECT.PARSE_ITEM (ID,PARSE_ID,SAVE_TO_TABLE,SAVE_TO_COLUMN,COLUMN_DESC,CHARACTOR,NOT_CHARACTOR,DEFAULT_VAL,DATA_TYPE,NUMBER_MULTIPLY_BY,DATE_FORMAT,IS_CHECK_REPEAT_COLUMN,IS_URL,SRC_REG_EXP,DEST_REG_EXP,EXEC_JAVASCRIPT,PAGE_URL_AS_VALUE,REG_EXP_ITEM_RELATION,BY_ELE_TYPE,BY_ELE_VAL,BY_TAG_ATTRIBUTE,BY_TAG_ATTRIBUTE_VALUE_PLUS,PARSE_VALUE_REG_EXP,IS_DIRECT_GET_TEXT,USE_THIS_SETTING_URL_CHARACTOR) values (222,31,'DATA_XIU_HAO_CHI','JIA_GE','商品价格',' ',' ',' ','DATA_TYPE_STRING',' ',' ',0,0,'￥',' ',' ',0,0,'Id','jd-price',' ',0,' ',1,' ');
Insert into DATACOLLECT.PARSE_ITEM (ID,PARSE_ID,SAVE_TO_TABLE,SAVE_TO_COLUMN,COLUMN_DESC,CHARACTOR,NOT_CHARACTOR,DEFAULT_VAL,DATA_TYPE,NUMBER_MULTIPLY_BY,DATE_FORMAT,IS_CHECK_REPEAT_COLUMN,IS_URL,SRC_REG_EXP,DEST_REG_EXP,EXEC_JAVASCRIPT,PAGE_URL_AS_VALUE,REG_EXP_ITEM_RELATION,BY_ELE_TYPE,BY_ELE_VAL,BY_TAG_ATTRIBUTE,BY_TAG_ATTRIBUTE_VALUE_PLUS,PARSE_VALUE_REG_EXP,IS_DIRECT_GET_TEXT,USE_THIS_SETTING_URL_CHARACTOR) values (223,31,'DATA_XIU_HAO_CHI','JIA_GE_NUM','商品价格数字表示',' ',' ',' ','DATA_TYPE_NUMBER',' ',' ',0,0,'￥',' ',' ',0,0,'Id','jd-price',' ',0,' ',1,' ');
Insert into DATACOLLECT.PARSE_ITEM (ID,PARSE_ID,SAVE_TO_TABLE,SAVE_TO_COLUMN,COLUMN_DESC,CHARACTOR,NOT_CHARACTOR,DEFAULT_VAL,DATA_TYPE,NUMBER_MULTIPLY_BY,DATE_FORMAT,IS_CHECK_REPEAT_COLUMN,IS_URL,SRC_REG_EXP,DEST_REG_EXP,EXEC_JAVASCRIPT,PAGE_URL_AS_VALUE,REG_EXP_ITEM_RELATION,BY_ELE_TYPE,BY_ELE_VAL,BY_TAG_ATTRIBUTE,BY_TAG_ATTRIBUTE_VALUE_PLUS,PARSE_VALUE_REG_EXP,IS_DIRECT_GET_TEXT,USE_THIS_SETTING_URL_CHARACTOR) values (228,31,'DATA_XIU_HAO_CHI','META_DESC','商品 meta description 信息',' ',' ',' ','DATA_TYPE_STRING',' ',' ',0,0,' ',' ',' ',0,0,'XPath','/html/head/meta[@name=''description'']','content',0,' ',0,' ');
Insert into DATACOLLECT.PARSE_ITEM (ID,PARSE_ID,SAVE_TO_TABLE,SAVE_TO_COLUMN,COLUMN_DESC,CHARACTOR,NOT_CHARACTOR,DEFAULT_VAL,DATA_TYPE,NUMBER_MULTIPLY_BY,DATE_FORMAT,IS_CHECK_REPEAT_COLUMN,IS_URL,SRC_REG_EXP,DEST_REG_EXP,EXEC_JAVASCRIPT,PAGE_URL_AS_VALUE,REG_EXP_ITEM_RELATION,BY_ELE_TYPE,BY_ELE_VAL,BY_TAG_ATTRIBUTE,BY_TAG_ATTRIBUTE_VALUE_PLUS,PARSE_VALUE_REG_EXP,IS_DIRECT_GET_TEXT,USE_THIS_SETTING_URL_CHARACTOR) values (229,31,'DATA_XIU_HAO_CHI','META_SEARCH_KEYWORD','商品 meta keyword 关键词信息',' ',' ',' ','DATA_TYPE_STRING',' ',' ',0,0,' ',' ',' ',0,0,'XPath','/html/head/meta[@name=''keywords'']','content',0,' ',0,' ');
Insert into DATACOLLECT.PARSE_ITEM (ID,PARSE_ID,SAVE_TO_TABLE,SAVE_TO_COLUMN,COLUMN_DESC,CHARACTOR,NOT_CHARACTOR,DEFAULT_VAL,DATA_TYPE,NUMBER_MULTIPLY_BY,DATE_FORMAT,IS_CHECK_REPEAT_COLUMN,IS_URL,SRC_REG_EXP,DEST_REG_EXP,EXEC_JAVASCRIPT,PAGE_URL_AS_VALUE,REG_EXP_ITEM_RELATION,BY_ELE_TYPE,BY_ELE_VAL,BY_TAG_ATTRIBUTE,BY_TAG_ATTRIBUTE_VALUE_PLUS,PARSE_VALUE_REG_EXP,IS_DIRECT_GET_TEXT,USE_THIS_SETTING_URL_CHARACTOR) values (230,31,'DATA_XIU_HAO_CHI','SHANG_CHENG_PEI_SONG','是否商城配送商品，一般只有京东自己配送','京东',' ',' ','DATA_TYPE_BOOLEAN','1',' ',0,0,' ',' ',' ',0,0,'XPath','//*[@id="summary-service"]/div[2]',' ',0,' ',1,' ');
Insert into DATACOLLECT.PARSE_ITEM (ID,PARSE_ID,SAVE_TO_TABLE,SAVE_TO_COLUMN,COLUMN_DESC,CHARACTOR,NOT_CHARACTOR,DEFAULT_VAL,DATA_TYPE,NUMBER_MULTIPLY_BY,DATE_FORMAT,IS_CHECK_REPEAT_COLUMN,IS_URL,SRC_REG_EXP,DEST_REG_EXP,EXEC_JAVASCRIPT,PAGE_URL_AS_VALUE,REG_EXP_ITEM_RELATION,BY_ELE_TYPE,BY_ELE_VAL,BY_TAG_ATTRIBUTE,BY_TAG_ATTRIBUTE_VALUE_PLUS,PARSE_VALUE_REG_EXP,IS_DIRECT_GET_TEXT,USE_THIS_SETTING_URL_CHARACTOR) values (232,31,'DATA_XIU_HAO_CHI','PING_FEN_NUM','商品评分数字表示',' ',' ',' ','DATA_TYPE_NUMBER',' ',' ',0,0,'star sa',' ',' ',0,0,'XPath','//*[@id="summary-grade"]/div[2]/span','class',0,' ',0,' ');
Insert into DATACOLLECT.PARSE_ITEM (ID,PARSE_ID,SAVE_TO_TABLE,SAVE_TO_COLUMN,COLUMN_DESC,CHARACTOR,NOT_CHARACTOR,DEFAULT_VAL,DATA_TYPE,NUMBER_MULTIPLY_BY,DATE_FORMAT,IS_CHECK_REPEAT_COLUMN,IS_URL,SRC_REG_EXP,DEST_REG_EXP,EXEC_JAVASCRIPT,PAGE_URL_AS_VALUE,REG_EXP_ITEM_RELATION,BY_ELE_TYPE,BY_ELE_VAL,BY_TAG_ATTRIBUTE,BY_TAG_ATTRIBUTE_VALUE_PLUS,PARSE_VALUE_REG_EXP,IS_DIRECT_GET_TEXT,USE_THIS_SETTING_URL_CHARACTOR) values (233,31,'DATA_XIU_HAO_CHI','SHANG_PIN_LAI_YUAN','商品信息来源',' ',' ','3','DATA_TYPE_NUMBER',' ',' ',0,0,' ',' ',' ',0,0,'Id','qq',' ',0,' ',0,' ');
Insert into DATACOLLECT.PARSE_ITEM (ID,PARSE_ID,SAVE_TO_TABLE,SAVE_TO_COLUMN,COLUMN_DESC,CHARACTOR,NOT_CHARACTOR,DEFAULT_VAL,DATA_TYPE,NUMBER_MULTIPLY_BY,DATE_FORMAT,IS_CHECK_REPEAT_COLUMN,IS_URL,SRC_REG_EXP,DEST_REG_EXP,EXEC_JAVASCRIPT,PAGE_URL_AS_VALUE,REG_EXP_ITEM_RELATION,BY_ELE_TYPE,BY_ELE_VAL,BY_TAG_ATTRIBUTE,BY_TAG_ATTRIBUTE_VALUE_PLUS,PARSE_VALUE_REG_EXP,IS_DIRECT_GET_TEXT,USE_THIS_SETTING_URL_CHARACTOR) values (235,31,'DATA_XIU_HAO_CHI','SHOP_URL','店铺链接url',' ',' ','http://www.jd.com','DATA_TYPE_STRING',' ',' ',0,0,' ',' ',' ',0,0,'XPath','//*[@id="seller"]/dd/a','href',0,' ',0,' ');
Insert into DATACOLLECT.PARSE_ITEM (ID,PARSE_ID,SAVE_TO_TABLE,SAVE_TO_COLUMN,COLUMN_DESC,CHARACTOR,NOT_CHARACTOR,DEFAULT_VAL,DATA_TYPE,NUMBER_MULTIPLY_BY,DATE_FORMAT,IS_CHECK_REPEAT_COLUMN,IS_URL,SRC_REG_EXP,DEST_REG_EXP,EXEC_JAVASCRIPT,PAGE_URL_AS_VALUE,REG_EXP_ITEM_RELATION,BY_ELE_TYPE,BY_ELE_VAL,BY_TAG_ATTRIBUTE,BY_TAG_ATTRIBUTE_VALUE_PLUS,PARSE_VALUE_REG_EXP,IS_DIRECT_GET_TEXT,USE_THIS_SETTING_URL_CHARACTOR) values (237,31,'DATA_XIU_HAO_CHI','HAO_PING_LV_NUM','商品好评率数字表示',' ',' ',' ','DATA_TYPE_NUMBER','1',' ',0,0,'%',' ',' ',0,0,'XPath','//*[@id="i-comment"]/div[1]/strong',' ',0,' ',1,' ');
Insert into DATACOLLECT.PARSE_ITEM (ID,PARSE_ID,SAVE_TO_TABLE,SAVE_TO_COLUMN,COLUMN_DESC,CHARACTOR,NOT_CHARACTOR,DEFAULT_VAL,DATA_TYPE,NUMBER_MULTIPLY_BY,DATE_FORMAT,IS_CHECK_REPEAT_COLUMN,IS_URL,SRC_REG_EXP,DEST_REG_EXP,EXEC_JAVASCRIPT,PAGE_URL_AS_VALUE,REG_EXP_ITEM_RELATION,BY_ELE_TYPE,BY_ELE_VAL,BY_TAG_ATTRIBUTE,BY_TAG_ATTRIBUTE_VALUE_PLUS,PARSE_VALUE_REG_EXP,IS_DIRECT_GET_TEXT,USE_THIS_SETTING_URL_CHARACTOR) values (238,31,'DATA_XIU_HAO_CHI','FEN_LEI','商品分类信息',' ',' ',' ','DATA_TYPE_STRING','1',' ',0,0,' ',' ',' ',0,0,'XPath','/html/body/div[4]/div/span',' ',0,' ',1,' ');
Insert into DATACOLLECT.PARSE_ITEM (ID,PARSE_ID,SAVE_TO_TABLE,SAVE_TO_COLUMN,COLUMN_DESC,CHARACTOR,NOT_CHARACTOR,DEFAULT_VAL,DATA_TYPE,NUMBER_MULTIPLY_BY,DATE_FORMAT,IS_CHECK_REPEAT_COLUMN,IS_URL,SRC_REG_EXP,DEST_REG_EXP,EXEC_JAVASCRIPT,PAGE_URL_AS_VALUE,REG_EXP_ITEM_RELATION,BY_ELE_TYPE,BY_ELE_VAL,BY_TAG_ATTRIBUTE,BY_TAG_ATTRIBUTE_VALUE_PLUS,PARSE_VALUE_REG_EXP,IS_DIRECT_GET_TEXT,USE_THIS_SETTING_URL_CHARACTOR) values (401,46,'DATA_XIU_HAO_CHI','BIAO_TI','商品标题',' ',' ',' ','DATA_TYPE_STRING',' ',' ',0,0,' ',' ',' ',0,0,'XPath','//*[@id="main_bd"]/div[2]/div[1]/h1',' ',0,' ',1,' ');
Insert into DATACOLLECT.PARSE_ITEM (ID,PARSE_ID,SAVE_TO_TABLE,SAVE_TO_COLUMN,COLUMN_DESC,CHARACTOR,NOT_CHARACTOR,DEFAULT_VAL,DATA_TYPE,NUMBER_MULTIPLY_BY,DATE_FORMAT,IS_CHECK_REPEAT_COLUMN,IS_URL,SRC_REG_EXP,DEST_REG_EXP,EXEC_JAVASCRIPT,PAGE_URL_AS_VALUE,REG_EXP_ITEM_RELATION,BY_ELE_TYPE,BY_ELE_VAL,BY_TAG_ATTRIBUTE,BY_TAG_ATTRIBUTE_VALUE_PLUS,PARSE_VALUE_REG_EXP,IS_DIRECT_GET_TEXT,USE_THIS_SETTING_URL_CHARACTOR) values (403,46,'DATA_XIU_HAO_CHI','CU_XIAO_JIA_NUM','促销价数值表示',' ',' ',' ','DATA_TYPE_NUMBER',' ',' ',0,0,'-.*$;?',' ',' ',1,1,'Id','promo_price',' ',0,' ',1,' ');
Insert into DATACOLLECT.PARSE_ITEM (ID,PARSE_ID,SAVE_TO_TABLE,SAVE_TO_COLUMN,COLUMN_DESC,CHARACTOR,NOT_CHARACTOR,DEFAULT_VAL,DATA_TYPE,NUMBER_MULTIPLY_BY,DATE_FORMAT,IS_CHECK_REPEAT_COLUMN,IS_URL,SRC_REG_EXP,DEST_REG_EXP,EXEC_JAVASCRIPT,PAGE_URL_AS_VALUE,REG_EXP_ITEM_RELATION,BY_ELE_TYPE,BY_ELE_VAL,BY_TAG_ATTRIBUTE,BY_TAG_ATTRIBUTE_VALUE_PLUS,PARSE_VALUE_REG_EXP,IS_DIRECT_GET_TEXT,USE_THIS_SETTING_URL_CHARACTOR) values (406,46,'DATA_XIU_HAO_CHI','HAO_PING_LV','店铺好评率',' ',' ',' ','DATA_TYPE_STRING','1',' ',0,0,' ',' ',' ',0,0,'XPath','//*[@id="comm_num_up"]/i',' ',0,' ',1,' ');
Insert into DATACOLLECT.PARSE_ITEM (ID,PARSE_ID,SAVE_TO_TABLE,SAVE_TO_COLUMN,COLUMN_DESC,CHARACTOR,NOT_CHARACTOR,DEFAULT_VAL,DATA_TYPE,NUMBER_MULTIPLY_BY,DATE_FORMAT,IS_CHECK_REPEAT_COLUMN,IS_URL,SRC_REG_EXP,DEST_REG_EXP,EXEC_JAVASCRIPT,PAGE_URL_AS_VALUE,REG_EXP_ITEM_RELATION,BY_ELE_TYPE,BY_ELE_VAL,BY_TAG_ATTRIBUTE,BY_TAG_ATTRIBUTE_VALUE_PLUS,PARSE_VALUE_REG_EXP,IS_DIRECT_GET_TEXT,USE_THIS_SETTING_URL_CHARACTOR) values (408,46,'DATA_XIU_HAO_CHI','IMG_URL','图片链接url',' ',' ',' ','DATA_TYPE_STRING',' ',' ',0,0,' ',' ',' ',0,0,'Id','largePic','src',0,' ',0,' ');
Insert into DATACOLLECT.PARSE_ITEM (ID,PARSE_ID,SAVE_TO_TABLE,SAVE_TO_COLUMN,COLUMN_DESC,CHARACTOR,NOT_CHARACTOR,DEFAULT_VAL,DATA_TYPE,NUMBER_MULTIPLY_BY,DATE_FORMAT,IS_CHECK_REPEAT_COLUMN,IS_URL,SRC_REG_EXP,DEST_REG_EXP,EXEC_JAVASCRIPT,PAGE_URL_AS_VALUE,REG_EXP_ITEM_RELATION,BY_ELE_TYPE,BY_ELE_VAL,BY_TAG_ATTRIBUTE,BY_TAG_ATTRIBUTE_VALUE_PLUS,PARSE_VALUE_REG_EXP,IS_DIRECT_GET_TEXT,USE_THIS_SETTING_URL_CHARACTOR) values (409,46,'DATA_XIU_HAO_CHI','ITEM_URL','商品链接url',' ',' ',' ','DATA_TYPE_STRING',' ',' ',1,0,' ',' ',' ',1,0,'Id','qq',' ',0,' ',0,' ');
Insert into DATACOLLECT.PARSE_ITEM (ID,PARSE_ID,SAVE_TO_TABLE,SAVE_TO_COLUMN,COLUMN_DESC,CHARACTOR,NOT_CHARACTOR,DEFAULT_VAL,DATA_TYPE,NUMBER_MULTIPLY_BY,DATE_FORMAT,IS_CHECK_REPEAT_COLUMN,IS_URL,SRC_REG_EXP,DEST_REG_EXP,EXEC_JAVASCRIPT,PAGE_URL_AS_VALUE,REG_EXP_ITEM_RELATION,BY_ELE_TYPE,BY_ELE_VAL,BY_TAG_ATTRIBUTE,BY_TAG_ATTRIBUTE_VALUE_PLUS,PARSE_VALUE_REG_EXP,IS_DIRECT_GET_TEXT,USE_THIS_SETTING_URL_CHARACTOR) values (410,46,'DATA_XIU_HAO_CHI','JIA_GE','商品价格',' ',' ',' ','DATA_TYPE_STRING',' ',' ',0,0,' ',' ',' ',0,0,'Id','salePriceTag',' ',0,' ',1,' ');
Insert into DATACOLLECT.PARSE_ITEM (ID,PARSE_ID,SAVE_TO_TABLE,SAVE_TO_COLUMN,COLUMN_DESC,CHARACTOR,NOT_CHARACTOR,DEFAULT_VAL,DATA_TYPE,NUMBER_MULTIPLY_BY,DATE_FORMAT,IS_CHECK_REPEAT_COLUMN,IS_URL,SRC_REG_EXP,DEST_REG_EXP,EXEC_JAVASCRIPT,PAGE_URL_AS_VALUE,REG_EXP_ITEM_RELATION,BY_ELE_TYPE,BY_ELE_VAL,BY_TAG_ATTRIBUTE,BY_TAG_ATTRIBUTE_VALUE_PLUS,PARSE_VALUE_REG_EXP,IS_DIRECT_GET_TEXT,USE_THIS_SETTING_URL_CHARACTOR) values (414,46,'DATA_XIU_HAO_CHI','JIAO_YI_SUCCESS','30天内成功的交易数量',' ',' ',' ','DATA_TYPE_STRING','1',' ',0,0,' ',' ',' ',0,0,'XPath','//*[@id="main_bd"]/div[2]/div[2]/div[2]/p[2]/i',' ',0,' ',1,' ');
Insert into DATACOLLECT.PARSE_ITEM (ID,PARSE_ID,SAVE_TO_TABLE,SAVE_TO_COLUMN,COLUMN_DESC,CHARACTOR,NOT_CHARACTOR,DEFAULT_VAL,DATA_TYPE,NUMBER_MULTIPLY_BY,DATE_FORMAT,IS_CHECK_REPEAT_COLUMN,IS_URL,SRC_REG_EXP,DEST_REG_EXP,EXEC_JAVASCRIPT,PAGE_URL_AS_VALUE,REG_EXP_ITEM_RELATION,BY_ELE_TYPE,BY_ELE_VAL,BY_TAG_ATTRIBUTE,BY_TAG_ATTRIBUTE_VALUE_PLUS,PARSE_VALUE_REG_EXP,IS_DIRECT_GET_TEXT,USE_THIS_SETTING_URL_CHARACTOR) values (415,46,'DATA_XIU_HAO_CHI','JIAO_YI_SUCCESS_NUM','30天内成功的交易数量的数值',' ',' ',' ','DATA_TYPE_NUMBER','1',' ',0,0,' ',' ',' ',0,0,'XPath','//*[@id="main_bd"]/div[2]/div[2]/div[2]/p[2]/i',' ',0,' ',1,' ');
Insert into DATACOLLECT.PARSE_ITEM (ID,PARSE_ID,SAVE_TO_TABLE,SAVE_TO_COLUMN,COLUMN_DESC,CHARACTOR,NOT_CHARACTOR,DEFAULT_VAL,DATA_TYPE,NUMBER_MULTIPLY_BY,DATE_FORMAT,IS_CHECK_REPEAT_COLUMN,IS_URL,SRC_REG_EXP,DEST_REG_EXP,EXEC_JAVASCRIPT,PAGE_URL_AS_VALUE,REG_EXP_ITEM_RELATION,BY_ELE_TYPE,BY_ELE_VAL,BY_TAG_ATTRIBUTE,BY_TAG_ATTRIBUTE_VALUE_PLUS,PARSE_VALUE_REG_EXP,IS_DIRECT_GET_TEXT,USE_THIS_SETTING_URL_CHARACTOR) values (416,46,' ','META_DESC','商品 meta description 信息',' ',' ',' ','DATA_TYPE_STRING',' ',' ',0,0,'欢迎前来淘宝网;',';',' ',0,1,'XPath','/html/head/meta[@name=''description'']','content',0,' ',0,' ');
Insert into DATACOLLECT.PARSE_ITEM (ID,PARSE_ID,SAVE_TO_TABLE,SAVE_TO_COLUMN,COLUMN_DESC,CHARACTOR,NOT_CHARACTOR,DEFAULT_VAL,DATA_TYPE,NUMBER_MULTIPLY_BY,DATE_FORMAT,IS_CHECK_REPEAT_COLUMN,IS_URL,SRC_REG_EXP,DEST_REG_EXP,EXEC_JAVASCRIPT,PAGE_URL_AS_VALUE,REG_EXP_ITEM_RELATION,BY_ELE_TYPE,BY_ELE_VAL,BY_TAG_ATTRIBUTE,BY_TAG_ATTRIBUTE_VALUE_PLUS,PARSE_VALUE_REG_EXP,IS_DIRECT_GET_TEXT,USE_THIS_SETTING_URL_CHARACTOR) values (417,46,' ','META_SEARCH_KEYWORD','商品 meta keyword 关键词信息',' ',' ',' ','DATA_TYPE_STRING',' ',' ',0,0,'淘宝,;掏宝,;网上购物,;店铺,;',';;;;',' ',0,1,'XPath','/html/head/meta[@name=''keywords'']','content',0,' ',0,' ');
Insert into DATACOLLECT.PARSE_ITEM (ID,PARSE_ID,SAVE_TO_TABLE,SAVE_TO_COLUMN,COLUMN_DESC,CHARACTOR,NOT_CHARACTOR,DEFAULT_VAL,DATA_TYPE,NUMBER_MULTIPLY_BY,DATE_FORMAT,IS_CHECK_REPEAT_COLUMN,IS_URL,SRC_REG_EXP,DEST_REG_EXP,EXEC_JAVASCRIPT,PAGE_URL_AS_VALUE,REG_EXP_ITEM_RELATION,BY_ELE_TYPE,BY_ELE_VAL,BY_TAG_ATTRIBUTE,BY_TAG_ATTRIBUTE_VALUE_PLUS,PARSE_VALUE_REG_EXP,IS_DIRECT_GET_TEXT,USE_THIS_SETTING_URL_CHARACTOR) values (418,46,'DATA_XIU_HAO_CHI','PING_FEN','商品评分',' ',' ',' ','DATA_TYPE_STRING',' ',' ',0,0,'starlevel s',' ',' ',0,0,'XPath','//*[@id="main_bd"]/div[2]/div[2]/div[2]/div[3]/p[3]/span[1]','class',0,' ',0,' ');
Insert into DATACOLLECT.PARSE_ITEM (ID,PARSE_ID,SAVE_TO_TABLE,SAVE_TO_COLUMN,COLUMN_DESC,CHARACTOR,NOT_CHARACTOR,DEFAULT_VAL,DATA_TYPE,NUMBER_MULTIPLY_BY,DATE_FORMAT,IS_CHECK_REPEAT_COLUMN,IS_URL,SRC_REG_EXP,DEST_REG_EXP,EXEC_JAVASCRIPT,PAGE_URL_AS_VALUE,REG_EXP_ITEM_RELATION,BY_ELE_TYPE,BY_ELE_VAL,BY_TAG_ATTRIBUTE,BY_TAG_ATTRIBUTE_VALUE_PLUS,PARSE_VALUE_REG_EXP,IS_DIRECT_GET_TEXT,USE_THIS_SETTING_URL_CHARACTOR) values (419,46,'DATA_XIU_HAO_CHI','PING_FEN_NUM','商品评分数字表示',' ',' ',' ','DATA_TYPE_NUMBER',' ',' ',0,0,'starlevel s',' ',' ',0,0,'XPath','//*[@id="main_bd"]/div[2]/div[2]/div[2]/div[3]/p[3]/span[1]','class',0,' ',0,' ');
Insert into DATACOLLECT.PARSE_ITEM (ID,PARSE_ID,SAVE_TO_TABLE,SAVE_TO_COLUMN,COLUMN_DESC,CHARACTOR,NOT_CHARACTOR,DEFAULT_VAL,DATA_TYPE,NUMBER_MULTIPLY_BY,DATE_FORMAT,IS_CHECK_REPEAT_COLUMN,IS_URL,SRC_REG_EXP,DEST_REG_EXP,EXEC_JAVASCRIPT,PAGE_URL_AS_VALUE,REG_EXP_ITEM_RELATION,BY_ELE_TYPE,BY_ELE_VAL,BY_TAG_ATTRIBUTE,BY_TAG_ATTRIBUTE_VALUE_PLUS,PARSE_VALUE_REG_EXP,IS_DIRECT_GET_TEXT,USE_THIS_SETTING_URL_CHARACTOR) values (420,46,'DATA_XIU_HAO_CHI','SHANG_PIN_LAI_YUAN','商品信息来源',' ',' ','4','DATA_TYPE_STRING',' ',' ',0,0,' ',' ',' ',0,0,'Id','qq',' ',0,' ',0,' ');
Insert into DATACOLLECT.PARSE_ITEM (ID,PARSE_ID,SAVE_TO_TABLE,SAVE_TO_COLUMN,COLUMN_DESC,CHARACTOR,NOT_CHARACTOR,DEFAULT_VAL,DATA_TYPE,NUMBER_MULTIPLY_BY,DATE_FORMAT,IS_CHECK_REPEAT_COLUMN,IS_URL,SRC_REG_EXP,DEST_REG_EXP,EXEC_JAVASCRIPT,PAGE_URL_AS_VALUE,REG_EXP_ITEM_RELATION,BY_ELE_TYPE,BY_ELE_VAL,BY_TAG_ATTRIBUTE,BY_TAG_ATTRIBUTE_VALUE_PLUS,PARSE_VALUE_REG_EXP,IS_DIRECT_GET_TEXT,USE_THIS_SETTING_URL_CHARACTOR) values (422,46,'DATA_XIU_HAO_CHI','SHOP_NAME','店铺名称',' ',' ',' ','DATA_TYPE_STRING',' ',' ',0,0,' ',' ',' ',0,0,'XPath','//*[@id="main_bd"]/div[2]/div[2]/div[2]/div[1]/a[1]',' ',0,' ',1,' ');
Insert into DATACOLLECT.PARSE_ITEM (ID,PARSE_ID,SAVE_TO_TABLE,SAVE_TO_COLUMN,COLUMN_DESC,CHARACTOR,NOT_CHARACTOR,DEFAULT_VAL,DATA_TYPE,NUMBER_MULTIPLY_BY,DATE_FORMAT,IS_CHECK_REPEAT_COLUMN,IS_URL,SRC_REG_EXP,DEST_REG_EXP,EXEC_JAVASCRIPT,PAGE_URL_AS_VALUE,REG_EXP_ITEM_RELATION,BY_ELE_TYPE,BY_ELE_VAL,BY_TAG_ATTRIBUTE,BY_TAG_ATTRIBUTE_VALUE_PLUS,PARSE_VALUE_REG_EXP,IS_DIRECT_GET_TEXT,USE_THIS_SETTING_URL_CHARACTOR) values (423,46,'DATA_XIU_HAO_CHI','SHOP_URL','店铺链接url',' ',' ',' ','DATA_TYPE_STRING',' ',' ',0,0,' ',' ',' ',0,0,'XPath','//*[@id="main_bd"]/div[2]/div[2]/div[2]/div[1]/a[1]','href',0,' ',0,' ');
Insert into DATACOLLECT.PARSE_ITEM (ID,PARSE_ID,SAVE_TO_TABLE,SAVE_TO_COLUMN,COLUMN_DESC,CHARACTOR,NOT_CHARACTOR,DEFAULT_VAL,DATA_TYPE,NUMBER_MULTIPLY_BY,DATE_FORMAT,IS_CHECK_REPEAT_COLUMN,IS_URL,SRC_REG_EXP,DEST_REG_EXP,EXEC_JAVASCRIPT,PAGE_URL_AS_VALUE,REG_EXP_ITEM_RELATION,BY_ELE_TYPE,BY_ELE_VAL,BY_TAG_ATTRIBUTE,BY_TAG_ATTRIBUTE_VALUE_PLUS,PARSE_VALUE_REG_EXP,IS_DIRECT_GET_TEXT,USE_THIS_SETTING_URL_CHARACTOR) values (425,46,'DATA_XIU_HAO_CHI','FEN_LEI','商品分类信息',' ',' ',' ','DATA_TYPE_STRING','1',' ',0,0,' ',' ',' ',0,0,'XPath','//*[@id="main_bd"]/div[1]',' ',0,' ',1,' ');
Insert into DATACOLLECT.PARSE_ITEM (ID,PARSE_ID,SAVE_TO_TABLE,SAVE_TO_COLUMN,COLUMN_DESC,CHARACTOR,NOT_CHARACTOR,DEFAULT_VAL,DATA_TYPE,NUMBER_MULTIPLY_BY,DATE_FORMAT,IS_CHECK_REPEAT_COLUMN,IS_URL,SRC_REG_EXP,DEST_REG_EXP,EXEC_JAVASCRIPT,PAGE_URL_AS_VALUE,REG_EXP_ITEM_RELATION,BY_ELE_TYPE,BY_ELE_VAL,BY_TAG_ATTRIBUTE,BY_TAG_ATTRIBUTE_VALUE_PLUS,PARSE_VALUE_REG_EXP,IS_DIRECT_GET_TEXT,USE_THIS_SETTING_URL_CHARACTOR) values (426,30,'DATA_XIU_HAO_CHI','SONG_JI_FEN_NUM','商城送的积分多少数值',' ',' ',' ','DATA_TYPE_NUMBER','1',' ',0,0,' ',' ',' ',0,0,'Id','J_EmPoint',' ',0,' ',1,' ');
Insert into DATACOLLECT.PARSE_ITEM (ID,PARSE_ID,SAVE_TO_TABLE,SAVE_TO_COLUMN,COLUMN_DESC,CHARACTOR,NOT_CHARACTOR,DEFAULT_VAL,DATA_TYPE,NUMBER_MULTIPLY_BY,DATE_FORMAT,IS_CHECK_REPEAT_COLUMN,IS_URL,SRC_REG_EXP,DEST_REG_EXP,EXEC_JAVASCRIPT,PAGE_URL_AS_VALUE,REG_EXP_ITEM_RELATION,BY_ELE_TYPE,BY_ELE_VAL,BY_TAG_ATTRIBUTE,BY_TAG_ATTRIBUTE_VALUE_PLUS,PARSE_VALUE_REG_EXP,IS_DIRECT_GET_TEXT,USE_THIS_SETTING_URL_CHARACTOR) values (427,30,'DATA_XIU_HAO_CHI','SONG_JI_FEN','商城针对该商品送的积分字符串表达',' ',' ',' ','DATA_TYPE_STRING','1',' ',0,0,' ',' ',' ',0,0,'XPath','//*[@id="J_DetailMeta"]/div[1]/div/ul[2]/li/ul/li[1]',' ',0,' ',1,' ');
Insert into DATACOLLECT.PARSE_ITEM (ID,PARSE_ID,SAVE_TO_TABLE,SAVE_TO_COLUMN,COLUMN_DESC,CHARACTOR,NOT_CHARACTOR,DEFAULT_VAL,DATA_TYPE,NUMBER_MULTIPLY_BY,DATE_FORMAT,IS_CHECK_REPEAT_COLUMN,IS_URL,SRC_REG_EXP,DEST_REG_EXP,EXEC_JAVASCRIPT,PAGE_URL_AS_VALUE,REG_EXP_ITEM_RELATION,BY_ELE_TYPE,BY_ELE_VAL,BY_TAG_ATTRIBUTE,BY_TAG_ATTRIBUTE_VALUE_PLUS,PARSE_VALUE_REG_EXP,IS_DIRECT_GET_TEXT,USE_THIS_SETTING_URL_CHARACTOR) values (428,47,'data_xiu_hao_chi','biao_ti','商品标题',null,null,null,'DATA_TYPE_STRING',null,null,0,0,'C我买网',null,null,0,0,'XPath','/html/head/title',null,0,null,1,null);
Insert into DATACOLLECT.PARSE_ITEM (ID,PARSE_ID,SAVE_TO_TABLE,SAVE_TO_COLUMN,COLUMN_DESC,CHARACTOR,NOT_CHARACTOR,DEFAULT_VAL,DATA_TYPE,NUMBER_MULTIPLY_BY,DATE_FORMAT,IS_CHECK_REPEAT_COLUMN,IS_URL,SRC_REG_EXP,DEST_REG_EXP,EXEC_JAVASCRIPT,PAGE_URL_AS_VALUE,REG_EXP_ITEM_RELATION,BY_ELE_TYPE,BY_ELE_VAL,BY_TAG_ATTRIBUTE,BY_TAG_ATTRIBUTE_VALUE_PLUS,PARSE_VALUE_REG_EXP,IS_DIRECT_GET_TEXT,USE_THIS_SETTING_URL_CHARACTOR) values (429,47,'data_xiu_hao_chi','cu_xiao_jia','促销价',null,null,null,'DATA_TYPE_STRING',null,null,0,0,null,null,null,0,0,'Id','VIPPrice',null,0,null,1,null);
Insert into DATACOLLECT.PARSE_ITEM (ID,PARSE_ID,SAVE_TO_TABLE,SAVE_TO_COLUMN,COLUMN_DESC,CHARACTOR,NOT_CHARACTOR,DEFAULT_VAL,DATA_TYPE,NUMBER_MULTIPLY_BY,DATE_FORMAT,IS_CHECK_REPEAT_COLUMN,IS_URL,SRC_REG_EXP,DEST_REG_EXP,EXEC_JAVASCRIPT,PAGE_URL_AS_VALUE,REG_EXP_ITEM_RELATION,BY_ELE_TYPE,BY_ELE_VAL,BY_TAG_ATTRIBUTE,BY_TAG_ATTRIBUTE_VALUE_PLUS,PARSE_VALUE_REG_EXP,IS_DIRECT_GET_TEXT,USE_THIS_SETTING_URL_CHARACTOR) values (430,47,'data_xiu_hao_chi','cu_xiao_jia_num','促销价数值表示',null,null,null,'DATA_TYPE_NUMBER',null,null,0,0,'?;￥',null,null,0,1,'Id','VIPPrice',null,0,null,1,null);
Insert into DATACOLLECT.PARSE_ITEM (ID,PARSE_ID,SAVE_TO_TABLE,SAVE_TO_COLUMN,COLUMN_DESC,CHARACTOR,NOT_CHARACTOR,DEFAULT_VAL,DATA_TYPE,NUMBER_MULTIPLY_BY,DATE_FORMAT,IS_CHECK_REPEAT_COLUMN,IS_URL,SRC_REG_EXP,DEST_REG_EXP,EXEC_JAVASCRIPT,PAGE_URL_AS_VALUE,REG_EXP_ITEM_RELATION,BY_ELE_TYPE,BY_ELE_VAL,BY_TAG_ATTRIBUTE,BY_TAG_ATTRIBUTE_VALUE_PLUS,PARSE_VALUE_REG_EXP,IS_DIRECT_GET_TEXT,USE_THIS_SETTING_URL_CHARACTOR) values (433,47,'data_xiu_hao_chi','hao_ping_lv','店铺好评率',null,null,null,'DATA_TYPE_STRING','1',null,0,0,null,null,null,0,0,'XPath','//*[@id=remark]/div[2]/div[1]/div/div[5]/div[3]',null,0,null,1,null);
Insert into DATACOLLECT.PARSE_ITEM (ID,PARSE_ID,SAVE_TO_TABLE,SAVE_TO_COLUMN,COLUMN_DESC,CHARACTOR,NOT_CHARACTOR,DEFAULT_VAL,DATA_TYPE,NUMBER_MULTIPLY_BY,DATE_FORMAT,IS_CHECK_REPEAT_COLUMN,IS_URL,SRC_REG_EXP,DEST_REG_EXP,EXEC_JAVASCRIPT,PAGE_URL_AS_VALUE,REG_EXP_ITEM_RELATION,BY_ELE_TYPE,BY_ELE_VAL,BY_TAG_ATTRIBUTE,BY_TAG_ATTRIBUTE_VALUE_PLUS,PARSE_VALUE_REG_EXP,IS_DIRECT_GET_TEXT,USE_THIS_SETTING_URL_CHARACTOR) values (434,47,'data_xiu_hao_chi','hao_ping_lv_num','店铺好评率数值',null,null,null,'DATA_TYPE_NUMBER','1',null,0,0,null,null,null,0,0,'XPath','//*[@id=remark]/div[2]/div[1]/div/div[5]/div[3]/span',null,0,null,1,null);
Insert into DATACOLLECT.PARSE_ITEM (ID,PARSE_ID,SAVE_TO_TABLE,SAVE_TO_COLUMN,COLUMN_DESC,CHARACTOR,NOT_CHARACTOR,DEFAULT_VAL,DATA_TYPE,NUMBER_MULTIPLY_BY,DATE_FORMAT,IS_CHECK_REPEAT_COLUMN,IS_URL,SRC_REG_EXP,DEST_REG_EXP,EXEC_JAVASCRIPT,PAGE_URL_AS_VALUE,REG_EXP_ITEM_RELATION,BY_ELE_TYPE,BY_ELE_VAL,BY_TAG_ATTRIBUTE,BY_TAG_ATTRIBUTE_VALUE_PLUS,PARSE_VALUE_REG_EXP,IS_DIRECT_GET_TEXT,USE_THIS_SETTING_URL_CHARACTOR) values (435,47,'data_xiu_hao_chi','img_url','图片链接url',null,null,null,'DATA_TYPE_STRING',null,null,0,0,null,null,null,0,0,'XPath','//*[@id=preview]/span/img;//*[@id=midImg_0]/img','src',0,null,0,null);
Insert into DATACOLLECT.PARSE_ITEM (ID,PARSE_ID,SAVE_TO_TABLE,SAVE_TO_COLUMN,COLUMN_DESC,CHARACTOR,NOT_CHARACTOR,DEFAULT_VAL,DATA_TYPE,NUMBER_MULTIPLY_BY,DATE_FORMAT,IS_CHECK_REPEAT_COLUMN,IS_URL,SRC_REG_EXP,DEST_REG_EXP,EXEC_JAVASCRIPT,PAGE_URL_AS_VALUE,REG_EXP_ITEM_RELATION,BY_ELE_TYPE,BY_ELE_VAL,BY_TAG_ATTRIBUTE,BY_TAG_ATTRIBUTE_VALUE_PLUS,PARSE_VALUE_REG_EXP,IS_DIRECT_GET_TEXT,USE_THIS_SETTING_URL_CHARACTOR) values (436,47,'data_xiu_hao_chi','item_url','商品链接url',null,null,null,'DATA_TYPE_STRING',null,null,1,0,null,null,null,1,0,'Id','qq',null,0,null,0,null);
Insert into DATACOLLECT.PARSE_ITEM (ID,PARSE_ID,SAVE_TO_TABLE,SAVE_TO_COLUMN,COLUMN_DESC,CHARACTOR,NOT_CHARACTOR,DEFAULT_VAL,DATA_TYPE,NUMBER_MULTIPLY_BY,DATE_FORMAT,IS_CHECK_REPEAT_COLUMN,IS_URL,SRC_REG_EXP,DEST_REG_EXP,EXEC_JAVASCRIPT,PAGE_URL_AS_VALUE,REG_EXP_ITEM_RELATION,BY_ELE_TYPE,BY_ELE_VAL,BY_TAG_ATTRIBUTE,BY_TAG_ATTRIBUTE_VALUE_PLUS,PARSE_VALUE_REG_EXP,IS_DIRECT_GET_TEXT,USE_THIS_SETTING_URL_CHARACTOR) values (437,47,'data_xiu_hao_chi','jia_ge','商品价格',null,null,null,'DATA_TYPE_STRING',null,null,0,0,null,null,null,0,0,'Id','buyPrice',null,0,null,1,null);
Insert into DATACOLLECT.PARSE_ITEM (ID,PARSE_ID,SAVE_TO_TABLE,SAVE_TO_COLUMN,COLUMN_DESC,CHARACTOR,NOT_CHARACTOR,DEFAULT_VAL,DATA_TYPE,NUMBER_MULTIPLY_BY,DATE_FORMAT,IS_CHECK_REPEAT_COLUMN,IS_URL,SRC_REG_EXP,DEST_REG_EXP,EXEC_JAVASCRIPT,PAGE_URL_AS_VALUE,REG_EXP_ITEM_RELATION,BY_ELE_TYPE,BY_ELE_VAL,BY_TAG_ATTRIBUTE,BY_TAG_ATTRIBUTE_VALUE_PLUS,PARSE_VALUE_REG_EXP,IS_DIRECT_GET_TEXT,USE_THIS_SETTING_URL_CHARACTOR) values (438,47,'data_xiu_hao_chi','jia_ge_num','商品价格数字表示',null,null,null,'DATA_TYPE_NUMBER',null,null,0,0,'?',null,null,0,1,'Id','buyPrice',null,0,null,1,null);
Insert into DATACOLLECT.PARSE_ITEM (ID,PARSE_ID,SAVE_TO_TABLE,SAVE_TO_COLUMN,COLUMN_DESC,CHARACTOR,NOT_CHARACTOR,DEFAULT_VAL,DATA_TYPE,NUMBER_MULTIPLY_BY,DATE_FORMAT,IS_CHECK_REPEAT_COLUMN,IS_URL,SRC_REG_EXP,DEST_REG_EXP,EXEC_JAVASCRIPT,PAGE_URL_AS_VALUE,REG_EXP_ITEM_RELATION,BY_ELE_TYPE,BY_ELE_VAL,BY_TAG_ATTRIBUTE,BY_TAG_ATTRIBUTE_VALUE_PLUS,PARSE_VALUE_REG_EXP,IS_DIRECT_GET_TEXT,USE_THIS_SETTING_URL_CHARACTOR) values (443,47,'data_xiu_hao_chi','meta_desc','商品 meta description 信息',null,null,null,'DATA_TYPE_STRING',null,null,0,0,null,null,null,0,1,'XPath','/html/head/meta[@name=''description'']','content',0,null,0,null);
Insert into DATACOLLECT.PARSE_ITEM (ID,PARSE_ID,SAVE_TO_TABLE,SAVE_TO_COLUMN,COLUMN_DESC,CHARACTOR,NOT_CHARACTOR,DEFAULT_VAL,DATA_TYPE,NUMBER_MULTIPLY_BY,DATE_FORMAT,IS_CHECK_REPEAT_COLUMN,IS_URL,SRC_REG_EXP,DEST_REG_EXP,EXEC_JAVASCRIPT,PAGE_URL_AS_VALUE,REG_EXP_ITEM_RELATION,BY_ELE_TYPE,BY_ELE_VAL,BY_TAG_ATTRIBUTE,BY_TAG_ATTRIBUTE_VALUE_PLUS,PARSE_VALUE_REG_EXP,IS_DIRECT_GET_TEXT,USE_THIS_SETTING_URL_CHARACTOR) values (444,47,'data_xiu_hao_chi','meta_search_keyword','商品 meta keyword 关键词信息',null,null,null,'DATA_TYPE_STRING',null,null,0,0,null,null,null,0,1,'XPath','/html/head/meta[@name=''keywords'']','content',0,null,0,null);
Insert into DATACOLLECT.PARSE_ITEM (ID,PARSE_ID,SAVE_TO_TABLE,SAVE_TO_COLUMN,COLUMN_DESC,CHARACTOR,NOT_CHARACTOR,DEFAULT_VAL,DATA_TYPE,NUMBER_MULTIPLY_BY,DATE_FORMAT,IS_CHECK_REPEAT_COLUMN,IS_URL,SRC_REG_EXP,DEST_REG_EXP,EXEC_JAVASCRIPT,PAGE_URL_AS_VALUE,REG_EXP_ITEM_RELATION,BY_ELE_TYPE,BY_ELE_VAL,BY_TAG_ATTRIBUTE,BY_TAG_ATTRIBUTE_VALUE_PLUS,PARSE_VALUE_REG_EXP,IS_DIRECT_GET_TEXT,USE_THIS_SETTING_URL_CHARACTOR) values (445,47,'data_xiu_hao_chi','ping_fen','商品评分',null,null,null,'DATA_TYPE_STRING',null,null,0,0,null,null,null,0,0,'XPath','/html/body/div[5]/div[2]/div[2]/div[2]/div[4]/div[3]/a[1]',null,0,null,1,null);
Insert into DATACOLLECT.PARSE_ITEM (ID,PARSE_ID,SAVE_TO_TABLE,SAVE_TO_COLUMN,COLUMN_DESC,CHARACTOR,NOT_CHARACTOR,DEFAULT_VAL,DATA_TYPE,NUMBER_MULTIPLY_BY,DATE_FORMAT,IS_CHECK_REPEAT_COLUMN,IS_URL,SRC_REG_EXP,DEST_REG_EXP,EXEC_JAVASCRIPT,PAGE_URL_AS_VALUE,REG_EXP_ITEM_RELATION,BY_ELE_TYPE,BY_ELE_VAL,BY_TAG_ATTRIBUTE,BY_TAG_ATTRIBUTE_VALUE_PLUS,PARSE_VALUE_REG_EXP,IS_DIRECT_GET_TEXT,USE_THIS_SETTING_URL_CHARACTOR) values (446,47,'data_xiu_hao_chi','ping_fen_num','商品评分数字表示',null,null,null,'DATA_TYPE_NUMBER',null,null,0,0,null,null,null,0,0,'XPath','/html/body/div[5]/div[2]/div[2]/div[2]/div[4]/div[3]/a[1]',null,0,null,1,null);
Insert into DATACOLLECT.PARSE_ITEM (ID,PARSE_ID,SAVE_TO_TABLE,SAVE_TO_COLUMN,COLUMN_DESC,CHARACTOR,NOT_CHARACTOR,DEFAULT_VAL,DATA_TYPE,NUMBER_MULTIPLY_BY,DATE_FORMAT,IS_CHECK_REPEAT_COLUMN,IS_URL,SRC_REG_EXP,DEST_REG_EXP,EXEC_JAVASCRIPT,PAGE_URL_AS_VALUE,REG_EXP_ITEM_RELATION,BY_ELE_TYPE,BY_ELE_VAL,BY_TAG_ATTRIBUTE,BY_TAG_ATTRIBUTE_VALUE_PLUS,PARSE_VALUE_REG_EXP,IS_DIRECT_GET_TEXT,USE_THIS_SETTING_URL_CHARACTOR) values (447,47,'data_xiu_hao_chi','shang_pin_lai_yuan','商品信息来源',null,null,'5','DATA_TYPE_STRING',null,null,0,0,null,null,null,0,0,'Id','qq',null,0,null,0,null);
Insert into DATACOLLECT.PARSE_ITEM (ID,PARSE_ID,SAVE_TO_TABLE,SAVE_TO_COLUMN,COLUMN_DESC,CHARACTOR,NOT_CHARACTOR,DEFAULT_VAL,DATA_TYPE,NUMBER_MULTIPLY_BY,DATE_FORMAT,IS_CHECK_REPEAT_COLUMN,IS_URL,SRC_REG_EXP,DEST_REG_EXP,EXEC_JAVASCRIPT,PAGE_URL_AS_VALUE,REG_EXP_ITEM_RELATION,BY_ELE_TYPE,BY_ELE_VAL,BY_TAG_ATTRIBUTE,BY_TAG_ATTRIBUTE_VALUE_PLUS,PARSE_VALUE_REG_EXP,IS_DIRECT_GET_TEXT,USE_THIS_SETTING_URL_CHARACTOR) values (452,47,'data_xiu_hao_chi','song_ji_fen','我买网送的积分',null,null,null,'DATA_TYPE_STRING','1',null,0,0,'积分能兑换什么？',null,null,0,0,'Id','integralinfo',null,0,null,1,null);
Insert into DATACOLLECT.PARSE_ITEM (ID,PARSE_ID,SAVE_TO_TABLE,SAVE_TO_COLUMN,COLUMN_DESC,CHARACTOR,NOT_CHARACTOR,DEFAULT_VAL,DATA_TYPE,NUMBER_MULTIPLY_BY,DATE_FORMAT,IS_CHECK_REPEAT_COLUMN,IS_URL,SRC_REG_EXP,DEST_REG_EXP,EXEC_JAVASCRIPT,PAGE_URL_AS_VALUE,REG_EXP_ITEM_RELATION,BY_ELE_TYPE,BY_ELE_VAL,BY_TAG_ATTRIBUTE,BY_TAG_ATTRIBUTE_VALUE_PLUS,PARSE_VALUE_REG_EXP,IS_DIRECT_GET_TEXT,USE_THIS_SETTING_URL_CHARACTOR) values (453,47,'data_xiu_hao_chi','song_ji_fen_num','我买网送的积分数值表示',null,null,null,'DATA_TYPE_NUMBER','1',null,0,0,null,null,null,0,0,'Id','userPoints',null,0,null,1,null);
Insert into DATACOLLECT.PARSE_ITEM (ID,PARSE_ID,SAVE_TO_TABLE,SAVE_TO_COLUMN,COLUMN_DESC,CHARACTOR,NOT_CHARACTOR,DEFAULT_VAL,DATA_TYPE,NUMBER_MULTIPLY_BY,DATE_FORMAT,IS_CHECK_REPEAT_COLUMN,IS_URL,SRC_REG_EXP,DEST_REG_EXP,EXEC_JAVASCRIPT,PAGE_URL_AS_VALUE,REG_EXP_ITEM_RELATION,BY_ELE_TYPE,BY_ELE_VAL,BY_TAG_ATTRIBUTE,BY_TAG_ATTRIBUTE_VALUE_PLUS,PARSE_VALUE_REG_EXP,IS_DIRECT_GET_TEXT,USE_THIS_SETTING_URL_CHARACTOR) values (454,48,'data_video','biao_ti','视频标题',null,null,null,'DATA_TYPE_STRING','1',null,0,0,null,null,null,0,0,'XPath','/html/head/title',null,0,null,1,null);
Insert into DATACOLLECT.PARSE_ITEM (ID,PARSE_ID,SAVE_TO_TABLE,SAVE_TO_COLUMN,COLUMN_DESC,CHARACTOR,NOT_CHARACTOR,DEFAULT_VAL,DATA_TYPE,NUMBER_MULTIPLY_BY,DATE_FORMAT,IS_CHECK_REPEAT_COLUMN,IS_URL,SRC_REG_EXP,DEST_REG_EXP,EXEC_JAVASCRIPT,PAGE_URL_AS_VALUE,REG_EXP_ITEM_RELATION,BY_ELE_TYPE,BY_ELE_VAL,BY_TAG_ATTRIBUTE,BY_TAG_ATTRIBUTE_VALUE_PLUS,PARSE_VALUE_REG_EXP,IS_DIRECT_GET_TEXT,USE_THIS_SETTING_URL_CHARACTOR) values (455,48,'data_video','cai_num','踩视频的数量',null,null,null,'DATA_TYPE_NUMBER','1',null,0,0,',',null,null,0,0,'Id','downVideoTimes',null,0,null,1,null);
Insert into DATACOLLECT.PARSE_ITEM (ID,PARSE_ID,SAVE_TO_TABLE,SAVE_TO_COLUMN,COLUMN_DESC,CHARACTOR,NOT_CHARACTOR,DEFAULT_VAL,DATA_TYPE,NUMBER_MULTIPLY_BY,DATE_FORMAT,IS_CHECK_REPEAT_COLUMN,IS_URL,SRC_REG_EXP,DEST_REG_EXP,EXEC_JAVASCRIPT,PAGE_URL_AS_VALUE,REG_EXP_ITEM_RELATION,BY_ELE_TYPE,BY_ELE_VAL,BY_TAG_ATTRIBUTE,BY_TAG_ATTRIBUTE_VALUE_PLUS,PARSE_VALUE_REG_EXP,IS_DIRECT_GET_TEXT,USE_THIS_SETTING_URL_CHARACTOR) values (456,48,'data_video','dao_yan','视频导演',null,null,null,'DATA_TYPE_STRING','1',null,0,0,null,null,null,0,0,'XPath','//*[@id=vpofficialinfov5]/div/div/div[2]/div/div[1]/ul/li[5]/a',null,0,null,1,null);
Insert into DATACOLLECT.PARSE_ITEM (ID,PARSE_ID,SAVE_TO_TABLE,SAVE_TO_COLUMN,COLUMN_DESC,CHARACTOR,NOT_CHARACTOR,DEFAULT_VAL,DATA_TYPE,NUMBER_MULTIPLY_BY,DATE_FORMAT,IS_CHECK_REPEAT_COLUMN,IS_URL,SRC_REG_EXP,DEST_REG_EXP,EXEC_JAVASCRIPT,PAGE_URL_AS_VALUE,REG_EXP_ITEM_RELATION,BY_ELE_TYPE,BY_ELE_VAL,BY_TAG_ATTRIBUTE,BY_TAG_ATTRIBUTE_VALUE_PLUS,PARSE_VALUE_REG_EXP,IS_DIRECT_GET_TEXT,USE_THIS_SETTING_URL_CHARACTOR) values (457,48,'data_video','ding_num','顶视频的数量',null,null,null,'DATA_TYPE_NUMBER','1',null,0,0,',',null,null,0,0,'Id','upVideoTimes',null,0,null,1,null);
Insert into DATACOLLECT.PARSE_ITEM (ID,PARSE_ID,SAVE_TO_TABLE,SAVE_TO_COLUMN,COLUMN_DESC,CHARACTOR,NOT_CHARACTOR,DEFAULT_VAL,DATA_TYPE,NUMBER_MULTIPLY_BY,DATE_FORMAT,IS_CHECK_REPEAT_COLUMN,IS_URL,SRC_REG_EXP,DEST_REG_EXP,EXEC_JAVASCRIPT,PAGE_URL_AS_VALUE,REG_EXP_ITEM_RELATION,BY_ELE_TYPE,BY_ELE_VAL,BY_TAG_ATTRIBUTE,BY_TAG_ATTRIBUTE_VALUE_PLUS,PARSE_VALUE_REG_EXP,IS_DIRECT_GET_TEXT,USE_THIS_SETTING_URL_CHARACTOR) values (458,48,'data_video','chuang_jian_zhe','视频创建者',null,null,null,'DATA_TYPE_STRING','1',null,0,0,null,null,null,0,0,'XPath','//*[@id=vpfolderinfov5]/div/div/div[2]/div/div/div[3]/a',null,0,null,1,null);
Insert into DATACOLLECT.PARSE_ITEM (ID,PARSE_ID,SAVE_TO_TABLE,SAVE_TO_COLUMN,COLUMN_DESC,CHARACTOR,NOT_CHARACTOR,DEFAULT_VAL,DATA_TYPE,NUMBER_MULTIPLY_BY,DATE_FORMAT,IS_CHECK_REPEAT_COLUMN,IS_URL,SRC_REG_EXP,DEST_REG_EXP,EXEC_JAVASCRIPT,PAGE_URL_AS_VALUE,REG_EXP_ITEM_RELATION,BY_ELE_TYPE,BY_ELE_VAL,BY_TAG_ATTRIBUTE,BY_TAG_ATTRIBUTE_VALUE_PLUS,PARSE_VALUE_REG_EXP,IS_DIRECT_GET_TEXT,USE_THIS_SETTING_URL_CHARACTOR) values (459,48,'data_video','di_qu','电视剧或者电影地区',null,null,null,'DATA_TYPE_STRING','1',null,0,0,'地区:',null,null,0,0,'XPath','//*[@id=vpofficialinfov5]/div/div/div[2]/div/div[1]/ul/li[3]',null,0,null,1,null);
Insert into DATACOLLECT.PARSE_ITEM (ID,PARSE_ID,SAVE_TO_TABLE,SAVE_TO_COLUMN,COLUMN_DESC,CHARACTOR,NOT_CHARACTOR,DEFAULT_VAL,DATA_TYPE,NUMBER_MULTIPLY_BY,DATE_FORMAT,IS_CHECK_REPEAT_COLUMN,IS_URL,SRC_REG_EXP,DEST_REG_EXP,EXEC_JAVASCRIPT,PAGE_URL_AS_VALUE,REG_EXP_ITEM_RELATION,BY_ELE_TYPE,BY_ELE_VAL,BY_TAG_ATTRIBUTE,BY_TAG_ATTRIBUTE_VALUE_PLUS,PARSE_VALUE_REG_EXP,IS_DIRECT_GET_TEXT,USE_THIS_SETTING_URL_CHARACTOR) values (460,48,'data_video','item_url','视频页面的链接地址',null,null,null,'DATA_TYPE_STRING','1',null,1,0,null,null,null,1,0,'Id','qq',null,0,null,1,null);
Insert into DATACOLLECT.PARSE_ITEM (ID,PARSE_ID,SAVE_TO_TABLE,SAVE_TO_COLUMN,COLUMN_DESC,CHARACTOR,NOT_CHARACTOR,DEFAULT_VAL,DATA_TYPE,NUMBER_MULTIPLY_BY,DATE_FORMAT,IS_CHECK_REPEAT_COLUMN,IS_URL,SRC_REG_EXP,DEST_REG_EXP,EXEC_JAVASCRIPT,PAGE_URL_AS_VALUE,REG_EXP_ITEM_RELATION,BY_ELE_TYPE,BY_ELE_VAL,BY_TAG_ATTRIBUTE,BY_TAG_ATTRIBUTE_VALUE_PLUS,PARSE_VALUE_REG_EXP,IS_DIRECT_GET_TEXT,USE_THIS_SETTING_URL_CHARACTOR) values (461,48,'data_video','lei_xing','视频类型',null,null,null,'DATA_TYPE_STRING','1',null,0,0,'类型:',null,null,0,0,'XPath','//*[@id=vpofficialinfov5]/div/div/div[2]/div/div[1]/ul/li[4]',null,0,null,1,null);
Insert into DATACOLLECT.PARSE_ITEM (ID,PARSE_ID,SAVE_TO_TABLE,SAVE_TO_COLUMN,COLUMN_DESC,CHARACTOR,NOT_CHARACTOR,DEFAULT_VAL,DATA_TYPE,NUMBER_MULTIPLY_BY,DATE_FORMAT,IS_CHECK_REPEAT_COLUMN,IS_URL,SRC_REG_EXP,DEST_REG_EXP,EXEC_JAVASCRIPT,PAGE_URL_AS_VALUE,REG_EXP_ITEM_RELATION,BY_ELE_TYPE,BY_ELE_VAL,BY_TAG_ATTRIBUTE,BY_TAG_ATTRIBUTE_VALUE_PLUS,PARSE_VALUE_REG_EXP,IS_DIRECT_GET_TEXT,USE_THIS_SETTING_URL_CHARACTOR) values (462,48,'data_video','meta_desc','页面描述信息',null,null,null,'DATA_TYPE_STRING','1',null,0,0,null,null,null,0,0,'XPath','/html/head/meta[@name=''description'']','content',0,null,0,null);
Insert into DATACOLLECT.PARSE_ITEM (ID,PARSE_ID,SAVE_TO_TABLE,SAVE_TO_COLUMN,COLUMN_DESC,CHARACTOR,NOT_CHARACTOR,DEFAULT_VAL,DATA_TYPE,NUMBER_MULTIPLY_BY,DATE_FORMAT,IS_CHECK_REPEAT_COLUMN,IS_URL,SRC_REG_EXP,DEST_REG_EXP,EXEC_JAVASCRIPT,PAGE_URL_AS_VALUE,REG_EXP_ITEM_RELATION,BY_ELE_TYPE,BY_ELE_VAL,BY_TAG_ATTRIBUTE,BY_TAG_ATTRIBUTE_VALUE_PLUS,PARSE_VALUE_REG_EXP,IS_DIRECT_GET_TEXT,USE_THIS_SETTING_URL_CHARACTOR) values (463,48,'data_video','meta_search_keyword','页面的search keyword meta 信息',null,null,null,'DATA_TYPE_STRING','1',null,0,0,null,null,null,0,0,'XPath','/html/head/meta[@name=''keywords'']','content',0,null,0,null);
Insert into DATACOLLECT.PARSE_ITEM (ID,PARSE_ID,SAVE_TO_TABLE,SAVE_TO_COLUMN,COLUMN_DESC,CHARACTOR,NOT_CHARACTOR,DEFAULT_VAL,DATA_TYPE,NUMBER_MULTIPLY_BY,DATE_FORMAT,IS_CHECK_REPEAT_COLUMN,IS_URL,SRC_REG_EXP,DEST_REG_EXP,EXEC_JAVASCRIPT,PAGE_URL_AS_VALUE,REG_EXP_ITEM_RELATION,BY_ELE_TYPE,BY_ELE_VAL,BY_TAG_ATTRIBUTE,BY_TAG_ATTRIBUTE_VALUE_PLUS,PARSE_VALUE_REG_EXP,IS_DIRECT_GET_TEXT,USE_THIS_SETTING_URL_CHARACTOR) values (464,48,'data_video','mian_bao_xie_title','页面面包屑文字内容',null,null,null,'DATA_TYPE_STRING','1',null,0,0,null,null,null,0,0,'XPath','//*[@id=vpvideotitlev5]/div/div[1]/div/div/a[3]',null,0,null,1,null);
Insert into DATACOLLECT.PARSE_ITEM (ID,PARSE_ID,SAVE_TO_TABLE,SAVE_TO_COLUMN,COLUMN_DESC,CHARACTOR,NOT_CHARACTOR,DEFAULT_VAL,DATA_TYPE,NUMBER_MULTIPLY_BY,DATE_FORMAT,IS_CHECK_REPEAT_COLUMN,IS_URL,SRC_REG_EXP,DEST_REG_EXP,EXEC_JAVASCRIPT,PAGE_URL_AS_VALUE,REG_EXP_ITEM_RELATION,BY_ELE_TYPE,BY_ELE_VAL,BY_TAG_ATTRIBUTE,BY_TAG_ATTRIBUTE_VALUE_PLUS,PARSE_VALUE_REG_EXP,IS_DIRECT_GET_TEXT,USE_THIS_SETTING_URL_CHARACTOR) values (465,48,'data_video','ping_fen','视频评分',null,null,null,'DATA_TYPE_STRING','1',null,0,0,null,null,null,0,0,'XPath','//*[@id=vpofficialinfov5]/div/div/div[2]/div/div[1]/ul/li[2]/span/span/em[6]',null,0,null,1,null);
Insert into DATACOLLECT.PARSE_ITEM (ID,PARSE_ID,SAVE_TO_TABLE,SAVE_TO_COLUMN,COLUMN_DESC,CHARACTOR,NOT_CHARACTOR,DEFAULT_VAL,DATA_TYPE,NUMBER_MULTIPLY_BY,DATE_FORMAT,IS_CHECK_REPEAT_COLUMN,IS_URL,SRC_REG_EXP,DEST_REG_EXP,EXEC_JAVASCRIPT,PAGE_URL_AS_VALUE,REG_EXP_ITEM_RELATION,BY_ELE_TYPE,BY_ELE_VAL,BY_TAG_ATTRIBUTE,BY_TAG_ATTRIBUTE_VALUE_PLUS,PARSE_VALUE_REG_EXP,IS_DIRECT_GET_TEXT,USE_THIS_SETTING_URL_CHARACTOR) values (466,48,'data_video','ping_fen_num','视频评分数值',null,null,null,'DATA_TYPE_NUMBER','1',null,0,0,null,null,null,0,0,'XPath','//*[@id=vpofficialinfov5]/div/div/div[2]/div/div[1]/ul/li[2]/span/span/em[6]',null,0,null,1,null);
Insert into DATACOLLECT.PARSE_ITEM (ID,PARSE_ID,SAVE_TO_TABLE,SAVE_TO_COLUMN,COLUMN_DESC,CHARACTOR,NOT_CHARACTOR,DEFAULT_VAL,DATA_TYPE,NUMBER_MULTIPLY_BY,DATE_FORMAT,IS_CHECK_REPEAT_COLUMN,IS_URL,SRC_REG_EXP,DEST_REG_EXP,EXEC_JAVASCRIPT,PAGE_URL_AS_VALUE,REG_EXP_ITEM_RELATION,BY_ELE_TYPE,BY_ELE_VAL,BY_TAG_ATTRIBUTE,BY_TAG_ATTRIBUTE_VALUE_PLUS,PARSE_VALUE_REG_EXP,IS_DIRECT_GET_TEXT,USE_THIS_SETTING_URL_CHARACTOR) values (467,48,'data_video','play_count','视频播放次数',null,null,null,'DATA_TYPE_STRING','1',null,0,0,'播放:,',null,null,0,0,'Id','videoTotalPV',null,0,null,1,null);
Insert into DATACOLLECT.PARSE_ITEM (ID,PARSE_ID,SAVE_TO_TABLE,SAVE_TO_COLUMN,COLUMN_DESC,CHARACTOR,NOT_CHARACTOR,DEFAULT_VAL,DATA_TYPE,NUMBER_MULTIPLY_BY,DATE_FORMAT,IS_CHECK_REPEAT_COLUMN,IS_URL,SRC_REG_EXP,DEST_REG_EXP,EXEC_JAVASCRIPT,PAGE_URL_AS_VALUE,REG_EXP_ITEM_RELATION,BY_ELE_TYPE,BY_ELE_VAL,BY_TAG_ATTRIBUTE,BY_TAG_ATTRIBUTE_VALUE_PLUS,PARSE_VALUE_REG_EXP,IS_DIRECT_GET_TEXT,USE_THIS_SETTING_URL_CHARACTOR) values (468,48,'data_video','play_count_num','视频播放数数值',null,null,null,'DATA_TYPE_NUMBER','1',null,0,0,',',null,null,0,0,'XPath','//*[@id=info_stat]/div[1]/ul[1]/li[1]/span',null,0,null,1,null);
Insert into DATACOLLECT.PARSE_ITEM (ID,PARSE_ID,SAVE_TO_TABLE,SAVE_TO_COLUMN,COLUMN_DESC,CHARACTOR,NOT_CHARACTOR,DEFAULT_VAL,DATA_TYPE,NUMBER_MULTIPLY_BY,DATE_FORMAT,IS_CHECK_REPEAT_COLUMN,IS_URL,SRC_REG_EXP,DEST_REG_EXP,EXEC_JAVASCRIPT,PAGE_URL_AS_VALUE,REG_EXP_ITEM_RELATION,BY_ELE_TYPE,BY_ELE_VAL,BY_TAG_ATTRIBUTE,BY_TAG_ATTRIBUTE_VALUE_PLUS,PARSE_VALUE_REG_EXP,IS_DIRECT_GET_TEXT,USE_THIS_SETTING_URL_CHARACTOR) values (469,48,'data_video','tv_station',null,null,null,null,'DATA_TYPE_STRING','1',null,0,0,null,null,null,0,0,'XPath','//*[@id=vpofficialinfov5]/div/div/div[2]/div/div/ul/li[6]',null,0,null,1,null);
Insert into DATACOLLECT.PARSE_ITEM (ID,PARSE_ID,SAVE_TO_TABLE,SAVE_TO_COLUMN,COLUMN_DESC,CHARACTOR,NOT_CHARACTOR,DEFAULT_VAL,DATA_TYPE,NUMBER_MULTIPLY_BY,DATE_FORMAT,IS_CHECK_REPEAT_COLUMN,IS_URL,SRC_REG_EXP,DEST_REG_EXP,EXEC_JAVASCRIPT,PAGE_URL_AS_VALUE,REG_EXP_ITEM_RELATION,BY_ELE_TYPE,BY_ELE_VAL,BY_TAG_ATTRIBUTE,BY_TAG_ATTRIBUTE_VALUE_PLUS,PARSE_VALUE_REG_EXP,IS_DIRECT_GET_TEXT,USE_THIS_SETTING_URL_CHARACTOR) values (470,48,'data_video','video_site','视频来源',null,null,'1','DATA_TYPE_NUMBER','1',null,0,0,null,null,null,0,0,'Id','qq',null,0,null,0,null);
Insert into DATACOLLECT.PARSE_ITEM (ID,PARSE_ID,SAVE_TO_TABLE,SAVE_TO_COLUMN,COLUMN_DESC,CHARACTOR,NOT_CHARACTOR,DEFAULT_VAL,DATA_TYPE,NUMBER_MULTIPLY_BY,DATE_FORMAT,IS_CHECK_REPEAT_COLUMN,IS_URL,SRC_REG_EXP,DEST_REG_EXP,EXEC_JAVASCRIPT,PAGE_URL_AS_VALUE,REG_EXP_ITEM_RELATION,BY_ELE_TYPE,BY_ELE_VAL,BY_TAG_ATTRIBUTE,BY_TAG_ATTRIBUTE_VALUE_PLUS,PARSE_VALUE_REG_EXP,IS_DIRECT_GET_TEXT,USE_THIS_SETTING_URL_CHARACTOR) values (471,48,'data_video','zhu_chi_ren','节目主持人',null,null,null,'DATA_TYPE_STRING','1',null,0,0,null,null,null,0,0,'XPath','//*[@id=vpofficialinfov5]/div/div/div[2]/div/div/ul/li[5]',null,0,null,1,null);
Insert into DATACOLLECT.PARSE_ITEM (ID,PARSE_ID,SAVE_TO_TABLE,SAVE_TO_COLUMN,COLUMN_DESC,CHARACTOR,NOT_CHARACTOR,DEFAULT_VAL,DATA_TYPE,NUMBER_MULTIPLY_BY,DATE_FORMAT,IS_CHECK_REPEAT_COLUMN,IS_URL,SRC_REG_EXP,DEST_REG_EXP,EXEC_JAVASCRIPT,PAGE_URL_AS_VALUE,REG_EXP_ITEM_RELATION,BY_ELE_TYPE,BY_ELE_VAL,BY_TAG_ATTRIBUTE,BY_TAG_ATTRIBUTE_VALUE_PLUS,PARSE_VALUE_REG_EXP,IS_DIRECT_GET_TEXT,USE_THIS_SETTING_URL_CHARACTOR) values (472,48,'data_video','zhu_yan','电影或者电视剧主演',null,null,null,'DATA_TYPE_STRING','1',null,0,0,null,null,null,0,0,'XPath','//*[@id=vpofficialinfov5]/div/div/div[2]/div/div[1]/ul/li[7]',null,0,null,1,null);
Insert into DATACOLLECT.PARSE_ITEM (ID,PARSE_ID,SAVE_TO_TABLE,SAVE_TO_COLUMN,COLUMN_DESC,CHARACTOR,NOT_CHARACTOR,DEFAULT_VAL,DATA_TYPE,NUMBER_MULTIPLY_BY,DATE_FORMAT,IS_CHECK_REPEAT_COLUMN,IS_URL,SRC_REG_EXP,DEST_REG_EXP,EXEC_JAVASCRIPT,PAGE_URL_AS_VALUE,REG_EXP_ITEM_RELATION,BY_ELE_TYPE,BY_ELE_VAL,BY_TAG_ATTRIBUTE,BY_TAG_ATTRIBUTE_VALUE_PLUS,PARSE_VALUE_REG_EXP,IS_DIRECT_GET_TEXT,USE_THIS_SETTING_URL_CHARACTOR) values (7,23,'data_ios_app','title','app 标题',null,null,null,'DATA_TYPE_STRING',null,null,0,0,null,null,null,0,0,null,null,null,null,null,null,null);
Insert into DATACOLLECT.PARSE_ITEM (ID,PARSE_ID,SAVE_TO_TABLE,SAVE_TO_COLUMN,COLUMN_DESC,CHARACTOR,NOT_CHARACTOR,DEFAULT_VAL,DATA_TYPE,NUMBER_MULTIPLY_BY,DATE_FORMAT,IS_CHECK_REPEAT_COLUMN,IS_URL,SRC_REG_EXP,DEST_REG_EXP,EXEC_JAVASCRIPT,PAGE_URL_AS_VALUE,REG_EXP_ITEM_RELATION,BY_ELE_TYPE,BY_ELE_VAL,BY_TAG_ATTRIBUTE,BY_TAG_ATTRIBUTE_VALUE_PLUS,PARSE_VALUE_REG_EXP,IS_DIRECT_GET_TEXT,USE_THIS_SETTING_URL_CHARACTOR) values (8,23,'data_ios_app','ituns_url','ituns url',null,null,null,'DATA_TYPE_STRING',null,null,1,0,null,null,null,0,0,null,null,null,null,null,null,null);
Insert into DATACOLLECT.PARSE_ITEM (ID,PARSE_ID,SAVE_TO_TABLE,SAVE_TO_COLUMN,COLUMN_DESC,CHARACTOR,NOT_CHARACTOR,DEFAULT_VAL,DATA_TYPE,NUMBER_MULTIPLY_BY,DATE_FORMAT,IS_CHECK_REPEAT_COLUMN,IS_URL,SRC_REG_EXP,DEST_REG_EXP,EXEC_JAVASCRIPT,PAGE_URL_AS_VALUE,REG_EXP_ITEM_RELATION,BY_ELE_TYPE,BY_ELE_VAL,BY_TAG_ATTRIBUTE,BY_TAG_ATTRIBUTE_VALUE_PLUS,PARSE_VALUE_REG_EXP,IS_DIRECT_GET_TEXT,USE_THIS_SETTING_URL_CHARACTOR) values (10,23,'data_ios_app','manufacturer','develop company',null,null,null,'DATA_TYPE_STRING',null,null,0,0,'^开发商：',null,null,0,0,null,null,null,null,null,null,null);
Insert into DATACOLLECT.PARSE_ITEM (ID,PARSE_ID,SAVE_TO_TABLE,SAVE_TO_COLUMN,COLUMN_DESC,CHARACTOR,NOT_CHARACTOR,DEFAULT_VAL,DATA_TYPE,NUMBER_MULTIPLY_BY,DATE_FORMAT,IS_CHECK_REPEAT_COLUMN,IS_URL,SRC_REG_EXP,DEST_REG_EXP,EXEC_JAVASCRIPT,PAGE_URL_AS_VALUE,REG_EXP_ITEM_RELATION,BY_ELE_TYPE,BY_ELE_VAL,BY_TAG_ATTRIBUTE,BY_TAG_ATTRIBUTE_VALUE_PLUS,PARSE_VALUE_REG_EXP,IS_DIRECT_GET_TEXT,USE_THIS_SETTING_URL_CHARACTOR) values (11,23,'data_ios_app','app_price','app 价格',null,null,null,'DATA_TYPE_STRING',null,null,0,0,null,null,null,0,0,null,null,null,null,null,null,null);
Insert into DATACOLLECT.PARSE_ITEM (ID,PARSE_ID,SAVE_TO_TABLE,SAVE_TO_COLUMN,COLUMN_DESC,CHARACTOR,NOT_CHARACTOR,DEFAULT_VAL,DATA_TYPE,NUMBER_MULTIPLY_BY,DATE_FORMAT,IS_CHECK_REPEAT_COLUMN,IS_URL,SRC_REG_EXP,DEST_REG_EXP,EXEC_JAVASCRIPT,PAGE_URL_AS_VALUE,REG_EXP_ITEM_RELATION,BY_ELE_TYPE,BY_ELE_VAL,BY_TAG_ATTRIBUTE,BY_TAG_ATTRIBUTE_VALUE_PLUS,PARSE_VALUE_REG_EXP,IS_DIRECT_GET_TEXT,USE_THIS_SETTING_URL_CHARACTOR) values (12,23,'data_ios_app','category','类别',null,null,null,'DATA_TYPE_STRING',null,null,0,0,null,null,null,0,0,null,null,null,null,null,null,null);
Insert into DATACOLLECT.PARSE_ITEM (ID,PARSE_ID,SAVE_TO_TABLE,SAVE_TO_COLUMN,COLUMN_DESC,CHARACTOR,NOT_CHARACTOR,DEFAULT_VAL,DATA_TYPE,NUMBER_MULTIPLY_BY,DATE_FORMAT,IS_CHECK_REPEAT_COLUMN,IS_URL,SRC_REG_EXP,DEST_REG_EXP,EXEC_JAVASCRIPT,PAGE_URL_AS_VALUE,REG_EXP_ITEM_RELATION,BY_ELE_TYPE,BY_ELE_VAL,BY_TAG_ATTRIBUTE,BY_TAG_ATTRIBUTE_VALUE_PLUS,PARSE_VALUE_REG_EXP,IS_DIRECT_GET_TEXT,USE_THIS_SETTING_URL_CHARACTOR) values (13,23,'data_ios_app','update_date','更新日期',null,null,null,'DATA_TYPE_STRING',null,null,0,0,null,null,null,0,0,null,null,null,null,null,null,null);
Insert into DATACOLLECT.PARSE_ITEM (ID,PARSE_ID,SAVE_TO_TABLE,SAVE_TO_COLUMN,COLUMN_DESC,CHARACTOR,NOT_CHARACTOR,DEFAULT_VAL,DATA_TYPE,NUMBER_MULTIPLY_BY,DATE_FORMAT,IS_CHECK_REPEAT_COLUMN,IS_URL,SRC_REG_EXP,DEST_REG_EXP,EXEC_JAVASCRIPT,PAGE_URL_AS_VALUE,REG_EXP_ITEM_RELATION,BY_ELE_TYPE,BY_ELE_VAL,BY_TAG_ATTRIBUTE,BY_TAG_ATTRIBUTE_VALUE_PLUS,PARSE_VALUE_REG_EXP,IS_DIRECT_GET_TEXT,USE_THIS_SETTING_URL_CHARACTOR) values (14,23,'data_ios_app','app_version','版本',null,null,null,'DATA_TYPE_STRING',null,null,0,0,null,null,null,0,0,null,null,null,null,null,null,null);
Insert into DATACOLLECT.PARSE_ITEM (ID,PARSE_ID,SAVE_TO_TABLE,SAVE_TO_COLUMN,COLUMN_DESC,CHARACTOR,NOT_CHARACTOR,DEFAULT_VAL,DATA_TYPE,NUMBER_MULTIPLY_BY,DATE_FORMAT,IS_CHECK_REPEAT_COLUMN,IS_URL,SRC_REG_EXP,DEST_REG_EXP,EXEC_JAVASCRIPT,PAGE_URL_AS_VALUE,REG_EXP_ITEM_RELATION,BY_ELE_TYPE,BY_ELE_VAL,BY_TAG_ATTRIBUTE,BY_TAG_ATTRIBUTE_VALUE_PLUS,PARSE_VALUE_REG_EXP,IS_DIRECT_GET_TEXT,USE_THIS_SETTING_URL_CHARACTOR) values (15,23,'data_ios_app','size','应用程序大小',null,null,null,'DATA_TYPE_STRING',null,null,0,0,null,null,null,0,0,null,null,null,null,null,null,null);
Insert into DATACOLLECT.PARSE_ITEM (ID,PARSE_ID,SAVE_TO_TABLE,SAVE_TO_COLUMN,COLUMN_DESC,CHARACTOR,NOT_CHARACTOR,DEFAULT_VAL,DATA_TYPE,NUMBER_MULTIPLY_BY,DATE_FORMAT,IS_CHECK_REPEAT_COLUMN,IS_URL,SRC_REG_EXP,DEST_REG_EXP,EXEC_JAVASCRIPT,PAGE_URL_AS_VALUE,REG_EXP_ITEM_RELATION,BY_ELE_TYPE,BY_ELE_VAL,BY_TAG_ATTRIBUTE,BY_TAG_ATTRIBUTE_VALUE_PLUS,PARSE_VALUE_REG_EXP,IS_DIRECT_GET_TEXT,USE_THIS_SETTING_URL_CHARACTOR) values (16,23,'data_ios_app','app_language','语言类型',null,null,null,'DATA_TYPE_STRING',null,null,0,0,null,null,null,0,1,null,null,null,null,null,null,null);
Insert into DATACOLLECT.PARSE_ITEM (ID,PARSE_ID,SAVE_TO_TABLE,SAVE_TO_COLUMN,COLUMN_DESC,CHARACTOR,NOT_CHARACTOR,DEFAULT_VAL,DATA_TYPE,NUMBER_MULTIPLY_BY,DATE_FORMAT,IS_CHECK_REPEAT_COLUMN,IS_URL,SRC_REG_EXP,DEST_REG_EXP,EXEC_JAVASCRIPT,PAGE_URL_AS_VALUE,REG_EXP_ITEM_RELATION,BY_ELE_TYPE,BY_ELE_VAL,BY_TAG_ATTRIBUTE,BY_TAG_ATTRIBUTE_VALUE_PLUS,PARSE_VALUE_REG_EXP,IS_DIRECT_GET_TEXT,USE_THIS_SETTING_URL_CHARACTOR) values (17,23,'data_ios_app','mac_rate','本软件在app store 里面的评级',null,null,null,'DATA_TYPE_STRING',null,null,0,0,null,null,null,0,0,null,null,null,null,null,null,null);
Insert into DATACOLLECT.PARSE_ITEM (ID,PARSE_ID,SAVE_TO_TABLE,SAVE_TO_COLUMN,COLUMN_DESC,CHARACTOR,NOT_CHARACTOR,DEFAULT_VAL,DATA_TYPE,NUMBER_MULTIPLY_BY,DATE_FORMAT,IS_CHECK_REPEAT_COLUMN,IS_URL,SRC_REG_EXP,DEST_REG_EXP,EXEC_JAVASCRIPT,PAGE_URL_AS_VALUE,REG_EXP_ITEM_RELATION,BY_ELE_TYPE,BY_ELE_VAL,BY_TAG_ATTRIBUTE,BY_TAG_ATTRIBUTE_VALUE_PLUS,PARSE_VALUE_REG_EXP,IS_DIRECT_GET_TEXT,USE_THIS_SETTING_URL_CHARACTOR) values (18,23,'data_ios_app','os_require','操作系统要求',null,null,null,'DATA_TYPE_STRING',null,null,0,0,null,null,null,0,0,null,null,null,null,null,null,null);
Insert into DATACOLLECT.PARSE_ITEM (ID,PARSE_ID,SAVE_TO_TABLE,SAVE_TO_COLUMN,COLUMN_DESC,CHARACTOR,NOT_CHARACTOR,DEFAULT_VAL,DATA_TYPE,NUMBER_MULTIPLY_BY,DATE_FORMAT,IS_CHECK_REPEAT_COLUMN,IS_URL,SRC_REG_EXP,DEST_REG_EXP,EXEC_JAVASCRIPT,PAGE_URL_AS_VALUE,REG_EXP_ITEM_RELATION,BY_ELE_TYPE,BY_ELE_VAL,BY_TAG_ATTRIBUTE,BY_TAG_ATTRIBUTE_VALUE_PLUS,PARSE_VALUE_REG_EXP,IS_DIRECT_GET_TEXT,USE_THIS_SETTING_URL_CHARACTOR) values (19,23,'data_ios_app','current_version_rate_score','当前版本评分',null,null,null,'DATA_TYPE_STRING',null,null,0,0,null,null,null,0,0,null,null,null,null,null,null,null);
Insert into DATACOLLECT.PARSE_ITEM (ID,PARSE_ID,SAVE_TO_TABLE,SAVE_TO_COLUMN,COLUMN_DESC,CHARACTOR,NOT_CHARACTOR,DEFAULT_VAL,DATA_TYPE,NUMBER_MULTIPLY_BY,DATE_FORMAT,IS_CHECK_REPEAT_COLUMN,IS_URL,SRC_REG_EXP,DEST_REG_EXP,EXEC_JAVASCRIPT,PAGE_URL_AS_VALUE,REG_EXP_ITEM_RELATION,BY_ELE_TYPE,BY_ELE_VAL,BY_TAG_ATTRIBUTE,BY_TAG_ATTRIBUTE_VALUE_PLUS,PARSE_VALUE_REG_EXP,IS_DIRECT_GET_TEXT,USE_THIS_SETTING_URL_CHARACTOR) values (20,23,'data_ios_app','total_version_rate_score','所有版本评分',null,null,null,'DATA_TYPE_STRING',null,null,0,0,null,null,null,0,0,null,null,null,null,null,null,null);
Insert into DATACOLLECT.PARSE_ITEM (ID,PARSE_ID,SAVE_TO_TABLE,SAVE_TO_COLUMN,COLUMN_DESC,CHARACTOR,NOT_CHARACTOR,DEFAULT_VAL,DATA_TYPE,NUMBER_MULTIPLY_BY,DATE_FORMAT,IS_CHECK_REPEAT_COLUMN,IS_URL,SRC_REG_EXP,DEST_REG_EXP,EXEC_JAVASCRIPT,PAGE_URL_AS_VALUE,REG_EXP_ITEM_RELATION,BY_ELE_TYPE,BY_ELE_VAL,BY_TAG_ATTRIBUTE,BY_TAG_ATTRIBUTE_VALUE_PLUS,PARSE_VALUE_REG_EXP,IS_DIRECT_GET_TEXT,USE_THIS_SETTING_URL_CHARACTOR) values (21,23,'data_ios_app','new_feature','新功能',null,null,null,'DATA_TYPE_STRING',null,null,0,0,null,null,null,0,0,null,null,null,null,null,null,null);
Insert into DATACOLLECT.PARSE_ITEM (ID,PARSE_ID,SAVE_TO_TABLE,SAVE_TO_COLUMN,COLUMN_DESC,CHARACTOR,NOT_CHARACTOR,DEFAULT_VAL,DATA_TYPE,NUMBER_MULTIPLY_BY,DATE_FORMAT,IS_CHECK_REPEAT_COLUMN,IS_URL,SRC_REG_EXP,DEST_REG_EXP,EXEC_JAVASCRIPT,PAGE_URL_AS_VALUE,REG_EXP_ITEM_RELATION,BY_ELE_TYPE,BY_ELE_VAL,BY_TAG_ATTRIBUTE,BY_TAG_ATTRIBUTE_VALUE_PLUS,PARSE_VALUE_REG_EXP,IS_DIRECT_GET_TEXT,USE_THIS_SETTING_URL_CHARACTOR) values (22,23,'data_ios_app','icon_url','图标的链接地址',null,null,null,'DATA_TYPE_STRING',null,null,0,0,null,null,null,0,0,null,null,null,null,null,null,null);
Insert into DATACOLLECT.PARSE_ITEM (ID,PARSE_ID,SAVE_TO_TABLE,SAVE_TO_COLUMN,COLUMN_DESC,CHARACTOR,NOT_CHARACTOR,DEFAULT_VAL,DATA_TYPE,NUMBER_MULTIPLY_BY,DATE_FORMAT,IS_CHECK_REPEAT_COLUMN,IS_URL,SRC_REG_EXP,DEST_REG_EXP,EXEC_JAVASCRIPT,PAGE_URL_AS_VALUE,REG_EXP_ITEM_RELATION,BY_ELE_TYPE,BY_ELE_VAL,BY_TAG_ATTRIBUTE,BY_TAG_ATTRIBUTE_VALUE_PLUS,PARSE_VALUE_REG_EXP,IS_DIRECT_GET_TEXT,USE_THIS_SETTING_URL_CHARACTOR) values (23,23,'data_ios_app','manufacturer_web_site','开发商网址',null,null,null,'DATA_TYPE_STRING',null,null,0,0,null,null,null,0,0,null,null,null,null,null,null,null);
Insert into DATACOLLECT.PARSE_ITEM (ID,PARSE_ID,SAVE_TO_TABLE,SAVE_TO_COLUMN,COLUMN_DESC,CHARACTOR,NOT_CHARACTOR,DEFAULT_VAL,DATA_TYPE,NUMBER_MULTIPLY_BY,DATE_FORMAT,IS_CHECK_REPEAT_COLUMN,IS_URL,SRC_REG_EXP,DEST_REG_EXP,EXEC_JAVASCRIPT,PAGE_URL_AS_VALUE,REG_EXP_ITEM_RELATION,BY_ELE_TYPE,BY_ELE_VAL,BY_TAG_ATTRIBUTE,BY_TAG_ATTRIBUTE_VALUE_PLUS,PARSE_VALUE_REG_EXP,IS_DIRECT_GET_TEXT,USE_THIS_SETTING_URL_CHARACTOR) values (24,23,'data_ios_app','manufacturer_product_support','技术支持网址',null,null,null,'DATA_TYPE_STRING',null,null,0,0,null,null,null,0,0,null,null,null,null,null,null,null);
Insert into DATACOLLECT.PARSE_ITEM (ID,PARSE_ID,SAVE_TO_TABLE,SAVE_TO_COLUMN,COLUMN_DESC,CHARACTOR,NOT_CHARACTOR,DEFAULT_VAL,DATA_TYPE,NUMBER_MULTIPLY_BY,DATE_FORMAT,IS_CHECK_REPEAT_COLUMN,IS_URL,SRC_REG_EXP,DEST_REG_EXP,EXEC_JAVASCRIPT,PAGE_URL_AS_VALUE,REG_EXP_ITEM_RELATION,BY_ELE_TYPE,BY_ELE_VAL,BY_TAG_ATTRIBUTE,BY_TAG_ATTRIBUTE_VALUE_PLUS,PARSE_VALUE_REG_EXP,IS_DIRECT_GET_TEXT,USE_THIS_SETTING_URL_CHARACTOR) values (25,23,'data_ios_app','iphone_img_url1','iphone屏幕截图地址1',null,null,null,'DATA_TYPE_STRING',null,null,0,0,null,null,null,0,0,null,null,null,null,null,null,null);
Insert into DATACOLLECT.PARSE_ITEM (ID,PARSE_ID,SAVE_TO_TABLE,SAVE_TO_COLUMN,COLUMN_DESC,CHARACTOR,NOT_CHARACTOR,DEFAULT_VAL,DATA_TYPE,NUMBER_MULTIPLY_BY,DATE_FORMAT,IS_CHECK_REPEAT_COLUMN,IS_URL,SRC_REG_EXP,DEST_REG_EXP,EXEC_JAVASCRIPT,PAGE_URL_AS_VALUE,REG_EXP_ITEM_RELATION,BY_ELE_TYPE,BY_ELE_VAL,BY_TAG_ATTRIBUTE,BY_TAG_ATTRIBUTE_VALUE_PLUS,PARSE_VALUE_REG_EXP,IS_DIRECT_GET_TEXT,USE_THIS_SETTING_URL_CHARACTOR) values (26,23,'data_ios_app','iphone_img_url2','iphone屏幕截图地址2',null,null,null,'DATA_TYPE_STRING',null,null,0,0,null,null,null,0,0,null,null,null,null,null,null,null);
Insert into DATACOLLECT.PARSE_ITEM (ID,PARSE_ID,SAVE_TO_TABLE,SAVE_TO_COLUMN,COLUMN_DESC,CHARACTOR,NOT_CHARACTOR,DEFAULT_VAL,DATA_TYPE,NUMBER_MULTIPLY_BY,DATE_FORMAT,IS_CHECK_REPEAT_COLUMN,IS_URL,SRC_REG_EXP,DEST_REG_EXP,EXEC_JAVASCRIPT,PAGE_URL_AS_VALUE,REG_EXP_ITEM_RELATION,BY_ELE_TYPE,BY_ELE_VAL,BY_TAG_ATTRIBUTE,BY_TAG_ATTRIBUTE_VALUE_PLUS,PARSE_VALUE_REG_EXP,IS_DIRECT_GET_TEXT,USE_THIS_SETTING_URL_CHARACTOR) values (27,23,'data_ios_app','iphone_img_url3','iphone屏幕截图地址3',null,null,null,'DATA_TYPE_STRING',null,null,0,0,null,null,null,0,0,null,null,null,null,null,null,null);
Insert into DATACOLLECT.PARSE_ITEM (ID,PARSE_ID,SAVE_TO_TABLE,SAVE_TO_COLUMN,COLUMN_DESC,CHARACTOR,NOT_CHARACTOR,DEFAULT_VAL,DATA_TYPE,NUMBER_MULTIPLY_BY,DATE_FORMAT,IS_CHECK_REPEAT_COLUMN,IS_URL,SRC_REG_EXP,DEST_REG_EXP,EXEC_JAVASCRIPT,PAGE_URL_AS_VALUE,REG_EXP_ITEM_RELATION,BY_ELE_TYPE,BY_ELE_VAL,BY_TAG_ATTRIBUTE,BY_TAG_ATTRIBUTE_VALUE_PLUS,PARSE_VALUE_REG_EXP,IS_DIRECT_GET_TEXT,USE_THIS_SETTING_URL_CHARACTOR) values (28,23,'data_ios_app','iphone_img_url4','iphone屏幕截图地址4',null,null,null,'DATA_TYPE_STRING',null,null,0,0,null,null,null,0,0,null,null,null,null,null,null,null);
Insert into DATACOLLECT.PARSE_ITEM (ID,PARSE_ID,SAVE_TO_TABLE,SAVE_TO_COLUMN,COLUMN_DESC,CHARACTOR,NOT_CHARACTOR,DEFAULT_VAL,DATA_TYPE,NUMBER_MULTIPLY_BY,DATE_FORMAT,IS_CHECK_REPEAT_COLUMN,IS_URL,SRC_REG_EXP,DEST_REG_EXP,EXEC_JAVASCRIPT,PAGE_URL_AS_VALUE,REG_EXP_ITEM_RELATION,BY_ELE_TYPE,BY_ELE_VAL,BY_TAG_ATTRIBUTE,BY_TAG_ATTRIBUTE_VALUE_PLUS,PARSE_VALUE_REG_EXP,IS_DIRECT_GET_TEXT,USE_THIS_SETTING_URL_CHARACTOR) values (29,23,'data_ios_app','iphone_img_url5','iphone屏幕截图地址5',null,null,null,'DATA_TYPE_STRING',null,null,0,0,null,null,null,0,0,null,null,null,null,null,null,null);
Insert into DATACOLLECT.PARSE_ITEM (ID,PARSE_ID,SAVE_TO_TABLE,SAVE_TO_COLUMN,COLUMN_DESC,CHARACTOR,NOT_CHARACTOR,DEFAULT_VAL,DATA_TYPE,NUMBER_MULTIPLY_BY,DATE_FORMAT,IS_CHECK_REPEAT_COLUMN,IS_URL,SRC_REG_EXP,DEST_REG_EXP,EXEC_JAVASCRIPT,PAGE_URL_AS_VALUE,REG_EXP_ITEM_RELATION,BY_ELE_TYPE,BY_ELE_VAL,BY_TAG_ATTRIBUTE,BY_TAG_ATTRIBUTE_VALUE_PLUS,PARSE_VALUE_REG_EXP,IS_DIRECT_GET_TEXT,USE_THIS_SETTING_URL_CHARACTOR) values (30,23,'data_ios_app','ipad_img_url1','ipad屏幕截图1',null,null,null,'DATA_TYPE_STRING',null,null,0,0,null,null,null,0,0,null,null,null,null,null,null,null);
Insert into DATACOLLECT.PARSE_ITEM (ID,PARSE_ID,SAVE_TO_TABLE,SAVE_TO_COLUMN,COLUMN_DESC,CHARACTOR,NOT_CHARACTOR,DEFAULT_VAL,DATA_TYPE,NUMBER_MULTIPLY_BY,DATE_FORMAT,IS_CHECK_REPEAT_COLUMN,IS_URL,SRC_REG_EXP,DEST_REG_EXP,EXEC_JAVASCRIPT,PAGE_URL_AS_VALUE,REG_EXP_ITEM_RELATION,BY_ELE_TYPE,BY_ELE_VAL,BY_TAG_ATTRIBUTE,BY_TAG_ATTRIBUTE_VALUE_PLUS,PARSE_VALUE_REG_EXP,IS_DIRECT_GET_TEXT,USE_THIS_SETTING_URL_CHARACTOR) values (31,23,'data_ios_app','ipad_img_url2','ipad屏幕截图2',null,null,null,'DATA_TYPE_STRING',null,null,0,0,null,null,null,0,0,null,null,null,null,null,null,null);
Insert into DATACOLLECT.PARSE_ITEM (ID,PARSE_ID,SAVE_TO_TABLE,SAVE_TO_COLUMN,COLUMN_DESC,CHARACTOR,NOT_CHARACTOR,DEFAULT_VAL,DATA_TYPE,NUMBER_MULTIPLY_BY,DATE_FORMAT,IS_CHECK_REPEAT_COLUMN,IS_URL,SRC_REG_EXP,DEST_REG_EXP,EXEC_JAVASCRIPT,PAGE_URL_AS_VALUE,REG_EXP_ITEM_RELATION,BY_ELE_TYPE,BY_ELE_VAL,BY_TAG_ATTRIBUTE,BY_TAG_ATTRIBUTE_VALUE_PLUS,PARSE_VALUE_REG_EXP,IS_DIRECT_GET_TEXT,USE_THIS_SETTING_URL_CHARACTOR) values (32,23,'data_ios_app','ipad_img_url3','ipad屏幕截图3',null,null,null,'DATA_TYPE_STRING',null,null,0,0,null,null,null,0,0,null,null,null,null,null,null,null);
Insert into DATACOLLECT.PARSE_ITEM (ID,PARSE_ID,SAVE_TO_TABLE,SAVE_TO_COLUMN,COLUMN_DESC,CHARACTOR,NOT_CHARACTOR,DEFAULT_VAL,DATA_TYPE,NUMBER_MULTIPLY_BY,DATE_FORMAT,IS_CHECK_REPEAT_COLUMN,IS_URL,SRC_REG_EXP,DEST_REG_EXP,EXEC_JAVASCRIPT,PAGE_URL_AS_VALUE,REG_EXP_ITEM_RELATION,BY_ELE_TYPE,BY_ELE_VAL,BY_TAG_ATTRIBUTE,BY_TAG_ATTRIBUTE_VALUE_PLUS,PARSE_VALUE_REG_EXP,IS_DIRECT_GET_TEXT,USE_THIS_SETTING_URL_CHARACTOR) values (33,23,'data_ios_app','ipad_img_url4','ipad屏幕截图4',null,null,null,'DATA_TYPE_STRING',null,null,0,0,null,null,null,0,0,null,null,null,null,null,null,null);
Insert into DATACOLLECT.PARSE_ITEM (ID,PARSE_ID,SAVE_TO_TABLE,SAVE_TO_COLUMN,COLUMN_DESC,CHARACTOR,NOT_CHARACTOR,DEFAULT_VAL,DATA_TYPE,NUMBER_MULTIPLY_BY,DATE_FORMAT,IS_CHECK_REPEAT_COLUMN,IS_URL,SRC_REG_EXP,DEST_REG_EXP,EXEC_JAVASCRIPT,PAGE_URL_AS_VALUE,REG_EXP_ITEM_RELATION,BY_ELE_TYPE,BY_ELE_VAL,BY_TAG_ATTRIBUTE,BY_TAG_ATTRIBUTE_VALUE_PLUS,PARSE_VALUE_REG_EXP,IS_DIRECT_GET_TEXT,USE_THIS_SETTING_URL_CHARACTOR) values (34,23,'data_ios_app','ipad_img_url5','ipad屏幕截图5',null,null,null,'DATA_TYPE_STRING',null,null,0,0,null,null,null,0,0,null,null,null,null,null,null,null);
Insert into DATACOLLECT.PARSE_ITEM (ID,PARSE_ID,SAVE_TO_TABLE,SAVE_TO_COLUMN,COLUMN_DESC,CHARACTOR,NOT_CHARACTOR,DEFAULT_VAL,DATA_TYPE,NUMBER_MULTIPLY_BY,DATE_FORMAT,IS_CHECK_REPEAT_COLUMN,IS_URL,SRC_REG_EXP,DEST_REG_EXP,EXEC_JAVASCRIPT,PAGE_URL_AS_VALUE,REG_EXP_ITEM_RELATION,BY_ELE_TYPE,BY_ELE_VAL,BY_TAG_ATTRIBUTE,BY_TAG_ATTRIBUTE_VALUE_PLUS,PARSE_VALUE_REG_EXP,IS_DIRECT_GET_TEXT,USE_THIS_SETTING_URL_CHARACTOR) values (35,24,'data_tao_bao_jie','shop_name','淘宝或者天猫店铺名称',null,null,null,'DATA_TYPE_STRING',null,null,0,0,null,null,null,0,0,'XPath','//*[@id=shop-rate-box]/div[1]/div[2]/div/div[2]/div[1]/dl/dd[1]/a;//*[@id=header-content]/div[1]/div[1]/a[1];//*[@id=shop-info]/div[1]/a;//*[@id=mallLogo]/span[2]/a',null,null,null,1,null);
Insert into DATACOLLECT.PARSE_ITEM (ID,PARSE_ID,SAVE_TO_TABLE,SAVE_TO_COLUMN,COLUMN_DESC,CHARACTOR,NOT_CHARACTOR,DEFAULT_VAL,DATA_TYPE,NUMBER_MULTIPLY_BY,DATE_FORMAT,IS_CHECK_REPEAT_COLUMN,IS_URL,SRC_REG_EXP,DEST_REG_EXP,EXEC_JAVASCRIPT,PAGE_URL_AS_VALUE,REG_EXP_ITEM_RELATION,BY_ELE_TYPE,BY_ELE_VAL,BY_TAG_ATTRIBUTE,BY_TAG_ATTRIBUTE_VALUE_PLUS,PARSE_VALUE_REG_EXP,IS_DIRECT_GET_TEXT,USE_THIS_SETTING_URL_CHARACTOR) values (36,24,'data_tao_bao_jie','company_name','商品公司名称',null,null,null,'DATA_TYPE_STRING',null,null,0,0,null,null,null,0,0,'XPath','//*[@id=shop-rate-box]/div[1]/div[2]/div[1]/div[2]/div/ul/li[1]/div[2]',null,null,null,1,null);
Insert into DATACOLLECT.PARSE_ITEM (ID,PARSE_ID,SAVE_TO_TABLE,SAVE_TO_COLUMN,COLUMN_DESC,CHARACTOR,NOT_CHARACTOR,DEFAULT_VAL,DATA_TYPE,NUMBER_MULTIPLY_BY,DATE_FORMAT,IS_CHECK_REPEAT_COLUMN,IS_URL,SRC_REG_EXP,DEST_REG_EXP,EXEC_JAVASCRIPT,PAGE_URL_AS_VALUE,REG_EXP_ITEM_RELATION,BY_ELE_TYPE,BY_ELE_VAL,BY_TAG_ATTRIBUTE,BY_TAG_ATTRIBUTE_VALUE_PLUS,PARSE_VALUE_REG_EXP,IS_DIRECT_GET_TEXT,USE_THIS_SETTING_URL_CHARACTOR) values (37,24,'data_tao_bao_jie','tmall_shop_img_url','是否是天猫店铺的标志图片的url链接地址',null,null,null,'DATA_TYPE_STRING',null,null,0,0,null,null,null,0,0,'XPath','//*[@id=mallLogo]/span[1]/a',null,null,null,1,null);
Insert into DATACOLLECT.PARSE_ITEM (ID,PARSE_ID,SAVE_TO_TABLE,SAVE_TO_COLUMN,COLUMN_DESC,CHARACTOR,NOT_CHARACTOR,DEFAULT_VAL,DATA_TYPE,NUMBER_MULTIPLY_BY,DATE_FORMAT,IS_CHECK_REPEAT_COLUMN,IS_URL,SRC_REG_EXP,DEST_REG_EXP,EXEC_JAVASCRIPT,PAGE_URL_AS_VALUE,REG_EXP_ITEM_RELATION,BY_ELE_TYPE,BY_ELE_VAL,BY_TAG_ATTRIBUTE,BY_TAG_ATTRIBUTE_VALUE_PLUS,PARSE_VALUE_REG_EXP,IS_DIRECT_GET_TEXT,USE_THIS_SETTING_URL_CHARACTOR) values (38,24,'data_tao_bao_jie','pin_pai_zhi_xiao','是否品牌直销的标志',null,null,null,'DATA_TYPE_STRING',null,null,0,0,null,null,null,0,0,'XPath','//*[@id=mallLogo]/span[2]/a/span',null,null,null,1,null);
Insert into DATACOLLECT.PARSE_ITEM (ID,PARSE_ID,SAVE_TO_TABLE,SAVE_TO_COLUMN,COLUMN_DESC,CHARACTOR,NOT_CHARACTOR,DEFAULT_VAL,DATA_TYPE,NUMBER_MULTIPLY_BY,DATE_FORMAT,IS_CHECK_REPEAT_COLUMN,IS_URL,SRC_REG_EXP,DEST_REG_EXP,EXEC_JAVASCRIPT,PAGE_URL_AS_VALUE,REG_EXP_ITEM_RELATION,BY_ELE_TYPE,BY_ELE_VAL,BY_TAG_ATTRIBUTE,BY_TAG_ATTRIBUTE_VALUE_PLUS,PARSE_VALUE_REG_EXP,IS_DIRECT_GET_TEXT,USE_THIS_SETTING_URL_CHARACTOR) values (39,24,'data_tao_bao_jie','seller_name','店主的名称',null,null,null,'DATA_TYPE_STRING',null,null,0,0,null,null,null,0,0,'XPath','//*[@id=shop-rate-box]/div[1]/div[2]/div[1]/div[2]/div[1]/div/a;//*[@id=shop-rate-box]/div[1]/div[2]/div[1]/div[2]/div/div[2]/a',null,null,null,1,null);
Insert into DATACOLLECT.PARSE_ITEM (ID,PARSE_ID,SAVE_TO_TABLE,SAVE_TO_COLUMN,COLUMN_DESC,CHARACTOR,NOT_CHARACTOR,DEFAULT_VAL,DATA_TYPE,NUMBER_MULTIPLY_BY,DATE_FORMAT,IS_CHECK_REPEAT_COLUMN,IS_URL,SRC_REG_EXP,DEST_REG_EXP,EXEC_JAVASCRIPT,PAGE_URL_AS_VALUE,REG_EXP_ITEM_RELATION,BY_ELE_TYPE,BY_ELE_VAL,BY_TAG_ATTRIBUTE,BY_TAG_ATTRIBUTE_VALUE_PLUS,PARSE_VALUE_REG_EXP,IS_DIRECT_GET_TEXT,USE_THIS_SETTING_URL_CHARACTOR) values (40,24,'data_tao_bao_jie','seller_tao_bao_wangwang_url','店主淘宝旺旺url 链接，可以直接点击该链接和店主聊天',null,null,null,'DATA_TYPE_STRING',null,null,0,0,null,null,null,0,0,'XPath','//*[@id=shop-rate-box]/div[1]/div[2]/div[1]/div[2]/div/div[2]/span/a;//*[@id=shop-rate-box]/div[1]/div[2]/div[1]/div[2]/div[1]/div/span/a','href',null,null,0,null);
Insert into DATACOLLECT.PARSE_ITEM (ID,PARSE_ID,SAVE_TO_TABLE,SAVE_TO_COLUMN,COLUMN_DESC,CHARACTOR,NOT_CHARACTOR,DEFAULT_VAL,DATA_TYPE,NUMBER_MULTIPLY_BY,DATE_FORMAT,IS_CHECK_REPEAT_COLUMN,IS_URL,SRC_REG_EXP,DEST_REG_EXP,EXEC_JAVASCRIPT,PAGE_URL_AS_VALUE,REG_EXP_ITEM_RELATION,BY_ELE_TYPE,BY_ELE_VAL,BY_TAG_ATTRIBUTE,BY_TAG_ATTRIBUTE_VALUE_PLUS,PARSE_VALUE_REG_EXP,IS_DIRECT_GET_TEXT,USE_THIS_SETTING_URL_CHARACTOR) values (41,24,'data_tao_bao_jie','main_product','店铺主营业务',null,null,null,'DATA_TYPE_STRING',null,null,0,0,null,null,null,0,0,'XPath','//*[@id=shop-rate-box]/div[1]/div[2]/div[1]/div[2]/div[1]/ul/li[1];//*[@id=shop-rate-box]/div[1]/div[2]/div[1]/div[2]/div/ul/li[2]',null,null,null,1,null);
Insert into DATACOLLECT.PARSE_ITEM (ID,PARSE_ID,SAVE_TO_TABLE,SAVE_TO_COLUMN,COLUMN_DESC,CHARACTOR,NOT_CHARACTOR,DEFAULT_VAL,DATA_TYPE,NUMBER_MULTIPLY_BY,DATE_FORMAT,IS_CHECK_REPEAT_COLUMN,IS_URL,SRC_REG_EXP,DEST_REG_EXP,EXEC_JAVASCRIPT,PAGE_URL_AS_VALUE,REG_EXP_ITEM_RELATION,BY_ELE_TYPE,BY_ELE_VAL,BY_TAG_ATTRIBUTE,BY_TAG_ATTRIBUTE_VALUE_PLUS,PARSE_VALUE_REG_EXP,IS_DIRECT_GET_TEXT,USE_THIS_SETTING_URL_CHARACTOR) values (42,24,'data_tao_bao_jie','main_product_percentage','主营占所有业务的百分比',null,null,null,'DATA_TYPE_STRING',null,null,0,0,null,null,null,0,0,'XPath','//*[@id=shop-rate-box]/div[1]/div[1]/div/div[3]/div[2]/div[2]/div/div[2]/div[3]',null,null,null,1,null);
Insert into DATACOLLECT.PARSE_ITEM (ID,PARSE_ID,SAVE_TO_TABLE,SAVE_TO_COLUMN,COLUMN_DESC,CHARACTOR,NOT_CHARACTOR,DEFAULT_VAL,DATA_TYPE,NUMBER_MULTIPLY_BY,DATE_FORMAT,IS_CHECK_REPEAT_COLUMN,IS_URL,SRC_REG_EXP,DEST_REG_EXP,EXEC_JAVASCRIPT,PAGE_URL_AS_VALUE,REG_EXP_ITEM_RELATION,BY_ELE_TYPE,BY_ELE_VAL,BY_TAG_ATTRIBUTE,BY_TAG_ATTRIBUTE_VALUE_PLUS,PARSE_VALUE_REG_EXP,IS_DIRECT_GET_TEXT,USE_THIS_SETTING_URL_CHARACTOR) values (43,24,'data_tao_bao_jie','area','所在地区','所在地区：',null,null,'DATA_TYPE_STRING',null,null,0,0,null,null,null,0,0,'XPath','//*[@id=shop-rate-box]/div[1]/div[2]/div/div[2]/div[1]/dl/dd[1];//*[@id=shop-rate-box]/div[1]/div[2]/div[1]/div[2]/div[1]/ul/li[2];//*[@id=shop-rate-box]/div[1]/div[2]/div[1]/div[2]/div/ul/li[3]',null,null,null,1,null);
Insert into DATACOLLECT.PARSE_ITEM (ID,PARSE_ID,SAVE_TO_TABLE,SAVE_TO_COLUMN,COLUMN_DESC,CHARACTOR,NOT_CHARACTOR,DEFAULT_VAL,DATA_TYPE,NUMBER_MULTIPLY_BY,DATE_FORMAT,IS_CHECK_REPEAT_COLUMN,IS_URL,SRC_REG_EXP,DEST_REG_EXP,EXEC_JAVASCRIPT,PAGE_URL_AS_VALUE,REG_EXP_ITEM_RELATION,BY_ELE_TYPE,BY_ELE_VAL,BY_TAG_ATTRIBUTE,BY_TAG_ATTRIBUTE_VALUE_PLUS,PARSE_VALUE_REG_EXP,IS_DIRECT_GET_TEXT,USE_THIS_SETTING_URL_CHARACTOR) values (44,24,'data_tao_bao_jie','create_time','店铺创建时间','创店时间：',null,null,'DATA_TYPE_STRING',null,null,0,0,null,null,null,0,0,'XPath','//*[@id=shop-rate-box]/div[1]/div[2]/div[1]/div[2]/div[1]/ul/li[3];',null,null,null,1,null);
Insert into DATACOLLECT.PARSE_ITEM (ID,PARSE_ID,SAVE_TO_TABLE,SAVE_TO_COLUMN,COLUMN_DESC,CHARACTOR,NOT_CHARACTOR,DEFAULT_VAL,DATA_TYPE,NUMBER_MULTIPLY_BY,DATE_FORMAT,IS_CHECK_REPEAT_COLUMN,IS_URL,SRC_REG_EXP,DEST_REG_EXP,EXEC_JAVASCRIPT,PAGE_URL_AS_VALUE,REG_EXP_ITEM_RELATION,BY_ELE_TYPE,BY_ELE_VAL,BY_TAG_ATTRIBUTE,BY_TAG_ATTRIBUTE_VALUE_PLUS,PARSE_VALUE_REG_EXP,IS_DIRECT_GET_TEXT,USE_THIS_SETTING_URL_CHARACTOR) values (45,24,'data_tao_bao_jie','seller_credict','卖家信用',null,null,null,'DATA_TYPE_STRING',null,null,0,0,null,null,null,0,0,'XPath','//*[@id=shop-rate-box]/div[1]/div[2]/div[1]/div[2]/div[2]/ul/li[1]',null,null,null,1,null);
Insert into DATACOLLECT.PARSE_ITEM (ID,PARSE_ID,SAVE_TO_TABLE,SAVE_TO_COLUMN,COLUMN_DESC,CHARACTOR,NOT_CHARACTOR,DEFAULT_VAL,DATA_TYPE,NUMBER_MULTIPLY_BY,DATE_FORMAT,IS_CHECK_REPEAT_COLUMN,IS_URL,SRC_REG_EXP,DEST_REG_EXP,EXEC_JAVASCRIPT,PAGE_URL_AS_VALUE,REG_EXP_ITEM_RELATION,BY_ELE_TYPE,BY_ELE_VAL,BY_TAG_ATTRIBUTE,BY_TAG_ATTRIBUTE_VALUE_PLUS,PARSE_VALUE_REG_EXP,IS_DIRECT_GET_TEXT,USE_THIS_SETTING_URL_CHARACTOR) values (46,24,'data_tao_bao_jie','buyer_credict','买家信用','买家信用',null,null,'DATA_TYPE_STRING',null,null,0,0,null,null,null,0,0,'XPath','//*[@id=shop-rate-box]/div[1]/div[2]/div[1]/div[2]/div[2]/ul/li[2];//*[@id=shop-rate-box]/div[1]/div[2]/div/div[2]/div[2]/ul/li',null,null,null,1,null);
Insert into DATACOLLECT.PARSE_ITEM (ID,PARSE_ID,SAVE_TO_TABLE,SAVE_TO_COLUMN,COLUMN_DESC,CHARACTOR,NOT_CHARACTOR,DEFAULT_VAL,DATA_TYPE,NUMBER_MULTIPLY_BY,DATE_FORMAT,IS_CHECK_REPEAT_COLUMN,IS_URL,SRC_REG_EXP,DEST_REG_EXP,EXEC_JAVASCRIPT,PAGE_URL_AS_VALUE,REG_EXP_ITEM_RELATION,BY_ELE_TYPE,BY_ELE_VAL,BY_TAG_ATTRIBUTE,BY_TAG_ATTRIBUTE_VALUE_PLUS,PARSE_VALUE_REG_EXP,IS_DIRECT_GET_TEXT,USE_THIS_SETTING_URL_CHARACTOR) values (47,24,'data_tao_bao_jie','seller_credict_pic_url','卖家信用图片链接地址',null,null,null,'DATA_TYPE_STRING',null,null,0,0,null,null,null,0,0,'XPath','//*[@id=shop-rate-box]/div[1]/div[2]/div[1]/div[2]/div[2]/ul/li[1]/a/img','src',null,null,0,null);
Insert into DATACOLLECT.PARSE_ITEM (ID,PARSE_ID,SAVE_TO_TABLE,SAVE_TO_COLUMN,COLUMN_DESC,CHARACTOR,NOT_CHARACTOR,DEFAULT_VAL,DATA_TYPE,NUMBER_MULTIPLY_BY,DATE_FORMAT,IS_CHECK_REPEAT_COLUMN,IS_URL,SRC_REG_EXP,DEST_REG_EXP,EXEC_JAVASCRIPT,PAGE_URL_AS_VALUE,REG_EXP_ITEM_RELATION,BY_ELE_TYPE,BY_ELE_VAL,BY_TAG_ATTRIBUTE,BY_TAG_ATTRIBUTE_VALUE_PLUS,PARSE_VALUE_REG_EXP,IS_DIRECT_GET_TEXT,USE_THIS_SETTING_URL_CHARACTOR) values (48,24,'data_tao_bao_jie','buyer_credict_pic_url','买家信用图片地址',null,null,null,'DATA_TYPE_STRING',null,null,0,0,null,null,null,0,0,'XPath','//*[@id=shop-rate-box]/div[1]/div[2]/div[1]/div[2]/div[2]/ul/li[2]/a/img;//*[@id=shop-rate-box]/div[1]/div[2]/div/div[2]/div[2]/ul/li/a[2]/img','src',null,null,0,null);
Insert into DATACOLLECT.PARSE_ITEM (ID,PARSE_ID,SAVE_TO_TABLE,SAVE_TO_COLUMN,COLUMN_DESC,CHARACTOR,NOT_CHARACTOR,DEFAULT_VAL,DATA_TYPE,NUMBER_MULTIPLY_BY,DATE_FORMAT,IS_CHECK_REPEAT_COLUMN,IS_URL,SRC_REG_EXP,DEST_REG_EXP,EXEC_JAVASCRIPT,PAGE_URL_AS_VALUE,REG_EXP_ITEM_RELATION,BY_ELE_TYPE,BY_ELE_VAL,BY_TAG_ATTRIBUTE,BY_TAG_ATTRIBUTE_VALUE_PLUS,PARSE_VALUE_REG_EXP,IS_DIRECT_GET_TEXT,USE_THIS_SETTING_URL_CHARACTOR) values (49,24,'data_tao_bao_jie','buyer_vip_pic_url','买家 vip 图片链接地址',null,null,null,'DATA_TYPE_STRING',null,null,0,0,null,null,null,0,0,'XPath','//*[@id=shop-rate-box]/div[1]/div[2]/div[1]/div[2]/div[2]/ul/li[2]/span/a/img','src',null,null,0,null);
Insert into DATACOLLECT.PARSE_ITEM (ID,PARSE_ID,SAVE_TO_TABLE,SAVE_TO_COLUMN,COLUMN_DESC,CHARACTOR,NOT_CHARACTOR,DEFAULT_VAL,DATA_TYPE,NUMBER_MULTIPLY_BY,DATE_FORMAT,IS_CHECK_REPEAT_COLUMN,IS_URL,SRC_REG_EXP,DEST_REG_EXP,EXEC_JAVASCRIPT,PAGE_URL_AS_VALUE,REG_EXP_ITEM_RELATION,BY_ELE_TYPE,BY_ELE_VAL,BY_TAG_ATTRIBUTE,BY_TAG_ATTRIBUTE_VALUE_PLUS,PARSE_VALUE_REG_EXP,IS_DIRECT_GET_TEXT,USE_THIS_SETTING_URL_CHARACTOR) values (50,24,'data_tao_bao_jie','buyer_vip_text','买家会员资格文字描述',null,null,null,'DATA_TYPE_STRING',null,null,0,0,null,null,null,0,0,'XPath','//*[@id=shop-rate-box]/div[1]/div[2]/div[1]/div[2]/div[2]/ul/li[2]/span/a/img','title',null,null,0,null);
Insert into DATACOLLECT.PARSE_ITEM (ID,PARSE_ID,SAVE_TO_TABLE,SAVE_TO_COLUMN,COLUMN_DESC,CHARACTOR,NOT_CHARACTOR,DEFAULT_VAL,DATA_TYPE,NUMBER_MULTIPLY_BY,DATE_FORMAT,IS_CHECK_REPEAT_COLUMN,IS_URL,SRC_REG_EXP,DEST_REG_EXP,EXEC_JAVASCRIPT,PAGE_URL_AS_VALUE,REG_EXP_ITEM_RELATION,BY_ELE_TYPE,BY_ELE_VAL,BY_TAG_ATTRIBUTE,BY_TAG_ATTRIBUTE_VALUE_PLUS,PARSE_VALUE_REG_EXP,IS_DIRECT_GET_TEXT,USE_THIS_SETTING_URL_CHARACTOR) values (51,24,'data_tao_bao_jie','product_count','商铺拥有的商品数量',null,null,null,'DATA_TYPE_STRING',null,null,0,0,null,null,null,0,0,'XPath','//*[@id=shop-info]/div[3]/div[4]/ul/li[2];//*[@id=header-content]/div[1]/div[4]/div[2]/div[1]/dl[3]/dd/span',null,null,null,1,null);
Insert into DATACOLLECT.PARSE_ITEM (ID,PARSE_ID,SAVE_TO_TABLE,SAVE_TO_COLUMN,COLUMN_DESC,CHARACTOR,NOT_CHARACTOR,DEFAULT_VAL,DATA_TYPE,NUMBER_MULTIPLY_BY,DATE_FORMAT,IS_CHECK_REPEAT_COLUMN,IS_URL,SRC_REG_EXP,DEST_REG_EXP,EXEC_JAVASCRIPT,PAGE_URL_AS_VALUE,REG_EXP_ITEM_RELATION,BY_ELE_TYPE,BY_ELE_VAL,BY_TAG_ATTRIBUTE,BY_TAG_ATTRIBUTE_VALUE_PLUS,PARSE_VALUE_REG_EXP,IS_DIRECT_GET_TEXT,USE_THIS_SETTING_URL_CHARACTOR) values (52,24,'data_tao_bao_jie','seller_xiao_fei_bao_zhang','卖家消费保障',null,null,null,'DATA_TYPE_STRING',null,null,0,0,null,null,null,0,0,'XPath','//*[@id=shop-rate-box]/div[1]/div[2]/div[2]/div[2]/div[1]/div[1]/div[2]/ul/li[1]/a',null,null,null,1,null);
Insert into DATACOLLECT.PARSE_ITEM (ID,PARSE_ID,SAVE_TO_TABLE,SAVE_TO_COLUMN,COLUMN_DESC,CHARACTOR,NOT_CHARACTOR,DEFAULT_VAL,DATA_TYPE,NUMBER_MULTIPLY_BY,DATE_FORMAT,IS_CHECK_REPEAT_COLUMN,IS_URL,SRC_REG_EXP,DEST_REG_EXP,EXEC_JAVASCRIPT,PAGE_URL_AS_VALUE,REG_EXP_ITEM_RELATION,BY_ELE_TYPE,BY_ELE_VAL,BY_TAG_ATTRIBUTE,BY_TAG_ATTRIBUTE_VALUE_PLUS,PARSE_VALUE_REG_EXP,IS_DIRECT_GET_TEXT,USE_THIS_SETTING_URL_CHARACTOR) values (53,24,'data_tao_bao_jie','tmall_zheng_pin','天猫商铺保证正品的标识',null,null,null,'DATA_TYPE_STRING',null,null,0,0,null,null,null,0,0,'XPath','//*[@id=shop-rate-box]/div[1]/div[2]/div[2]/div[2]/div[1]/div[1]/div[2]/a[1]','title',null,null,0,null);
Insert into DATACOLLECT.PARSE_ITEM (ID,PARSE_ID,SAVE_TO_TABLE,SAVE_TO_COLUMN,COLUMN_DESC,CHARACTOR,NOT_CHARACTOR,DEFAULT_VAL,DATA_TYPE,NUMBER_MULTIPLY_BY,DATE_FORMAT,IS_CHECK_REPEAT_COLUMN,IS_URL,SRC_REG_EXP,DEST_REG_EXP,EXEC_JAVASCRIPT,PAGE_URL_AS_VALUE,REG_EXP_ITEM_RELATION,BY_ELE_TYPE,BY_ELE_VAL,BY_TAG_ATTRIBUTE,BY_TAG_ATTRIBUTE_VALUE_PLUS,PARSE_VALUE_REG_EXP,IS_DIRECT_GET_TEXT,USE_THIS_SETTING_URL_CHARACTOR) values (54,24,'data_tao_bao_jie','seller_7_tian_tui_huan','7天退换文字',null,null,null,'DATA_TYPE_STRING',null,null,0,0,null,null,null,0,0,'XPath','//*[@id=shop-rate-box]/div[1]/div[2]/div[2]/div[2]/div[1]/div[1]/div[2]/ul/li[2]/a;//*[@id=shop-rate-box]/div[1]/div[2]/div[2]/div[2]/div[1]/div[1]/div[2]/a[3]','title',null,null,0,null);
Insert into DATACOLLECT.PARSE_ITEM (ID,PARSE_ID,SAVE_TO_TABLE,SAVE_TO_COLUMN,COLUMN_DESC,CHARACTOR,NOT_CHARACTOR,DEFAULT_VAL,DATA_TYPE,NUMBER_MULTIPLY_BY,DATE_FORMAT,IS_CHECK_REPEAT_COLUMN,IS_URL,SRC_REG_EXP,DEST_REG_EXP,EXEC_JAVASCRIPT,PAGE_URL_AS_VALUE,REG_EXP_ITEM_RELATION,BY_ELE_TYPE,BY_ELE_VAL,BY_TAG_ATTRIBUTE,BY_TAG_ATTRIBUTE_VALUE_PLUS,PARSE_VALUE_REG_EXP,IS_DIRECT_GET_TEXT,USE_THIS_SETTING_URL_CHARACTOR) values (55,24,'data_tao_bao_jie','seller_jia_yi_pei_3','卖家承诺假一赔3的文字',null,null,null,'DATA_TYPE_STRING',null,null,0,0,null,null,null,0,0,'XPath','//*[@id=shop-rate-box]/div[1]/div[2]/div[2]/div[2]/div[1]/div[1]/div[2]/ul/li[3]/a',null,null,null,1,null);
Insert into DATACOLLECT.PARSE_ITEM (ID,PARSE_ID,SAVE_TO_TABLE,SAVE_TO_COLUMN,COLUMN_DESC,CHARACTOR,NOT_CHARACTOR,DEFAULT_VAL,DATA_TYPE,NUMBER_MULTIPLY_BY,DATE_FORMAT,IS_CHECK_REPEAT_COLUMN,IS_URL,SRC_REG_EXP,DEST_REG_EXP,EXEC_JAVASCRIPT,PAGE_URL_AS_VALUE,REG_EXP_ITEM_RELATION,BY_ELE_TYPE,BY_ELE_VAL,BY_TAG_ATTRIBUTE,BY_TAG_ATTRIBUTE_VALUE_PLUS,PARSE_VALUE_REG_EXP,IS_DIRECT_GET_TEXT,USE_THIS_SETTING_URL_CHARACTOR) values (141,27,'DATA_XIU_HAO_CHI','SHANG_PIN_LAI_YUAN','商品信息来源',' ',' ','2','DATA_TYPE_STRING',' ',' ',0,0,' ',' ',' ',0,0,'Id','qq',' ',0,' ',0,' ');
Insert into DATACOLLECT.PARSE_ITEM (ID,PARSE_ID,SAVE_TO_TABLE,SAVE_TO_COLUMN,COLUMN_DESC,CHARACTOR,NOT_CHARACTOR,DEFAULT_VAL,DATA_TYPE,NUMBER_MULTIPLY_BY,DATE_FORMAT,IS_CHECK_REPEAT_COLUMN,IS_URL,SRC_REG_EXP,DEST_REG_EXP,EXEC_JAVASCRIPT,PAGE_URL_AS_VALUE,REG_EXP_ITEM_RELATION,BY_ELE_TYPE,BY_ELE_VAL,BY_TAG_ATTRIBUTE,BY_TAG_ATTRIBUTE_VALUE_PLUS,PARSE_VALUE_REG_EXP,IS_DIRECT_GET_TEXT,USE_THIS_SETTING_URL_CHARACTOR) values (214,31,'DATA_XIU_HAO_CHI','CU_XIAO_JIA','促销价',' ',' ',' ','DATA_TYPE_STRING',' ',' ',0,0,' ',' ',' ',0,0,'Id','product-promotions',' ',0,' ',1,' ');
Insert into DATACOLLECT.PARSE_ITEM (ID,PARSE_ID,SAVE_TO_TABLE,SAVE_TO_COLUMN,COLUMN_DESC,CHARACTOR,NOT_CHARACTOR,DEFAULT_VAL,DATA_TYPE,NUMBER_MULTIPLY_BY,DATE_FORMAT,IS_CHECK_REPEAT_COLUMN,IS_URL,SRC_REG_EXP,DEST_REG_EXP,EXEC_JAVASCRIPT,PAGE_URL_AS_VALUE,REG_EXP_ITEM_RELATION,BY_ELE_TYPE,BY_ELE_VAL,BY_TAG_ATTRIBUTE,BY_TAG_ATTRIBUTE_VALUE_PLUS,PARSE_VALUE_REG_EXP,IS_DIRECT_GET_TEXT,USE_THIS_SETTING_URL_CHARACTOR) values (236,31,'DATA_XIU_HAO_CHI','HAO_PING_LV','商品好评率',' ',' ',' ','DATA_TYPE_STRING','1',' ',0,0,' ',' ',' ',0,0,'XPath','//*[@id="i-comment"]/div[1]/strong',' ',0,' ',1,' ');
Insert into DATACOLLECT.PARSE_ITEM (ID,PARSE_ID,SAVE_TO_TABLE,SAVE_TO_COLUMN,COLUMN_DESC,CHARACTOR,NOT_CHARACTOR,DEFAULT_VAL,DATA_TYPE,NUMBER_MULTIPLY_BY,DATE_FORMAT,IS_CHECK_REPEAT_COLUMN,IS_URL,SRC_REG_EXP,DEST_REG_EXP,EXEC_JAVASCRIPT,PAGE_URL_AS_VALUE,REG_EXP_ITEM_RELATION,BY_ELE_TYPE,BY_ELE_VAL,BY_TAG_ATTRIBUTE,BY_TAG_ATTRIBUTE_VALUE_PLUS,PARSE_VALUE_REG_EXP,IS_DIRECT_GET_TEXT,USE_THIS_SETTING_URL_CHARACTOR) values (221,31,'DATA_XIU_HAO_CHI','ITEM_URL','商品链接url',' ',' ',' ','DATA_TYPE_STRING',' ',' ',1,0,' ',' ',' ',1,0,'Id','qq',' ',0,' ',0,' ');
Insert into DATACOLLECT.PARSE_ITEM (ID,PARSE_ID,SAVE_TO_TABLE,SAVE_TO_COLUMN,COLUMN_DESC,CHARACTOR,NOT_CHARACTOR,DEFAULT_VAL,DATA_TYPE,NUMBER_MULTIPLY_BY,DATE_FORMAT,IS_CHECK_REPEAT_COLUMN,IS_URL,SRC_REG_EXP,DEST_REG_EXP,EXEC_JAVASCRIPT,PAGE_URL_AS_VALUE,REG_EXP_ITEM_RELATION,BY_ELE_TYPE,BY_ELE_VAL,BY_TAG_ATTRIBUTE,BY_TAG_ATTRIBUTE_VALUE_PLUS,PARSE_VALUE_REG_EXP,IS_DIRECT_GET_TEXT,USE_THIS_SETTING_URL_CHARACTOR) values (231,31,'DATA_XIU_HAO_CHI','PING_FEN','商品评分',' ',' ',' ','DATA_TYPE_STRING',' ',' ',0,0,'star sa',' ',' ',0,0,'XPath','//*[@id="summary-grade"]/div[2]/span','class',0,' ',0,' ');
Insert into DATACOLLECT.PARSE_ITEM (ID,PARSE_ID,SAVE_TO_TABLE,SAVE_TO_COLUMN,COLUMN_DESC,CHARACTOR,NOT_CHARACTOR,DEFAULT_VAL,DATA_TYPE,NUMBER_MULTIPLY_BY,DATE_FORMAT,IS_CHECK_REPEAT_COLUMN,IS_URL,SRC_REG_EXP,DEST_REG_EXP,EXEC_JAVASCRIPT,PAGE_URL_AS_VALUE,REG_EXP_ITEM_RELATION,BY_ELE_TYPE,BY_ELE_VAL,BY_TAG_ATTRIBUTE,BY_TAG_ATTRIBUTE_VALUE_PLUS,PARSE_VALUE_REG_EXP,IS_DIRECT_GET_TEXT,USE_THIS_SETTING_URL_CHARACTOR) values (209,30,'DATA_XIU_HAO_CHI','SHOP_NAME','店铺名称',' ',' ',' ','DATA_TYPE_STRING',' ',' ',0,0,' ',' ',' ',0,0,'XPath','//*[@id="mallLogo"]/span[2]/a',' ',0,' ',1,' ');
Insert into DATACOLLECT.PARSE_ITEM (ID,PARSE_ID,SAVE_TO_TABLE,SAVE_TO_COLUMN,COLUMN_DESC,CHARACTOR,NOT_CHARACTOR,DEFAULT_VAL,DATA_TYPE,NUMBER_MULTIPLY_BY,DATE_FORMAT,IS_CHECK_REPEAT_COLUMN,IS_URL,SRC_REG_EXP,DEST_REG_EXP,EXEC_JAVASCRIPT,PAGE_URL_AS_VALUE,REG_EXP_ITEM_RELATION,BY_ELE_TYPE,BY_ELE_VAL,BY_TAG_ATTRIBUTE,BY_TAG_ATTRIBUTE_VALUE_PLUS,PARSE_VALUE_REG_EXP,IS_DIRECT_GET_TEXT,USE_THIS_SETTING_URL_CHARACTOR) values (234,31,'DATA_XIU_HAO_CHI','SHOP_NAME','店铺名称',' ',' ','京东商城自营商品','DATA_TYPE_STRING',' ',' ',0,0,' ',' ',' ',0,0,'XPath','//*[@id="seller"]/dd/a',' ',0,' ',1,' ');
Insert into DATACOLLECT.PARSE_ITEM (ID,PARSE_ID,SAVE_TO_TABLE,SAVE_TO_COLUMN,COLUMN_DESC,CHARACTOR,NOT_CHARACTOR,DEFAULT_VAL,DATA_TYPE,NUMBER_MULTIPLY_BY,DATE_FORMAT,IS_CHECK_REPEAT_COLUMN,IS_URL,SRC_REG_EXP,DEST_REG_EXP,EXEC_JAVASCRIPT,PAGE_URL_AS_VALUE,REG_EXP_ITEM_RELATION,BY_ELE_TYPE,BY_ELE_VAL,BY_TAG_ATTRIBUTE,BY_TAG_ATTRIBUTE_VALUE_PLUS,PARSE_VALUE_REG_EXP,IS_DIRECT_GET_TEXT,USE_THIS_SETTING_URL_CHARACTOR) values (402,46,'DATA_XIU_HAO_CHI','CU_XIAO_JIA','促销价',' ',' ',' ','DATA_TYPE_STRING',' ',' ',0,0,' ',' ',' ',0,0,'Id','promo_price',' ',0,' ',1,' ');
Insert into DATACOLLECT.PARSE_ITEM (ID,PARSE_ID,SAVE_TO_TABLE,SAVE_TO_COLUMN,COLUMN_DESC,CHARACTOR,NOT_CHARACTOR,DEFAULT_VAL,DATA_TYPE,NUMBER_MULTIPLY_BY,DATE_FORMAT,IS_CHECK_REPEAT_COLUMN,IS_URL,SRC_REG_EXP,DEST_REG_EXP,EXEC_JAVASCRIPT,PAGE_URL_AS_VALUE,REG_EXP_ITEM_RELATION,BY_ELE_TYPE,BY_ELE_VAL,BY_TAG_ATTRIBUTE,BY_TAG_ATTRIBUTE_VALUE_PLUS,PARSE_VALUE_REG_EXP,IS_DIRECT_GET_TEXT,USE_THIS_SETTING_URL_CHARACTOR) values (407,46,'DATA_XIU_HAO_CHI','HAO_PING_LV_NUM','店铺好评率数值',' ',' ',' ','DATA_TYPE_NUMBER','1',' ',0,0,'\%',' ',' ',0,0,'XPath','//*[@id="comm_num_up"]/i',' ',0,' ',1,' ');
Insert into DATACOLLECT.PARSE_ITEM (ID,PARSE_ID,SAVE_TO_TABLE,SAVE_TO_COLUMN,COLUMN_DESC,CHARACTOR,NOT_CHARACTOR,DEFAULT_VAL,DATA_TYPE,NUMBER_MULTIPLY_BY,DATE_FORMAT,IS_CHECK_REPEAT_COLUMN,IS_URL,SRC_REG_EXP,DEST_REG_EXP,EXEC_JAVASCRIPT,PAGE_URL_AS_VALUE,REG_EXP_ITEM_RELATION,BY_ELE_TYPE,BY_ELE_VAL,BY_TAG_ATTRIBUTE,BY_TAG_ATTRIBUTE_VALUE_PLUS,PARSE_VALUE_REG_EXP,IS_DIRECT_GET_TEXT,USE_THIS_SETTING_URL_CHARACTOR) values (411,46,'DATA_XIU_HAO_CHI','JIA_GE_NUM','商品价格数字表示',' ',' ',' ','DATA_TYPE_NUMBER',' ',' ',0,0,'-.*$;?',' ',' ',0,1,'Id','salePriceTag',' ',0,' ',1,' ');
REM INSERTING into DATACOLLECT.PARSE_ITEM_ACTION
SET DEFINE OFF;
Insert into DATACOLLECT.PARSE_ITEM_ACTION (ID,PARSE_ITEM_ID,BY_ELE_TYPE,BY_ELE_VAL,BY_ELE_ACTION) values (4,-1,'Id','telbtn','JAVA_SCRIPT_ACTION_CLICK');
REM INSERTING into DATACOLLECT.PARSE_PAGE_EXCEPTION
SET DEFINE OFF;
REM INSERTING into DATACOLLECT.ROLE
SET DEFINE OFF;
Insert into DATACOLLECT.ROLE (ID,ROLE_NAME,ROLE_DESC) values (1,'Admin','Administrator of this system.');
Insert into DATACOLLECT.ROLE (ID,ROLE_NAME,ROLE_DESC) values (2,'Super Admin','Super administrator of this system.');
REM INSERTING into DATACOLLECT.ROLE_MENU_MAP
SET DEFINE OFF;
Insert into DATACOLLECT.ROLE_MENU_MAP (ROLE_ID,MENU_ID) values (2,1);
Insert into DATACOLLECT.ROLE_MENU_MAP (ROLE_ID,MENU_ID) values (2,2);
Insert into DATACOLLECT.ROLE_MENU_MAP (ROLE_ID,MENU_ID) values (2,3);
Insert into DATACOLLECT.ROLE_MENU_MAP (ROLE_ID,MENU_ID) values (2,4);
Insert into DATACOLLECT.ROLE_MENU_MAP (ROLE_ID,MENU_ID) values (2,5);
Insert into DATACOLLECT.ROLE_MENU_MAP (ROLE_ID,MENU_ID) values (2,6);
Insert into DATACOLLECT.ROLE_MENU_MAP (ROLE_ID,MENU_ID) values (2,7);
Insert into DATACOLLECT.ROLE_MENU_MAP (ROLE_ID,MENU_ID) values (2,8);
Insert into DATACOLLECT.ROLE_MENU_MAP (ROLE_ID,MENU_ID) values (2,9);
REM INSERTING into DATACOLLECT.SELENIUM_SETTING
SET DEFINE OFF;
REM INSERTING into DATACOLLECT.SITE
SET DEFINE OFF;
Insert into DATACOLLECT.SITE (ID,CATEGORY_ID,SITE_NAME,SITE_DESC,PARSE_ID,TOP_URL,START_DOWNLOAD_TIME,DOWNLOAD_DURATION_SECONDS,OVER_WRITE_ATTRIBUTES,DOWNLOAD_TASK_REGET_DURATION_D,NEED_LOGIN,LOGIN_CHECK_RETURN_URL,LOGIN_CHECK_RETURN_DATA,LOGIN_CHECK_RETURN_DATA_XPATH,TEST_PASSED,SITE_STATUS,MULTI_COUNTRY,PLACE_HOLDERS,BROWSER_TYPE,ACCESS_DENIED_PAGE_ELEMENT_XP,ACCESS_DENIED_PAGE_ELEMENT_VAL,ALERT_TEXT_TO_RESET_D_TASK,NEED_SCROLL_PAGE_URL_CHAR,NOT_NEED_SCROLL_PAGE_URL_CHAR,SET_HIGH_LEVEL_TASK_URL_CHAR,SET_MIDDLE_LEVEL_TASK_URL_CHAR,SHOW_IMG_IN_BROWSER) values (1,8,'新浪软件下载','新浪软件下载',22,'http://tech.sina.com.cn/down/',8,9,null,10,0,null,null,null,0,0,0,null,'WEB_DRIVER_BROWSER_TYPE_HTML_UNIT',null,null,null,null,null,null,null,0);
Insert into DATACOLLECT.SITE (ID,CATEGORY_ID,SITE_NAME,SITE_DESC,PARSE_ID,TOP_URL,START_DOWNLOAD_TIME,DOWNLOAD_DURATION_SECONDS,OVER_WRITE_ATTRIBUTES,DOWNLOAD_TASK_REGET_DURATION_D,NEED_LOGIN,LOGIN_CHECK_RETURN_URL,LOGIN_CHECK_RETURN_DATA,LOGIN_CHECK_RETURN_DATA_XPATH,TEST_PASSED,SITE_STATUS,MULTI_COUNTRY,PLACE_HOLDERS,BROWSER_TYPE,ACCESS_DENIED_PAGE_ELEMENT_XP,ACCESS_DENIED_PAGE_ELEMENT_VAL,ALERT_TEXT_TO_RESET_D_TASK,NEED_SCROLL_PAGE_URL_CHAR,NOT_NEED_SCROLL_PAGE_URL_CHAR,SET_HIGH_LEVEL_TASK_URL_CHAR,SET_MIDDLE_LEVEL_TASK_URL_CHAR,SHOW_IMG_IN_BROWSER) values (2,8,'Apple ios app download',null,23,'https://itunes.apple.com/cn/genre/ios/id36?mt=8',3,6,'https://itunes.apple.com/cn/genre/mac/id39?mt=12;https://itunes.apple.com/tw/genre/music/id34;https://itunes.apple.com/tw/genre/movies/id33;https://itunes.apple.com/tw/genre/ios/id36?mt=8;https://itunes.apple.com/tw/genre/podcasts/id26?mt=2;https://itunes.apple.com/tw/genre/books/id38?mt=11;https://itunes.apple.com/tw/genre/music-videos/id31;https://itunes.apple.com/tw/genre/audiobooks/id50000024',9,0,null,null,null,0,0,0,'111111','WEB_DRIVER_BROWSER_TYPE_HTML_UNIT',null,null,null,null,null,null,null,0);
Insert into DATACOLLECT.SITE (ID,CATEGORY_ID,SITE_NAME,SITE_DESC,PARSE_ID,TOP_URL,START_DOWNLOAD_TIME,DOWNLOAD_DURATION_SECONDS,OVER_WRITE_ATTRIBUTES,DOWNLOAD_TASK_REGET_DURATION_D,NEED_LOGIN,LOGIN_CHECK_RETURN_URL,LOGIN_CHECK_RETURN_DATA,LOGIN_CHECK_RETURN_DATA_XPATH,TEST_PASSED,SITE_STATUS,MULTI_COUNTRY,PLACE_HOLDERS,BROWSER_TYPE,ACCESS_DENIED_PAGE_ELEMENT_XP,ACCESS_DENIED_PAGE_ELEMENT_VAL,ALERT_TEXT_TO_RESET_D_TASK,NEED_SCROLL_PAGE_URL_CHAR,NOT_NEED_SCROLL_PAGE_URL_CHAR,SET_HIGH_LEVEL_TASK_URL_CHAR,SET_MIDDLE_LEVEL_TASK_URL_CHAR,SHOW_IMG_IN_BROWSER) values (3,10,'淘宝店铺信息','淘宝店铺信息',24,'http://list.taobao.com/browse/cat-0.htm?',9,9,null,12,0,null,null,null,0,0,0,null,'WEB_DRIVER_BROWSER_TYPE_FIREFOX_10',null,'访问受限了',null,'list.taobao.com/;list.tmall.com/',null,'store.taobao.com;store.tmall.com;/view_shop.htm',null,0);
Insert into DATACOLLECT.SITE (ID,CATEGORY_ID,SITE_NAME,SITE_DESC,PARSE_ID,TOP_URL,START_DOWNLOAD_TIME,DOWNLOAD_DURATION_SECONDS,OVER_WRITE_ATTRIBUTES,DOWNLOAD_TASK_REGET_DURATION_D,NEED_LOGIN,LOGIN_CHECK_RETURN_URL,LOGIN_CHECK_RETURN_DATA,LOGIN_CHECK_RETURN_DATA_XPATH,TEST_PASSED,SITE_STATUS,MULTI_COUNTRY,PLACE_HOLDERS,BROWSER_TYPE,ACCESS_DENIED_PAGE_ELEMENT_XP,ACCESS_DENIED_PAGE_ELEMENT_VAL,ALERT_TEXT_TO_RESET_D_TASK,NEED_SCROLL_PAGE_URL_CHAR,NOT_NEED_SCROLL_PAGE_URL_CHAR,SET_HIGH_LEVEL_TASK_URL_CHAR,SET_MIDDLE_LEVEL_TASK_URL_CHAR,SHOW_IMG_IN_BROWSER) values (6,10,'淘宝各种食品信息(不包括天猫)','解析淘宝里面的美食特产里面的食品信息(不包括天猫)',27,'http://www.taobao.com/market/foodindex.php',9,9,' ',12,0,' ',' ',' ',-1,0,0,' ','WEB_DRIVER_BROWSER_TYPE_FIREFOX_10',' ','访问受限了',' ','list.taobao.com/;s.taobao.com/',' ',' ',' ',0);
Insert into DATACOLLECT.SITE (ID,CATEGORY_ID,SITE_NAME,SITE_DESC,PARSE_ID,TOP_URL,START_DOWNLOAD_TIME,DOWNLOAD_DURATION_SECONDS,OVER_WRITE_ATTRIBUTES,DOWNLOAD_TASK_REGET_DURATION_D,NEED_LOGIN,LOGIN_CHECK_RETURN_URL,LOGIN_CHECK_RETURN_DATA,LOGIN_CHECK_RETURN_DATA_XPATH,TEST_PASSED,SITE_STATUS,MULTI_COUNTRY,PLACE_HOLDERS,BROWSER_TYPE,ACCESS_DENIED_PAGE_ELEMENT_XP,ACCESS_DENIED_PAGE_ELEMENT_VAL,ALERT_TEXT_TO_RESET_D_TASK,NEED_SCROLL_PAGE_URL_CHAR,NOT_NEED_SCROLL_PAGE_URL_CHAR,SET_HIGH_LEVEL_TASK_URL_CHAR,SET_MIDDLE_LEVEL_TASK_URL_CHAR,SHOW_IMG_IN_BROWSER) values (8,10,'淘宝所有品类商品信息(不包括天猫)','解析淘宝里面的淘宝所有品类商品信息(不包括天猫)',29,'http://list.taobao.com/browse/cat-0.htm?',9,9,null,12,0,null,null,null,0,0,0,null,'WEB_DRIVER_BROWSER_TYPE_FIREFOX_10',null,'访问受限了',null,'list.taobao.com/',null,null,null,0);
Insert into DATACOLLECT.SITE (ID,CATEGORY_ID,SITE_NAME,SITE_DESC,PARSE_ID,TOP_URL,START_DOWNLOAD_TIME,DOWNLOAD_DURATION_SECONDS,OVER_WRITE_ATTRIBUTES,DOWNLOAD_TASK_REGET_DURATION_D,NEED_LOGIN,LOGIN_CHECK_RETURN_URL,LOGIN_CHECK_RETURN_DATA,LOGIN_CHECK_RETURN_DATA_XPATH,TEST_PASSED,SITE_STATUS,MULTI_COUNTRY,PLACE_HOLDERS,BROWSER_TYPE,ACCESS_DENIED_PAGE_ELEMENT_XP,ACCESS_DENIED_PAGE_ELEMENT_VAL,ALERT_TEXT_TO_RESET_D_TASK,NEED_SCROLL_PAGE_URL_CHAR,NOT_NEED_SCROLL_PAGE_URL_CHAR,SET_HIGH_LEVEL_TASK_URL_CHAR,SET_MIDDLE_LEVEL_TASK_URL_CHAR,SHOW_IMG_IN_BROWSER) values (9,10,'天猫各种食品信息(不包括淘宝)','解析天猫里面的美食特产里面的食品信息(不包括淘宝)',30,'http://list.tmall.com/search_product.htm?cat=$PlaceHolders$',9,9,' ',12,0,' ',' ',' ',-1,0,0,'50100151;50100152;50100153;50100154;50100155;50100156;50099889;50099289;50099890;50099888;50099887;50099300;50100166;50100167;50099298;50099888','WEB_DRIVER_BROWSER_TYPE_FIREFOX_10',' ','访问受限了',' ','list.tmall.com',' ',' ',' ',0);
Insert into DATACOLLECT.SITE (ID,CATEGORY_ID,SITE_NAME,SITE_DESC,PARSE_ID,TOP_URL,START_DOWNLOAD_TIME,DOWNLOAD_DURATION_SECONDS,OVER_WRITE_ATTRIBUTES,DOWNLOAD_TASK_REGET_DURATION_D,NEED_LOGIN,LOGIN_CHECK_RETURN_URL,LOGIN_CHECK_RETURN_DATA,LOGIN_CHECK_RETURN_DATA_XPATH,TEST_PASSED,SITE_STATUS,MULTI_COUNTRY,PLACE_HOLDERS,BROWSER_TYPE,ACCESS_DENIED_PAGE_ELEMENT_XP,ACCESS_DENIED_PAGE_ELEMENT_VAL,ALERT_TEXT_TO_RESET_D_TASK,NEED_SCROLL_PAGE_URL_CHAR,NOT_NEED_SCROLL_PAGE_URL_CHAR,SET_HIGH_LEVEL_TASK_URL_CHAR,SET_MIDDLE_LEVEL_TASK_URL_CHAR,SHOW_IMG_IN_BROWSER) values (10,10,'京东商城各种食品信息','解析京东商城里面的美食特产里面的食品信息',31,'http://channel.jd.com/food.html',9,9,null,12,0,null,null,null,0,0,0,null,'WEB_DRIVER_BROWSER_TYPE_FIREFOX_10',null,'访问受限了',null,'http://item.jd.com/',null,null,null,1);
Insert into DATACOLLECT.SITE (ID,CATEGORY_ID,SITE_NAME,SITE_DESC,PARSE_ID,TOP_URL,START_DOWNLOAD_TIME,DOWNLOAD_DURATION_SECONDS,OVER_WRITE_ATTRIBUTES,DOWNLOAD_TASK_REGET_DURATION_D,NEED_LOGIN,LOGIN_CHECK_RETURN_URL,LOGIN_CHECK_RETURN_DATA,LOGIN_CHECK_RETURN_DATA_XPATH,TEST_PASSED,SITE_STATUS,MULTI_COUNTRY,PLACE_HOLDERS,BROWSER_TYPE,ACCESS_DENIED_PAGE_ELEMENT_XP,ACCESS_DENIED_PAGE_ELEMENT_VAL,ALERT_TEXT_TO_RESET_D_TASK,NEED_SCROLL_PAGE_URL_CHAR,NOT_NEED_SCROLL_PAGE_URL_CHAR,SET_HIGH_LEVEL_TASK_URL_CHAR,SET_MIDDLE_LEVEL_TASK_URL_CHAR,SHOW_IMG_IN_BROWSER) values (13,10,'当当商城各种食品信息','解析当当商城里面的美食特产里面的食品信息',46,'http://food.dangdang.com/',9,9,' ',12,0,' ',' ',' ',-1,0,0,' ','WEB_DRIVER_BROWSER_TYPE_FIREFOX_10',' ','访问受限了',' ','category.dangdang.com',' ',' ',' ',0);
Insert into DATACOLLECT.SITE (ID,CATEGORY_ID,SITE_NAME,SITE_DESC,PARSE_ID,TOP_URL,START_DOWNLOAD_TIME,DOWNLOAD_DURATION_SECONDS,OVER_WRITE_ATTRIBUTES,DOWNLOAD_TASK_REGET_DURATION_D,NEED_LOGIN,LOGIN_CHECK_RETURN_URL,LOGIN_CHECK_RETURN_DATA,LOGIN_CHECK_RETURN_DATA_XPATH,TEST_PASSED,SITE_STATUS,MULTI_COUNTRY,PLACE_HOLDERS,BROWSER_TYPE,ACCESS_DENIED_PAGE_ELEMENT_XP,ACCESS_DENIED_PAGE_ELEMENT_VAL,ALERT_TEXT_TO_RESET_D_TASK,NEED_SCROLL_PAGE_URL_CHAR,NOT_NEED_SCROLL_PAGE_URL_CHAR,SET_HIGH_LEVEL_TASK_URL_CHAR,SET_MIDDLE_LEVEL_TASK_URL_CHAR,SHOW_IMG_IN_BROWSER) values (14,10,'我买网各种食品信息','解析我买网里面的美食特产里面的食品信息',47,'http://www.womai.com/',9,9,null,12,0,null,null,null,0,0,0,null,'WEB_DRIVER_BROWSER_TYPE_FIREFOX_10',null,'访问受限了',null,'category.dangdang.com',null,null,null,0);
REM INSERTING into DATACOLLECT.SITE_AUTH
SET DEFINE OFF;
REM INSERTING into DATACOLLECT.SITE_CATEGORY
SET DEFINE OFF;
Insert into DATACOLLECT.SITE_CATEGORY (ID,CAT_NAME,CAT_DESC) values (8,'下载网站','记录各种数字产品下载网站的信息');
Insert into DATACOLLECT.SITE_CATEGORY (ID,CAT_NAME,CAT_DESC) values (10,'电子商务网站','抓取电子商务网站店铺，商品，特价，限时特价信息，然后展示给用户，通过淘宝联盟来赚取广告费佣金');
REM INSERTING into DATACOLLECT.SITE_CONTENT_PAGE_CHECK
SET DEFINE OFF;
Insert into DATACOLLECT.SITE_CONTENT_PAGE_CHECK (ID,SITE_ID,BY_ELE_TYPE,BY_ELE_VAL,BY_TAG_ATTRIBUTE,PARSE_VALUE_REG_EXP) values (1,6,'XPath','/html/head/title',null,null);
Insert into DATACOLLECT.SITE_CONTENT_PAGE_CHECK (ID,SITE_ID,BY_ELE_TYPE,BY_ELE_VAL,BY_TAG_ATTRIBUTE,PARSE_VALUE_REG_EXP) values (3,9,'XPath','/html/head/title',null,null);
Insert into DATACOLLECT.SITE_CONTENT_PAGE_CHECK (ID,SITE_ID,BY_ELE_TYPE,BY_ELE_VAL,BY_TAG_ATTRIBUTE,PARSE_VALUE_REG_EXP) values (5,10,'XPath','//*[@id=product-intro]/div[2]/div[1]/h3/strong',null,null);
Insert into DATACOLLECT.SITE_CONTENT_PAGE_CHECK (ID,SITE_ID,BY_ELE_TYPE,BY_ELE_VAL,BY_TAG_ATTRIBUTE,PARSE_VALUE_REG_EXP) values (7,10,'XPath','/html/body/div[4]/div/strong/a',null,null);
Insert into DATACOLLECT.SITE_CONTENT_PAGE_CHECK (ID,SITE_ID,BY_ELE_TYPE,BY_ELE_VAL,BY_TAG_ATTRIBUTE,PARSE_VALUE_REG_EXP) values (8,13,'XPath','//*[@id="main_bd"]/div[1]/a[1]/b',' ',' ');
REM INSERTING into DATACOLLECT.SITE_URL_PARSE
SET DEFINE OFF;
Insert into DATACOLLECT.SITE_URL_PARSE (ID,SITE_ID,URL_XPATH_CHARACTOR,NOT_URL_XPATH_CHARACTOR,URL_CHARACTOR,NOT_URL_CHARACTOR,EXEC_JAVASCRIPT,URL_PAGE_DESC,PAGE_ENCODING,URL_MATCH_REG_EXP,CONTENT_PAGE_URL_CHARACTOR,BY_ELE_TYPE,BY_ELE_VAL,BY_TAG_ATTRIBUTE,RUN_REGEXP_ON_URL,RUN_STRING_FIND_ON_URL,URL_PAGE_CHA_XPATH_VALUE,URL_PAGE_CHA_ATTRIBUTE,URL_PAGE_CHARACTOR,URL_PAGE_NOT_CHARACTOR) values (4,1,null,null,'down.tech.sina.com.cn',null,null,'Software download page.',null,null,'3gsoft/download.php;
down.tech.sina.com.cn/content/','Tag_Name','a',null,null,null,null,null,null,null);
Insert into DATACOLLECT.SITE_URL_PARSE (ID,SITE_ID,URL_XPATH_CHARACTOR,NOT_URL_XPATH_CHARACTOR,URL_CHARACTOR,NOT_URL_CHARACTOR,EXEC_JAVASCRIPT,URL_PAGE_DESC,PAGE_ENCODING,URL_MATCH_REG_EXP,CONTENT_PAGE_URL_CHARACTOR,BY_ELE_TYPE,BY_ELE_VAL,BY_TAG_ATTRIBUTE,RUN_REGEXP_ON_URL,RUN_STRING_FIND_ON_URL,URL_PAGE_CHA_XPATH_VALUE,URL_PAGE_CHA_ATTRIBUTE,URL_PAGE_CHARACTOR,URL_PAGE_NOT_CHARACTOR) values (5,2,null,null,'/genre/ios;/app/',null,null,null,null,null,'/app/','Tag_Name','a',null,null,null,null,null,null,null);
Insert into DATACOLLECT.SITE_URL_PARSE (ID,SITE_ID,URL_XPATH_CHARACTOR,NOT_URL_XPATH_CHARACTOR,URL_CHARACTOR,NOT_URL_CHARACTOR,EXEC_JAVASCRIPT,URL_PAGE_DESC,PAGE_ENCODING,URL_MATCH_REG_EXP,CONTENT_PAGE_URL_CHARACTOR,BY_ELE_TYPE,BY_ELE_VAL,BY_TAG_ATTRIBUTE,RUN_REGEXP_ON_URL,RUN_STRING_FIND_ON_URL,URL_PAGE_CHA_XPATH_VALUE,URL_PAGE_CHA_ATTRIBUTE,URL_PAGE_CHARACTOR,URL_PAGE_NOT_CHARACTOR) values (6,3,null,null,'list.taobao.com/;rate.taobao.com/;store.taobao.com/;list.tmall.com/','/myRate.htm;rater=1;login.;regist;https;alisec.taobao.com/',null,null,null,null,'rate.taobao.com','Tag_Name','a','href;HREF',null,'spm=!@#&;scm!@#&;&from=!@#&;taobao_from=!@#&;ssid=!@#&;style=!@#&;auction_tag=!@#&;sort=!@#&;area_code=!@#&;rn=!@#&;n=!@#&;vmarket=!@#&;search_condition=!@#&;active=!@#&;!@##J_Filter;!@##grid-column;_u=!@#&;ppath=!@#&;sku=!@#&;_tb_token_=!@#&',null,null,null,null);
Insert into DATACOLLECT.SITE_URL_PARSE (ID,SITE_ID,URL_XPATH_CHARACTOR,NOT_URL_XPATH_CHARACTOR,URL_CHARACTOR,NOT_URL_CHARACTOR,EXEC_JAVASCRIPT,URL_PAGE_DESC,PAGE_ENCODING,URL_MATCH_REG_EXP,CONTENT_PAGE_URL_CHARACTOR,BY_ELE_TYPE,BY_ELE_VAL,BY_TAG_ATTRIBUTE,RUN_REGEXP_ON_URL,RUN_STRING_FIND_ON_URL,URL_PAGE_CHA_XPATH_VALUE,URL_PAGE_CHA_ATTRIBUTE,URL_PAGE_CHARACTOR,URL_PAGE_NOT_CHARACTOR) values (8,3,null,null,'list.taobao.com/;rate.taobao.com/;store.taobao.com/;list.tmall.com/','/myRate.htm;rater=1;login.;regist;https;alisec.taobao.com/',null,null,null,null,'rate.taobao.com','Css_Selector','a[data-module=page];a[data-k=page]',null,null,'spm=!@#&;scm!@#&;&from=!@#&;taobao_from=!@#&;ssid=!@#&;style=!@#&;auction_tag=!@#&;sort=!@#&;area_code=!@#&;rn=!@#&;n=!@#&;vmarket=!@#&;search_condition=!@#&;active=!@#&;!@##J_Filter;!@##grid-column;_u=!@#&;ppath=!@#&;sku=!@#&;_tb_token_=!@#&',null,null,null,null);
Insert into DATACOLLECT.SITE_URL_PARSE (ID,SITE_ID,URL_XPATH_CHARACTOR,NOT_URL_XPATH_CHARACTOR,URL_CHARACTOR,NOT_URL_CHARACTOR,EXEC_JAVASCRIPT,URL_PAGE_DESC,PAGE_ENCODING,URL_MATCH_REG_EXP,CONTENT_PAGE_URL_CHARACTOR,BY_ELE_TYPE,BY_ELE_VAL,BY_TAG_ATTRIBUTE,RUN_REGEXP_ON_URL,RUN_STRING_FIND_ON_URL,URL_PAGE_CHA_XPATH_VALUE,URL_PAGE_CHA_ATTRIBUTE,URL_PAGE_CHARACTOR,URL_PAGE_NOT_CHARACTOR) values (9,6,' ',' ','china.taobao.com;/food;list.taobao.com;item.taobao.com;ny.taobao.com','login.;regist;https;alisec.taobao.com;re.taobao.com;simba.taobao.com;tmall.com;tejia.taobao.com;bangpai.taobao.com;quanzi.taobao.com;/browse/cat-0.htm;ju.mmstat.com;bbs.taobao.com;/s.taobao.com/',' ',' ',' ',' ','http://item.taobao.com/item.htm','Tag_Name','a',null,' ','item.taobao.com!@#id;ALL_UNMATCHED_URL!@#cat,s,ppath,q',' ',' ',' ',' ');
Insert into DATACOLLECT.SITE_URL_PARSE (ID,SITE_ID,URL_XPATH_CHARACTOR,NOT_URL_XPATH_CHARACTOR,URL_CHARACTOR,NOT_URL_CHARACTOR,EXEC_JAVASCRIPT,URL_PAGE_DESC,PAGE_ENCODING,URL_MATCH_REG_EXP,CONTENT_PAGE_URL_CHARACTOR,BY_ELE_TYPE,BY_ELE_VAL,BY_TAG_ATTRIBUTE,RUN_REGEXP_ON_URL,RUN_STRING_FIND_ON_URL,URL_PAGE_CHA_XPATH_VALUE,URL_PAGE_CHA_ATTRIBUTE,URL_PAGE_CHARACTOR,URL_PAGE_NOT_CHARACTOR) values (10,6,null,null,'china.taobao.com;/food;list.taobao.com;item.taobao.com;ny.taobao.com','login.;regist;https;alisec.taobao.com;re.taobao.com;simba.taobao.com;tmall.com;tejia.taobao.com;bangpai.taobao.com;quanzi.taobao.com;/browse/cat-0.htm;ju.mmstat.com;bbs.taobao.com;/s.taobao.com/',null,null,null,null,'http://item.taobao.com/item.htm','Css_Selector','a[data-module=page];a[data-k=page];a[class=J_pageitem];a[class=page];a[data-key=ppath];a[data-key=cat]',null,null,'item.taobao.com!@#id;ALL_UNMATCHED_URL!@#cat,s,ppath,q',null,null,null,null);
Insert into DATACOLLECT.SITE_URL_PARSE (ID,SITE_ID,URL_XPATH_CHARACTOR,NOT_URL_XPATH_CHARACTOR,URL_CHARACTOR,NOT_URL_CHARACTOR,EXEC_JAVASCRIPT,URL_PAGE_DESC,PAGE_ENCODING,URL_MATCH_REG_EXP,CONTENT_PAGE_URL_CHARACTOR,BY_ELE_TYPE,BY_ELE_VAL,BY_TAG_ATTRIBUTE,RUN_REGEXP_ON_URL,RUN_STRING_FIND_ON_URL,URL_PAGE_CHA_XPATH_VALUE,URL_PAGE_CHA_ATTRIBUTE,URL_PAGE_CHARACTOR,URL_PAGE_NOT_CHARACTOR) values (13,8,null,null,'list.taobao.com;nvzhuang.taobao.com;nanzhuang.taobao.com;nvxie.taobao.com;nanxie.taobao.com;nvbao.taobao.com;nanbao.taobao.com;neiyi.taobao.com;sport.taobao.com;/market/;jiadian.taobao.com;3c.taobao.com;/3c/;mei.taobao.com;spu.taobao.com;baobao.taobao.com;home.taobao.com;chi.taobao.com;ny.taobao.com;baihuo.taobao.com;car.taobao.com;life.taobao.com;item.taobao.com','login.;regist;https;alisec.taobao.com;re.taobao.com;simba.taobao.com;search;tmall.com;/itemlist/.htm?;pro.taobao.com',null,null,null,null,'http://item.taobao.com/item.htm','Tag_Name','a',null,null,'cat;id;s;ppath;q',null,null,null,null);
Insert into DATACOLLECT.SITE_URL_PARSE (ID,SITE_ID,URL_XPATH_CHARACTOR,NOT_URL_XPATH_CHARACTOR,URL_CHARACTOR,NOT_URL_CHARACTOR,EXEC_JAVASCRIPT,URL_PAGE_DESC,PAGE_ENCODING,URL_MATCH_REG_EXP,CONTENT_PAGE_URL_CHARACTOR,BY_ELE_TYPE,BY_ELE_VAL,BY_TAG_ATTRIBUTE,RUN_REGEXP_ON_URL,RUN_STRING_FIND_ON_URL,URL_PAGE_CHA_XPATH_VALUE,URL_PAGE_CHA_ATTRIBUTE,URL_PAGE_CHARACTOR,URL_PAGE_NOT_CHARACTOR) values (14,8,null,null,'list.taobao.com;nvzhuang.taobao.com;nanzhuang.taobao.com;nvxie.taobao.com;nanxie.taobao.com;nvbao.taobao.com;nanbao.taobao.com;neiyi.taobao.com;sport.taobao.com;/market/;jiadian.taobao.com;3c.taobao.com;/3c/;mei.taobao.com;spu.taobao.com;baobao.taobao.com;home.taobao.com;chi.taobao.com;ny.taobao.com;baihuo.taobao.com;car.taobao.com;life.taobao.com;item.taobao.com','login.;regist;https;alisec.taobao.com;re.taobao.com;simba.taobao.com;search;tmall.com;/itemlist/.htm?;pro.taobao.com',null,null,null,null,'http://item.taobao.com/item.htm','Css_Selector','a[data-module=page];a[data-k=page];a[data-key=ppath];a[data-key=cat]',null,null,'cat;id;s;ppath;q',null,null,null,null);
Insert into DATACOLLECT.SITE_URL_PARSE (ID,SITE_ID,URL_XPATH_CHARACTOR,NOT_URL_XPATH_CHARACTOR,URL_CHARACTOR,NOT_URL_CHARACTOR,EXEC_JAVASCRIPT,URL_PAGE_DESC,PAGE_ENCODING,URL_MATCH_REG_EXP,CONTENT_PAGE_URL_CHARACTOR,BY_ELE_TYPE,BY_ELE_VAL,BY_TAG_ATTRIBUTE,RUN_REGEXP_ON_URL,RUN_STRING_FIND_ON_URL,URL_PAGE_CHA_XPATH_VALUE,URL_PAGE_CHA_ATTRIBUTE,URL_PAGE_CHARACTOR,URL_PAGE_NOT_CHARACTOR) values (15,9,' ',' ','list.tmall.com;detail.tmall.com','taobao.com;login.tmall.com;register.tmall.com;mybrand.tmall.com;cart.tmall.com',' ',' ',' ',' ','http://detail.tmall.com/item.htm','Tag_Name','a',null,' ','detail.tmall.com!@#id;list.tmall.com!@#cat,s,ppath,q',' ',' ',' ',' ');
Insert into DATACOLLECT.SITE_URL_PARSE (ID,SITE_ID,URL_XPATH_CHARACTOR,NOT_URL_XPATH_CHARACTOR,URL_CHARACTOR,NOT_URL_CHARACTOR,EXEC_JAVASCRIPT,URL_PAGE_DESC,PAGE_ENCODING,URL_MATCH_REG_EXP,CONTENT_PAGE_URL_CHARACTOR,BY_ELE_TYPE,BY_ELE_VAL,BY_TAG_ATTRIBUTE,RUN_REGEXP_ON_URL,RUN_STRING_FIND_ON_URL,URL_PAGE_CHA_XPATH_VALUE,URL_PAGE_CHA_ATTRIBUTE,URL_PAGE_CHARACTOR,URL_PAGE_NOT_CHARACTOR) values (17,10,null,'@id=product-track','list.jd.com/1320-;item.jd.com;channel.jd.com/1320-','c.fa.jd.com',null,null,null,null,'item.jd.com','Tag_Name','a',null,null,null,null,null,null,null);
Insert into DATACOLLECT.SITE_URL_PARSE (ID,SITE_ID,URL_XPATH_CHARACTOR,NOT_URL_XPATH_CHARACTOR,URL_CHARACTOR,NOT_URL_CHARACTOR,EXEC_JAVASCRIPT,URL_PAGE_DESC,PAGE_ENCODING,URL_MATCH_REG_EXP,CONTENT_PAGE_URL_CHARACTOR,BY_ELE_TYPE,BY_ELE_VAL,BY_TAG_ATTRIBUTE,RUN_REGEXP_ON_URL,RUN_STRING_FIND_ON_URL,URL_PAGE_CHA_XPATH_VALUE,URL_PAGE_CHA_ATTRIBUTE,URL_PAGE_CHARACTOR,URL_PAGE_NOT_CHARACTOR) values (20,13,' ','id=reco_pic;id=cpc_','category.dangdang.com;product.dangdang.com','category.dangdang.com/?;#ddclick_VH;#ddclick_reco_recobar_category',' ',' ',' ',' ','product.dangdang.com','Tag_Name','a',null,' ','category.dangdang.com!@#category_id,cat;product.dangdang.com!@#product_id',' ',' ',' ',' ');
Insert into DATACOLLECT.SITE_URL_PARSE (ID,SITE_ID,URL_XPATH_CHARACTOR,NOT_URL_XPATH_CHARACTOR,URL_CHARACTOR,NOT_URL_CHARACTOR,EXEC_JAVASCRIPT,URL_PAGE_DESC,PAGE_ENCODING,URL_MATCH_REG_EXP,CONTENT_PAGE_URL_CHARACTOR,BY_ELE_TYPE,BY_ELE_VAL,BY_TAG_ATTRIBUTE,RUN_REGEXP_ON_URL,RUN_STRING_FIND_ON_URL,URL_PAGE_CHA_XPATH_VALUE,URL_PAGE_CHA_ATTRIBUTE,URL_PAGE_CHARACTOR,URL_PAGE_NOT_CHARACTOR) values (21,14,null,null,'/Sort-;/ProductList;/Product-','/Credits',null,null,null,null,'/Product-','Tag_Name','a',null,null,'/ProductList!@#id,Cid,page,brand;',null,null,null,null);
Insert into DATACOLLECT.SITE_URL_PARSE (ID,SITE_ID,URL_XPATH_CHARACTOR,NOT_URL_XPATH_CHARACTOR,URL_CHARACTOR,NOT_URL_CHARACTOR,EXEC_JAVASCRIPT,URL_PAGE_DESC,PAGE_ENCODING,URL_MATCH_REG_EXP,CONTENT_PAGE_URL_CHARACTOR,BY_ELE_TYPE,BY_ELE_VAL,BY_TAG_ATTRIBUTE,RUN_REGEXP_ON_URL,RUN_STRING_FIND_ON_URL,URL_PAGE_CHA_XPATH_VALUE,URL_PAGE_CHA_ATTRIBUTE,URL_PAGE_CHARACTOR,URL_PAGE_NOT_CHARACTOR) values (22,14,null,null,'/ProductList;/Product-','/Credits',null,null,null,null,null,'Css_Selector','a[onclick~=queryListOrderBy];a[onclick~=redirectUrlForInfosmart]',null,null,null,null,null,null,null);
