/*
SQLyog Ultimate v8.71 
MySQL - 5.1.33-community : Database - data_collect
*********************************************************************
*/

/*!40101 SET NAMES utf8 */;

/*!40101 SET SQL_MODE=''*/;

/*!40014 SET @OLD_UNIQUE_CHECKS=@@UNIQUE_CHECKS, UNIQUE_CHECKS=0 */;
/*!40014 SET @OLD_FOREIGN_KEY_CHECKS=@@FOREIGN_KEY_CHECKS, FOREIGN_KEY_CHECKS=0 */;
/*!40101 SET @OLD_SQL_MODE=@@SQL_MODE, SQL_MODE='NO_AUTO_VALUE_ON_ZERO' */;
/*!40111 SET @OLD_SQL_NOTES=@@SQL_NOTES, SQL_NOTES=0 */;
CREATE DATABASE /*!32312 IF NOT EXISTS*/`data_collect` /*!40100 DEFAULT CHARACTER SET utf8 COLLATE utf8_bin */;

USE `data_collect`;

/*Data for the table `account` */

LOCK TABLES `account` WRITE;

insert  into `account`(`id`,`user_name`,`pass_word`,`qq`,`email`,`mobile`,`login_time`) values (1,'admin','admin','wewrterererew','fdfdfrerereewd',NULL,NULL);

UNLOCK TABLES;

/*Data for the table `account_action` */

LOCK TABLES `account_action` WRITE;

UNLOCK TABLES;

/*Data for the table `account_role_map` */

LOCK TABLES `account_role_map` WRITE;

insert  into `account_role_map`(`account_id`,`role_id`) values (1,2);

UNLOCK TABLES;

/*Data for the table `db_setting` */

LOCK TABLES `db_setting` WRITE;

UNLOCK TABLES;

/*Data for the table `menu` */

LOCK TABLES `menu` WRITE;

insert  into `menu`(`id`,`menu_name`,`menu_desc`,`menu_action`) values (1,'Web Site','Web Site define.','ACTION_WEB_SITE_CATEGORY_LIST'),(2,'Template','Template for parse the website page.','ACTION_PARSE_TEMPLATE_CATEGORY_LIST'),(3,'Role','Role in this system.','ACTION_ROLE_LIST'),(4,'Menu','Menu in navigation page.','ACTION_MENU_LIST'),(5,'User','User that will use this system.','ACTION_USER_LIST'),(6,'Settings','General Settings. Download Thread, etc','ACTION_SHOW_SETTING'),(7,'Report','Analyze and report.','ACTION_SHOW_ANALYTIC'),(8,'Data Table','Data table which store parsed out data.','ACTION_DATA_TABLE_LIST'),(9,'Log Out','User use this link to logout system','ACTION_LOGOUT');

UNLOCK TABLES;

/*Data for the table `parse` */

LOCK TABLES `parse` WRITE;

insert  into `parse`(`id`,`category_id`,`parse_name`,`parse_desc`,`save_to_table`) values (22,4,'Sina soft download','Sina soft download',NULL),(23,4,'Mac ios app parse template','Mac ios app parse template',NULL),(24,6,'淘宝店铺','解析淘宝店铺信息的模版','data_tao_bao_jie'),(27,6,'淘宝各种食品信息(不包括天猫)','解析淘宝里面的美食特产里面的食品信息(不包括天猫)','data_xiu_hao_chi'),(29,6,'淘宝所有品类商品信息(不包括天猫)','解析淘宝所有品类商品信息(不包括天猫)','data_xiu_hao_chi'),(30,6,'天猫各种食品信息(不包括淘宝)','解析天猫里面的美食特产里面的食品信息(不包括淘宝)','data_xiu_hao_chi');

UNLOCK TABLES;

/*Data for the table `parse_category` */

LOCK TABLES `parse_category` WRITE;

insert  into `parse_category`(`id`,`cat_name`,`cat_desc`) values (4,'下载网站','下载网站解析模板'),(6,'电子商务网站','电子商务网站解析模板');

UNLOCK TABLES;

/*Data for the table `parse_item` */

LOCK TABLES `parse_item` WRITE;

insert  into `parse_item`(`id`,`parse_id`,`save_to_table`,`save_to_column`,`column_desc`,`charactor`,`not_charactor`,`default_val`,`data_type`,`number_multiply_by`,`date_format`,`is_check_repeat_column`,`is_url`,`src_reg_exp`,`dest_reg_exp`,`exec_javascript`,`page_url_as_value`,`reg_exp_item_relation`,`by_ele_type`,`by_ele_val`,`by_tag_attribute`,`by_tag_attribute_value_plus`,`parse_value_reg_exp`,`parse_value_string`,`is_direct_get_text`,`use_this_setting_url_charactor`) values (7,23,'data_ios_app','title','app 标题','','','','DATA_TYPE_STRING','','',0,0,'','','',0,0,NULL,NULL,NULL,NULL,NULL,NULL,NULL,NULL),(8,23,'data_ios_app','ituns_url','ituns url','','','','DATA_TYPE_STRING','','',1,0,'','','',0,0,NULL,NULL,NULL,NULL,NULL,NULL,NULL,NULL),(10,23,'data_ios_app','manufacturer','develop company','','','','DATA_TYPE_STRING','','',0,0,'^开发商：','','',0,0,NULL,NULL,NULL,NULL,NULL,NULL,NULL,NULL),(11,23,'data_ios_app','app_price','app 价格','','','','DATA_TYPE_STRING','','',0,0,'','','',0,0,NULL,NULL,NULL,NULL,NULL,NULL,NULL,NULL),(12,23,'data_ios_app','category','类别','','','','DATA_TYPE_STRING','','',0,0,'','','',0,0,NULL,NULL,NULL,NULL,NULL,NULL,NULL,NULL),(13,23,'data_ios_app','update_date','更新日期','','','','DATA_TYPE_STRING','','',0,0,'','','',0,0,NULL,NULL,NULL,NULL,NULL,NULL,NULL,NULL),(14,23,'data_ios_app','app_version','版本','','','','DATA_TYPE_STRING','','',0,0,'','','',0,0,NULL,NULL,NULL,NULL,NULL,NULL,NULL,NULL),(15,23,'data_ios_app','size','应用程序大小','','','','DATA_TYPE_STRING','','',0,0,'','','',0,0,NULL,NULL,NULL,NULL,NULL,NULL,NULL,NULL),(16,23,'data_ios_app','app_language','语言类型','','','','DATA_TYPE_STRING','','',0,0,'','','',0,1,NULL,NULL,NULL,NULL,NULL,NULL,NULL,NULL),(17,23,'data_ios_app','mac_rate','本软件在app store 里面的评级','','','','DATA_TYPE_STRING','','',0,0,'','','',0,0,NULL,NULL,NULL,NULL,NULL,NULL,NULL,NULL),(18,23,'data_ios_app','os_require','操作系统要求','','','','DATA_TYPE_STRING','','',0,0,'','','',0,0,NULL,NULL,NULL,NULL,NULL,NULL,NULL,NULL),(19,23,'data_ios_app','current_version_rate_score','当前版本评分','','','','DATA_TYPE_STRING','','',0,0,'','','',0,0,NULL,NULL,NULL,NULL,NULL,NULL,NULL,NULL),(20,23,'data_ios_app','total_version_rate_score','所有版本评分','','','','DATA_TYPE_STRING','','',0,0,'','','',0,0,NULL,NULL,NULL,NULL,NULL,NULL,NULL,NULL),(21,23,'data_ios_app','new_feature','新功能','','','','DATA_TYPE_STRING','','',0,0,'','','',0,0,NULL,NULL,NULL,NULL,NULL,NULL,NULL,NULL),(22,23,'data_ios_app','icon_url','图标的链接地址','','','','DATA_TYPE_STRING','','',0,0,'','','',0,0,NULL,NULL,NULL,NULL,NULL,NULL,NULL,NULL),(23,23,'data_ios_app','manufacturer_web_site','开发商网址','','','','DATA_TYPE_STRING','','',0,0,'','','',0,0,NULL,NULL,NULL,NULL,NULL,NULL,NULL,NULL),(24,23,'data_ios_app','manufacturer_product_support','技术支持网址','','','','DATA_TYPE_STRING','','',0,0,'','','',0,0,NULL,NULL,NULL,NULL,NULL,NULL,NULL,NULL),(25,23,'data_ios_app','iphone_img_url1','iphone屏幕截图地址1','','','','DATA_TYPE_STRING','','',0,0,'','','',0,0,NULL,NULL,NULL,NULL,NULL,NULL,NULL,NULL),(26,23,'data_ios_app','iphone_img_url2','iphone屏幕截图地址2','','','','DATA_TYPE_STRING','','',0,0,'','','',0,0,NULL,NULL,NULL,NULL,NULL,NULL,NULL,NULL),(27,23,'data_ios_app','iphone_img_url3','iphone屏幕截图地址3','','','','DATA_TYPE_STRING','','',0,0,'','','',0,0,NULL,NULL,NULL,NULL,NULL,NULL,NULL,NULL),(28,23,'data_ios_app','iphone_img_url4','iphone屏幕截图地址4','','','','DATA_TYPE_STRING','','',0,0,'','','',0,0,NULL,NULL,NULL,NULL,NULL,NULL,NULL,NULL),(29,23,'data_ios_app','iphone_img_url5','iphone屏幕截图地址5','','','','DATA_TYPE_STRING','','',0,0,'','','',0,0,NULL,NULL,NULL,NULL,NULL,NULL,NULL,NULL),(30,23,'data_ios_app','ipad_img_url1','ipad屏幕截图1','','','','DATA_TYPE_STRING','','',0,0,'','','',0,0,NULL,NULL,NULL,NULL,NULL,NULL,NULL,NULL),(31,23,'data_ios_app','ipad_img_url2','ipad屏幕截图2','','','','DATA_TYPE_STRING','','',0,0,'','','',0,0,NULL,NULL,NULL,NULL,NULL,NULL,NULL,NULL),(32,23,'data_ios_app','ipad_img_url3','ipad屏幕截图3','','','','DATA_TYPE_STRING','','',0,0,'','','',0,0,NULL,NULL,NULL,NULL,NULL,NULL,NULL,NULL),(33,23,'data_ios_app','ipad_img_url4','ipad屏幕截图4','','','','DATA_TYPE_STRING','','',0,0,'','','',0,0,NULL,NULL,NULL,NULL,NULL,NULL,NULL,NULL),(34,23,'data_ios_app','ipad_img_url5','ipad屏幕截图5','','','','DATA_TYPE_STRING','','',0,0,'','','',0,0,NULL,NULL,NULL,NULL,NULL,NULL,NULL,NULL),(35,24,'data_tao_bao_jie','shop_name','淘宝或者天猫店铺名称','','','','DATA_TYPE_STRING','','',0,0,'','','',0,0,'XPath','//*[@id=\"shop-rate-box\"]/div[1]/div[2]/div/div[2]/div[1]/dl/dd[1]/a;//*[@id=\"header-content\"]/div[1]/div[1]/a[1];//*[@id=\"shop-info\"]/div[1]/a;//*[@id=\"mallLogo\"]/span[2]/a','',NULL,'','',1,NULL),(36,24,'data_tao_bao_jie','company_name','商品公司名称','','','','DATA_TYPE_STRING','','',0,0,'','','',0,0,'XPath','//*[@id=\"shop-rate-box\"]/div[1]/div[2]/div[1]/div[2]/div/ul/li[1]/div[2]','',NULL,'','',1,''),(37,24,'data_tao_bao_jie','tmall_shop_img_url','是否是天猫店铺的标志图片的url链接地址','','','','DATA_TYPE_STRING','','',0,0,'','','',0,0,'XPath','//*[@id=\"mallLogo\"]/span[1]/a','',NULL,'','',1,NULL),(38,24,'data_tao_bao_jie','pin_pai_zhi_xiao','是否品牌直销的标志','','','','DATA_TYPE_STRING','','',0,0,'','','',0,0,'XPath','//*[@id=\"mallLogo\"]/span[2]/a/span','',NULL,'','',1,NULL),(39,24,'data_tao_bao_jie','seller_name','店主的名称','','','','DATA_TYPE_STRING','','',0,0,'','','',0,0,'XPath','//*[@id=\"shop-rate-box\"]/div[1]/div[2]/div[1]/div[2]/div[1]/div/a;//*[@id=\"shop-rate-box\"]/div[1]/div[2]/div[1]/div[2]/div/div[2]/a','',NULL,'','',1,NULL),(40,24,'data_tao_bao_jie','seller_tao_bao_wangwang_url','店主淘宝旺旺url 链接，可以直接点击该链接和店主聊天','','','','DATA_TYPE_STRING','','',0,0,'','','',0,0,'XPath','//*[@id=\"shop-rate-box\"]/div[1]/div[2]/div[1]/div[2]/div/div[2]/span/a;//*[@id=\"shop-rate-box\"]/div[1]/div[2]/div[1]/div[2]/div[1]/div/span/a','href',NULL,'','',0,''),(41,24,'data_tao_bao_jie','main_product','店铺主营业务','','','','DATA_TYPE_STRING','','',0,0,'','','',0,0,'XPath','//*[@id=\"shop-rate-box\"]/div[1]/div[2]/div[1]/div[2]/div[1]/ul/li[1];//*[@id=\"shop-rate-box\"]/div[1]/div[2]/div[1]/div[2]/div/ul/li[2]','',NULL,'','',1,NULL),(42,24,'data_tao_bao_jie','main_product_percentage','主营占所有业务的百分比','','','','DATA_TYPE_STRING','','',0,0,'','','',0,0,'XPath','//*[@id=\"shop-rate-box\"]/div[1]/div[1]/div/div[3]/div[2]/div[2]/div/div[2]/div[3]','',NULL,'','',1,NULL),(43,24,'data_tao_bao_jie','area','所在地区','所在地区：','','','DATA_TYPE_STRING','','',0,0,'','','',0,0,'XPath','//*[@id=\"shop-rate-box\"]/div[1]/div[2]/div/div[2]/div[1]/dl/dd[1];//*[@id=\"shop-rate-box\"]/div[1]/div[2]/div[1]/div[2]/div[1]/ul/li[2];//*[@id=\"shop-rate-box\"]/div[1]/div[2]/div[1]/div[2]/div/ul/li[3]','',NULL,'','',1,''),(44,24,'data_tao_bao_jie','create_time','店铺创建时间','创店时间：','','','DATA_TYPE_STRING','','',0,0,'','','',0,0,'XPath','//*[@id=\"shop-rate-box\"]/div[1]/div[2]/div[1]/div[2]/div[1]/ul/li[3];','',NULL,'','',1,NULL),(45,24,'data_tao_bao_jie','seller_credict','卖家信用','','','','DATA_TYPE_STRING','','',0,0,'','','',0,0,'XPath','//*[@id=\"shop-rate-box\"]/div[1]/div[2]/div[1]/div[2]/div[2]/ul/li[1]','',NULL,'','',1,NULL),(46,24,'data_tao_bao_jie','buyer_credict','买家信用','买家信用','','','DATA_TYPE_STRING','','',0,0,'','','',0,0,'XPath','//*[@id=\"shop-rate-box\"]/div[1]/div[2]/div[1]/div[2]/div[2]/ul/li[2];//*[@id=\"shop-rate-box\"]/div[1]/div[2]/div/div[2]/div[2]/ul/li','',NULL,'','',1,''),(47,24,'data_tao_bao_jie','seller_credict_pic_url','卖家信用图片链接地址','','','','DATA_TYPE_STRING','','',0,0,'','','',0,0,'XPath','//*[@id=\"shop-rate-box\"]/div[1]/div[2]/div[1]/div[2]/div[2]/ul/li[1]/a/img','src',NULL,'','',0,''),(48,24,'data_tao_bao_jie','buyer_credict_pic_url','买家信用图片地址','','','','DATA_TYPE_STRING','','',0,0,'','','',0,0,'XPath','//*[@id=\"shop-rate-box\"]/div[1]/div[2]/div[1]/div[2]/div[2]/ul/li[2]/a/img;//*[@id=\"shop-rate-box\"]/div[1]/div[2]/div/div[2]/div[2]/ul/li/a[2]/img','src',NULL,'','',0,''),(49,24,'data_tao_bao_jie','buyer_vip_pic_url','买家 vip 图片链接地址','','','','DATA_TYPE_STRING','','',0,0,'','','',0,0,'XPath','//*[@id=\"shop-rate-box\"]/div[1]/div[2]/div[1]/div[2]/div[2]/ul/li[2]/span/a/img','src',NULL,'','',0,''),(50,24,'data_tao_bao_jie','buyer_vip_text','买家会员资格文字描述','','','','DATA_TYPE_STRING','','',0,0,'','','',0,0,'XPath','//*[@id=\"shop-rate-box\"]/div[1]/div[2]/div[1]/div[2]/div[2]/ul/li[2]/span/a/img','title',NULL,'','',0,''),(51,24,'data_tao_bao_jie','product_count','商铺拥有的商品数量','','','','DATA_TYPE_STRING','','',0,0,'','','',0,0,'XPath','//*[@id=\"shop-info\"]/div[3]/div[4]/ul/li[2];//*[@id=\"header-content\"]/div[1]/div[4]/div[2]/div[1]/dl[3]/dd/span','',NULL,'','',1,NULL),(52,24,'data_tao_bao_jie','seller_xiao_fei_bao_zhang','卖家消费保障','','','','DATA_TYPE_STRING','','',0,0,'','','',0,0,'XPath','//*[@id=\"shop-rate-box\"]/div[1]/div[2]/div[2]/div[2]/div[1]/div[1]/div[2]/ul/li[1]/a','',NULL,'','',1,NULL),(53,24,'data_tao_bao_jie','tmall_zheng_pin','天猫商铺保证正品的标识','','','','DATA_TYPE_STRING','','',0,0,'','','',0,0,'XPath','//*[@id=\"shop-rate-box\"]/div[1]/div[2]/div[2]/div[2]/div[1]/div[1]/div[2]/a[1]','title',NULL,'','',0,''),(54,24,'data_tao_bao_jie','seller_7_tian_tui_huan','7天退换文字','','','','DATA_TYPE_STRING','','',0,0,'','','',0,0,'XPath','//*[@id=\"shop-rate-box\"]/div[1]/div[2]/div[2]/div[2]/div[1]/div[1]/div[2]/ul/li[2]/a;//*[@id=\"shop-rate-box\"]/div[1]/div[2]/div[2]/div[2]/div[1]/div[1]/div[2]/a[3]','title',NULL,'','',0,''),(55,24,'data_tao_bao_jie','seller_jia_yi_pei_3','卖家承诺假一赔3的文字','','','','DATA_TYPE_STRING','','',0,0,'','','',0,0,'XPath','//*[@id=\"shop-rate-box\"]/div[1]/div[2]/div[2]/div[2]/div[1]/div[1]/div[2]/ul/li[3]/a','',NULL,'','',1,NULL),(56,24,'data_tao_bao_jie','tmall_fa_piao','天猫提供发票的文字','','','','DATA_TYPE_STRING','','',0,0,'','','',0,0,'XPath','//*[@id=\"shop-rate-box\"]/div[1]/div[2]/div[2]/div[2]/div[1]/div[1]/div[2]/a[2]','title',NULL,'','',0,''),(57,24,'data_tao_bao_jie','seller_bao_zheng_jin','商家保证金数量','','','','DATA_TYPE_STRING','','',0,0,'','','',0,0,'XPath','//*[@id=\"shop-rate-box\"]/div[1]/div[2]/div[2]/div[2]/div[1]/div[2]/span','',NULL,'','',1,NULL),(58,24,'data_tao_bao_jie','shop_ren_zheng_zhifu_bao_ge_ren','店铺经营资质，支付宝个人认证文字','个人认证','','','DATA_TYPE_STRING','','',0,0,'','','',0,0,'XPath','//*[@id=\"shop-info\"]/div[3]/div[3]/ul/li[2]/a/img;//*[@id=\"shop-rate-box\"]/div[1]/div[2]/div/div[2]/div[1]/dl/dd[3]/a/img;//*[@id=\"shop-rate-box\"]/div[1]/div[2]/div[3]/div[2]/div/ul/li/a/img','title',NULL,'','',0,''),(59,24,'data_tao_bao_jie','shop_ren_zheng_zhifu_bao_qi_ye','店铺经营资质，支付宝企业认证文字','企业认证','','','DATA_TYPE_STRING','','',0,0,'','','',0,0,'XPath','//*[@id=\"shop-info\"]/div[3]/div[3]/ul/li[2]/a/img;//*[@id=\"shop-rate-box\"]/div[1]/div[2]/div[3]/div[2]/div/ul/li[1]/a/img','alt',NULL,'','',0,''),(60,24,'data_tao_bao_jie','shop_ren_zheng_qi_ye_zhi_zhao_url','店铺经营资质，支付宝企业认证营业执照链接地址','','','','DATA_TYPE_STRING','','',0,0,'','','',0,0,'Id','J_ShowLicence','href',NULL,'','',0,''),(61,24,'data_tao_bao_jie','product_desc_match_score','宝贝与描述相符得分','','','','DATA_TYPE_STRING','','',0,0,'','','',0,0,'XPath','//*[@id=\"dsr\"]/li[1]/div[1]/em[1]','title',NULL,'','',0,''),(62,24,'data_tao_bao_jie','avg_drawback_speed','商家平均退款速度','平均退款速度：','','','DATA_TYPE_STRING','','',0,0,'','','',0,0,'XPath','//*[@id=\"halfmonth\"]/div[1]/div[2]/div[1]','',NULL,'','',1,''),(63,24,'data_tao_bao_jie','complaint_count_30_after_sale','因售后问题投诉数','','','','DATA_TYPE_STRING','','',0,0,'','','',0,0,'XPath','//*[@id=\"halfmonth\"]/div[2]/div[3]/div[2]/div[2]/ul/li[1]/span','',NULL,'','',1,''),(64,24,'data_tao_bao_jie','complaint_count_30_total','近30天投诉总数','','','','DATA_TYPE_STRING','','',0,0,'','','',0,0,'XPath','//*[@id=\"halfmonth\"]/div[2]/div[3]/div[2]/div[1]/span','',NULL,'','',1,NULL),(65,24,'data_tao_bao_jie','complaint_count_30_wei_gui','近30天因行为违规投诉数','','','','DATA_TYPE_STRING','','',0,0,'','','',0,0,'XPath','//*[@id=\"halfmonth\"]/div[2]/div[3]/div[2]/div[2]/ul/li[2]/span','',NULL,'','',1,NULL),(66,24,'data_tao_bao_jie','complaint_percentage_30','近30天投诉率','','','','DATA_TYPE_STRING','','',0,0,'','','',0,0,'XPath','//*[@id=\"halfmonth\"]/div[1]/div[2]/div[3]/span[2]','',NULL,'','',1,NULL),(67,24,'data_tao_bao_jie','drawback_count_30_not_recive','近30天因未收到货退款次数','','','','DATA_TYPE_STRING','','',0,0,'','','',0,0,'XPath','//*[@id=\"halfmonth\"]/div[2]/div[2]/div[2]/div[2]/ul/li[2]/span','',NULL,'','',1,NULL),(68,24,'data_tao_bao_jie','drawback_count_30_no_reason','近30天因买家无理由退款次数','','','','DATA_TYPE_STRING','','',0,0,'','','',0,0,'XPath','//*[@id=\"halfmonth\"]/div[2]/div[2]/div[2]/div[2]/ul/li[3]/span','',NULL,'','',1,NULL),(69,24,'data_tao_bao_jie','drawback_count_30_quality','近30天因商品质量问题退款次数','','','','DATA_TYPE_STRING','','',0,0,'','','',0,0,'XPath','//*[@id=\"halfmonth\"]/div[2]/div[2]/div[2]/div[2]/ul/li[1]/span','',NULL,'','',1,NULL),(70,24,'data_tao_bao_jie','drawback_count_30_total','近30天退款总次数','','','','DATA_TYPE_STRING','','',0,0,'','','',0,0,'XPath','//*[@id=\"halfmonth\"]/div[2]/div[2]/div[2]/div[1]/span','',NULL,'','',1,NULL),(71,24,'data_tao_bao_jie','product_desc_compare_average','商品描述得分与行业平均水平比较，\'高于\': 高于行业平均值，\'持平\'：等于行业平均值，\'低于\'：低于行业平均值','','','','DATA_TYPE_STRING','','',0,0,'','','',0,0,'XPath','//*[@id=\"dsr\"]/li[2]/div[1]/em[2]/strong','class',NULL,'','',0,''),(72,24,'data_tao_bao_jie','product_desc_match_score_percentage','商品描述得分与行业平均得分值的百分比','','','','DATA_TYPE_STRING','','',0,0,'','','',0,0,'XPath','//*[@id=\"dsr\"]/li[1]/div[1]/em[2]/strong','',NULL,'','',1,NULL),(73,24,'data_tao_bao_jie','product_desc_voter_number','商品描述投票人数','','','','DATA_TYPE_STRING','','',0,0,'','','',0,0,'XPath','//*[@id=\"dsr\"]/li[1]/div[2]/div/div[1]/span[2]','',NULL,'','',1,NULL),(74,24,'data_tao_bao_jie','punish_count_30','近30天处罚数','','','','DATA_TYPE_STRING','','',0,0,'','','',0,0,'XPath','//*[@id=\"halfmonth\"]/div[1]/div[2]/div[4]','',NULL,'','',1,''),(75,24,'data_tao_bao_jie','punish_count_30_patent','近30天因侵犯知识产权处罚数','','','','DATA_TYPE_STRING','','',0,0,'','','',0,0,'XPath','//*[@id=\"halfmonth\"]/div[2]/div[4]/div[2]/div[2]/ul/li[2]/span','',NULL,'','',1,NULL),(76,24,'data_tao_bao_jie','punish_count_30_unallow','近30天因发布违禁信息处罚数','','','','DATA_TYPE_STRING','','',0,0,'','','',0,0,'XPath','//*[@id=\"halfmonth\"]/div[2]/div[4]/div[2]/div[2]/ul/li[3]/span','',NULL,'','',1,NULL),(77,24,'data_tao_bao_jie','punish_count_30_untrue','近30天因虚假交易处罚数','','','','DATA_TYPE_STRING','','',0,0,'','','',0,0,'XPath','//*[@id=\"halfmonth\"]/div[2]/div[4]/div[2]/div[2]/ul/li[1]/span','',NULL,'','',1,NULL),(78,24,'data_tao_bao_jie','seller_good_evaluation_percentage','卖家好评率','','','','DATA_TYPE_STRING','','',0,0,'','','',0,0,'XPath','//*[@id=\"shop-rate-box\"]/div[1]/div[1]/div/div[3]/div[1]/div[1]/h4/em','',NULL,'','',1,NULL),(79,24,'data_tao_bao_jie','seller_service_compare_average','卖家服务态度得分与行业平均水平比较，\'高于\': 高于行业平均值，\'持平\'：等于行业平均值，\'低于\'：低于行业平均值','','','','DATA_TYPE_STRING','','',0,0,'','','',0,0,'XPath','//*[@id=\"dsr\"]/li[2]/div[1]/em[2]/strong','class',NULL,'','',0,''),(80,24,'data_tao_bao_jie','seller_service_score','卖家服务态度得分','','','','DATA_TYPE_STRING','','',0,0,'','','',0,0,'XPath','//*[@id=\"dsr\"]/li[2]/div[1]/em[1]','title',NULL,'','',0,''),(81,24,'data_tao_bao_jie','seller_service_score_percentage','卖家服务态度得分与行业平均得分值的百分比','','','','DATA_TYPE_STRING','','',0,0,'','','',0,0,'XPath','//*[@id=\"dsr\"]/li[2]/div[1]/em[2]/strong','',NULL,'','',1,NULL),(82,24,'data_tao_bao_jie','seller_service_voter_number','卖家服务态度投票人数','','','','DATA_TYPE_STRING','','',0,0,'','','',0,0,'XPath','//*[@id=\"dsr\"]/li[2]/div[2]/div/div[1]/span[2]','',NULL,'','',1,NULL),(83,24,'data_tao_bao_jie','shop_logo_pic_url','shop logo 图片地址 url','','','','DATA_TYPE_STRING','','',0,0,'','','',0,0,'XPath','//*[@id=\"shop-logo\"]/p/a/img','src',NULL,'','',0,''),(84,24,'data_tao_bao_jie','shop_shou_cang_ren_qi','店铺收藏人气','','','','DATA_TYPE_STRING','','',0,0,'','','',0,0,'Id','J_SCollCount','',NULL,'','',1,''),(85,24,'data_tao_bao_jie','shop_taobao_url','店铺淘宝链接地址','','','','DATA_TYPE_STRING','','',1,0,'','','',0,0,'XPath','//*[@id=\"shop-rate-box\"]/div[1]/div[2]/div[1]/div[2]/div/div[2]/a;//*[@id=\"shop-rate-box\"]/div[1]/div[2]/div[1]/div[2]/div[1]/div/a;//*[@id=\"header-content\"]/div[1]/div[1]/a[1];//*[@id=\"shop-info\"]/div[1]/a','href',NULL,'','',0,''),(86,24,'data_tao_bao_jie','shop_can_use_credit_card','店铺可以使用信用卡支付的文字','','','','DATA_TYPE_STRING','','',0,0,'','','',0,0,'XPath','//*[@id=\"shop-info\"]/div[3]/div[3]/ul/li[1]/a/img','title',NULL,'','',0,''),(87,24,'data_tao_bao_jie','shop_has_entity_store','是否拥有实体店铺','','','','DATA_TYPE_STRING','','',0,0,'','','',0,0,'XPath','//*[@id=\"shop-info\"]/div[3]/div[3]/ul/li[2]/a/img','alt',NULL,'','',0,''),(88,24,'data_tao_bao_jie','shop_phone_number','店铺联系电话，主要天猫店铺','','','','DATA_TYPE_STRING','','',0,0,'','','',0,0,'XPath','//*[@id=\"shop-rate-box\"]/div[1]/div[2]/div[1]/div[2]/div/ul/li[4]','',NULL,'','',1,NULL),(89,24,'data_tao_bao_jie','seller_ship_speed_score','卖家发货速度得分','','','','DATA_TYPE_STRING','','',0,0,'','','',0,0,'XPath','//*[@id=\"dsr\"]/li[3]/div[1]/em[1]','title',NULL,'','',0,''),(90,24,'data_tao_bao_jie','seller_ship_speed_compare_average','卖家发货速度得分与行业平均水平比较，\'高于\': 高于行业平均值，\'持平\'：等于行业平均值，\'低于\'：低于行业平均值','','','','DATA_TYPE_STRING','','',0,0,'','','',0,0,'XPath','//*[@id=\"dsr\"]/li[3]/div[1]/em[2]/strong','class',NULL,'','',0,''),(91,24,'data_tao_bao_jie','seller_ship_speed_score_percentage','卖家发货速度得分与行业平均得分值的百分比','','','','DATA_TYPE_STRING','','',0,0,'','','',0,0,'XPath','//*[@id=\"dsr\"]/li[3]/div[1]/em[2]/strong','',NULL,'','',1,NULL),(92,24,'data_tao_bao_jie','seller_ship_speed_voter_number','卖家发货速度投票人数','','','','DATA_TYPE_STRING','','',0,0,'','','',0,0,'XPath','//*[@id=\"dsr\"]/li[3]/div[2]/div/div[1]/span[2]','',NULL,'','',1,NULL),(93,24,'data_tao_bao_jie','drawback_percentage_30','近30天退款率','近30天退款率：','','','DATA_TYPE_STRING','','',0,0,'','','',0,0,'XPath','//*[@id=\"halfmonth\"]/div[1]/div[2]/div[2]','',NULL,'','',1,NULL),(94,24,'data_tao_bao_jie','shop_rate_url','店铺评分网址','','','','DATA_TYPE_STRING','','',0,0,'','','',1,0,'Id','qq','',NULL,'','',1,''),(117,24,'data_tao_bao_jie','shop_huo_dao_fu_kuan','是否支持货到付款','','','','DATA_TYPE_STRING','','',0,0,'','','',0,0,'XPath','//*[@id=\"shop-info\"]/div[3]/div[3]/ul/li[2]/a/img','alt',NULL,'','',0,''),(119,27,'data_xiu_hao_chi','biao_ti','商品标题','','','','DATA_TYPE_STRING','','',0,0,'-淘宝网','','',0,0,'XPath','/html/head/title','',NULL,'','',1,''),(121,27,'data_xiu_hao_chi','cu_xiao_jia','促销价','','','','DATA_TYPE_STRING','','',0,0,'','','',0,0,'XPath','//*[@id=\"J_PromoPrice\"]/div','',NULL,'','',1,''),(124,27,'data_xiu_hao_chi','img_url','图片链接url','','','','DATA_TYPE_STRING','','',0,0,'','','',0,0,'XPath','//*[@id=\"J_ImgBooth\"];/html/body/div[18]/img','data-src;src',NULL,'','',0,''),(125,27,'data_xiu_hao_chi','item_url','商品链接url','','','','DATA_TYPE_STRING','','',1,0,'','','',1,0,'Id','qq','',NULL,'','',0,''),(126,27,'data_xiu_hao_chi','jia_ge','商品价格','','','','DATA_TYPE_STRING','','',0,0,'','','',0,0,'Id','J_StrPrice','',NULL,'','',1,''),(128,27,'data_xiu_hao_chi','ping_fen','商品评分','','','','DATA_TYPE_STRING','','',0,0,'分','','',0,0,'Id','J_RateStar','',0,'','',1,''),(131,27,'data_xiu_hao_chi','shop_name','店铺名称','','','','DATA_TYPE_STRING','','',0,0,'','','',0,0,'XPath','//*[@id=\"detail\"]/div[2]/div/div[3]/div/div[2]/p[1]/a;//*[@id=\"detail\"]/div[1]/div/div[1]/div/div[2]/p/a','title',NULL,'','',0,''),(132,27,'data_xiu_hao_chi','shop_url','店铺链接url','','','','DATA_TYPE_STRING','','',0,0,'','','',0,0,'XPath','//*[@id=\"detail\"]/div[2]/div/div[3]/div/div[2]/p[1]/a;//*[@id=\"detail\"]/div[1]/div/div[1]/div/div[2]/p/a','href',NULL,'','#@!/?',0,''),(138,27,'data_xiu_hao_chi','dan_jia','商品单价','','','','DATA_TYPE_STRING','','',0,0,'','','',0,0,'XPath','//*[@id=\"J_StrPriceModBox\"]/span[2]','',NULL,'','',1,''),(139,27,'data_xiu_hao_chi','meta_desc','商品 meta description 信息','','','','DATA_TYPE_STRING','','',0,0,'欢迎前来淘宝网;\"',';','',0,1,'Tag_Name','head','',NULL,'','<meta name=\"description\" content=\"#@!>',0,''),(140,27,'data_xiu_hao_chi','meta_search_keyword','商品 meta keyword 关键词信息','','','','DATA_TYPE_STRING','','',0,0,'淘宝,;掏宝,;网上购物,;店铺,;\"',';;;;','',0,1,'Tag_Name','head','',NULL,'','<meta name=\"keywords\" content=\"#@!>',0,''),(141,27,'data_xiu_hao_chi','shang_pin_lai_yuan','商品信息来源','','','2','DATA_TYPE_STRING','','',0,0,'','','',0,0,'Id','qq','',NULL,'','',0,''),(142,27,'data_xiu_hao_chi','shop_level_img_url','店铺评级，皇冠数图片地址','','','','DATA_TYPE_STRING','','',0,0,'','','',0,0,'XPath','//*[@id=\"shop-rank\"]/img','src',NULL,'','',0,''),(143,27,'data_xiu_hao_chi','cu_xiao_jia_num','促销价数值表示','','','','DATA_TYPE_NUMBER','','',0,0,'-.*$;¥','','',0,1,'XPath','//*[@id=\"J_PromoPrice\"]/div/strong','',NULL,'','',1,''),(144,27,'data_xiu_hao_chi','dan_jia_num','商品单价数值表示','','','','DATA_TYPE_NUMBER','0.002','',0,0,'元.*$','','',0,0,'XPath','//*[@id=\"J_StrPriceModBox\"]/span[2]','',NULL,'','',1,''),(145,27,'data_xiu_hao_chi','jia_ge_num','商品价格数字表示','','','','DATA_TYPE_NUMBER','','',0,0,'-.*$;¥','','',0,0,'Id','J_StrPrice','',0,'','',1,''),(146,27,'data_xiu_hao_chi','ping_fen_num','商品评分数字表示','','','','DATA_TYPE_NUMBER','','',0,0,'分','','',0,0,'Id','J_RateStar','',NULL,'','',1,''),(164,29,'data_xiu_hao_chi','biao_ti','商品标题','','','','DATA_TYPE_STRING','','',0,0,'-淘宝网','','',0,0,'XPath','/html/head/title','',NULL,'','',1,''),(165,29,'data_xiu_hao_chi','cu_xiao_jia','促销价','','','','DATA_TYPE_STRING','','',0,0,'','','',0,0,'XPath','//*[@id=\"J_PromoPrice\"]/div','',NULL,'','',1,''),(166,29,'data_xiu_hao_chi','cu_xiao_jia_num','促销价数值表示','','','','DATA_TYPE_NUMBER','','',0,0,'-.*$;¥','','',0,1,'XPath','//*[@id=\"J_PromoPrice\"]/div/strong','',NULL,'','',1,''),(167,29,'data_xiu_hao_chi','dan_jia','商品单价','','','','DATA_TYPE_STRING','','',0,0,'','','',0,0,'XPath','//*[@id=\"J_StrPriceModBox\"]/span[2]','',NULL,'','',1,''),(168,29,'data_xiu_hao_chi','dan_jia_num','商品单价数值表示','','','','DATA_TYPE_NUMBER','0.002','',0,0,'元.*$','','',0,0,'XPath','//*[@id=\"J_StrPriceModBox\"]/span[2]','',NULL,'','',1,''),(169,29,'data_xiu_hao_chi','img_url','图片链接url','','','','DATA_TYPE_STRING','','',0,0,'','','',0,0,'XPath','//*[@id=\"J_ImgBooth\"];/html/body/div[18]/img','data-src;src',0,'','',0,''),(170,29,'data_xiu_hao_chi','item_url','商品链接url','','','','DATA_TYPE_STRING','','',1,0,'','','',1,0,'Id','qq','',NULL,'','',0,''),(171,29,'data_xiu_hao_chi','jia_ge','商品价格','','','','DATA_TYPE_STRING','','',0,0,'','','',0,0,'Id','J_StrPrice','',NULL,'','',1,''),(172,29,'data_xiu_hao_chi','jia_ge_num','商品价格数字表示','','','','DATA_TYPE_NUMBER','','',0,0,'¥','','',0,0,'Id','J_StrPrice','',NULL,'','',1,''),(173,29,'data_xiu_hao_chi','meta_desc','商品 meta description 信息','','','','DATA_TYPE_STRING','','',0,0,'欢迎前来淘宝网;\"',';','',0,1,'Tag_Name','head','',NULL,'','<meta name=\"description\" content=\"#@!>',0,''),(174,29,'data_xiu_hao_chi','meta_search_keyword','商品 meta keyword 关键词信息','','','','DATA_TYPE_STRING','','',0,0,'淘宝,;掏宝,;网上购物,;店铺,;\"',';;;;','',0,1,'Tag_Name','head','',NULL,'','<meta name=\"keywords\" content=\"#@!>',0,''),(175,29,'data_xiu_hao_chi','ping_fen','商品评分','','','','DATA_TYPE_STRING','','',0,0,'分','','',0,0,'Id','J_RateStar','',NULL,'','',1,''),(176,29,'data_xiu_hao_chi','ping_fen_num','商品评分数字表示','','','','DATA_TYPE_NUMBER','','',0,0,'分','','',0,0,'Id','J_RateStar','',NULL,'','',1,''),(177,29,'data_xiu_hao_chi','shang_pin_lai_yuan','商品信息来源','','','2','DATA_TYPE_STRING','','',0,0,'','','',0,0,'Id','qq','',NULL,'','',0,''),(178,29,'data_xiu_hao_chi','shop_level_img_url','店铺评级，皇冠数图片地址','','','','DATA_TYPE_STRING','','',0,0,'','','',0,0,'XPath','//*[@id=\"shop-rank\"]/img','src',NULL,'','',0,''),(179,29,'data_xiu_hao_chi','shop_name','店铺名称','','','','DATA_TYPE_STRING','','',0,0,'','','',0,0,'XPath','//*[@id=\"detail\"]/div[2]/div/div[3]/div/div[2]/p[1]/a;//*[@id=\"detail\"]/div[1]/div/div[1]/div/div[2]/p/a','title',NULL,'','',0,''),(180,29,'data_xiu_hao_chi','shop_url','店铺链接url','','','','DATA_TYPE_STRING','','',0,0,'','','',0,0,'XPath','//*[@id=\"detail\"]/div[2]/div/div[3]/div/div[2]/p[1]/a;//*[@id=\"detail\"]/div[1]/div/div[1]/div/div[2]/p/a','href',NULL,'','#@!/?',0,''),(181,27,'data_xiu_hao_chi','jiao_yi','30天内交易的数量','','','','DATA_TYPE_STRING','1','',0,0,'','','',0,0,'Class_Name','J_TDealCount','',0,'','',1,''),(182,27,'data_xiu_hao_chi','jiao_yi_success','30天内成功的交易数量','','','','DATA_TYPE_STRING','1','',0,0,'','','',0,0,'Id','J_OrdersClosed','',0,'','',1,''),(183,27,'data_xiu_hao_chi','jiao_yi_num','30天内交易的数量的数值','','','','DATA_TYPE_NUMBER','1','',0,0,'','','',0,0,'Class_Name','J_TDealCount','',0,'','',1,''),(184,27,'data_xiu_hao_chi','jiao_yi_success_num','30天内成功的交易数量的数值','','','','DATA_TYPE_NUMBER','1','',0,0,'','','',0,0,'Id','J_OrdersClosed','',0,'','',1,''),(185,27,'data_xiu_hao_chi','hao_ping_lv','店铺好评率','','','','DATA_TYPE_STRING','1','',0,0,'','','',0,0,'Id','J_PositiveRating','',0,'','',1,''),(186,27,'data_xiu_hao_chi','hao_ping_lv_num','店铺好评率数值','','','','DATA_TYPE_NUMBER','1','',0,0,'\\%','','',0,0,'Id','J_PositiveRating','',0,'','',1,''),(187,27,'data_xiu_hao_chi','wang_wang_url','掌柜旺旺链接地址','','','','DATA_TYPE_STRING','1','',0,0,'spm=(.)*&','','',0,0,'XPath','//*[@id=\"detail\"]/div[2]/div/div[3]/div/div[2]/p[1]/span/a','href',0,'','',0,''),(188,30,'data_xiu_hao_chi','biao_ti','商品标题','','','','DATA_TYPE_STRING','','',0,0,'-tmall.com天猫','','',0,0,'XPath','/html/head/title','',0,'','',1,''),(189,30,'data_xiu_hao_chi','cu_xiao_jia','促销价','','','','DATA_TYPE_STRING','','',0,0,'','','',0,0,'Id','J_PromoBox','',0,'','',1,''),(190,30,'data_xiu_hao_chi','cu_xiao_jia_num','促销价数值表示','','','','DATA_TYPE_NUMBER','','',0,0,'','','',0,0,'XPath','//*[@id=\"J_PromoBox\"]/strong','',0,'','',1,''),(191,30,'data_xiu_hao_chi','dan_jia','商品单价','','','','DATA_TYPE_STRING','','',0,0,'','','',0,0,'XPath','//*[@id=\"J_StrPriceModBox\"]/span[3]','',0,'','',1,''),(192,30,'data_xiu_hao_chi','dan_jia_num','商品单价数值表示','','','','DATA_TYPE_NUMBER','0.002','',0,0,'元.*$','','',0,0,'XPath','//*[@id=\"J_StrPriceModBox\"]/span[3]','',0,'','',1,''),(193,30,'data_xiu_hao_chi','hao_ping_lv','店铺好评率','','','','DATA_TYPE_STRING','1','',0,0,'','','',0,0,'XPath','//*[@id=\"side-shop-info\"]/div/div[2]/div[1]/ul/li[1]/a/em','',0,'','',1,''),(194,30,'data_xiu_hao_chi','hao_ping_lv_num','店铺好评率数值','','','','DATA_TYPE_NUMBER','1','',0,0,'分','','',0,0,'XPath','//*[@id=\"side-shop-info\"]/div/div[2]/div[1]/ul/li[1]/a/em','title',0,'','',0,''),(195,30,'data_xiu_hao_chi','img_url','图片链接url','','','','DATA_TYPE_STRING','','',0,0,'','','',0,0,'Id','J_ImgBooth','src',0,'','',0,''),(196,30,'data_xiu_hao_chi','item_url','商品链接url','','','','DATA_TYPE_STRING','','',1,0,'','','',1,0,'Id','qq','',0,'','',0,''),(197,30,'data_xiu_hao_chi','jia_ge','商品价格','','','','DATA_TYPE_STRING','','',0,0,'','','',0,0,'Id','J_StrPrice','',0,'','',1,''),(198,30,'data_xiu_hao_chi','jia_ge_num','商品价格数字表示','','','','DATA_TYPE_NUMBER','','',0,0,'','','',0,0,'Id','J_StrPrice','',0,'','',1,''),(199,30,'data_xiu_hao_chi','jiao_yi','30天内交易的数量','','','','DATA_TYPE_STRING','1','',0,0,'','','',0,0,'Class_Name','J_TDealCount','',0,'','',1,''),(200,30,'data_xiu_hao_chi','jiao_yi_num','30天内交易的数量的数值','','','','DATA_TYPE_NUMBER','1','',0,0,'','','',0,0,'Class_Name','J_TDealCount','',0,'','',1,''),(201,30,'data_xiu_hao_chi','jiao_yi_success','30天内成功的交易数量','','','','DATA_TYPE_STRING','1','',0,0,'','','',0,0,'Class_Name','J_TDealCount','',0,'','',1,''),(202,30,'data_xiu_hao_chi','jiao_yi_success_num','30天内成功的交易数量的数值','','','','DATA_TYPE_NUMBER','1','',0,0,'','','',0,0,'Class_Name','J_TDealCount','',0,'','',1,''),(203,30,'data_xiu_hao_chi','meta_desc','商品 meta description 信息','','','','DATA_TYPE_STRING','','',0,0,'欢迎前来淘宝网;\"',';','',0,1,'Tag_Name','head','',0,'','<meta name=\"description\" content=\"#@!>',0,''),(204,30,'data_xiu_hao_chi','meta_search_keyword','商品 meta keyword 关键词信息','','','','DATA_TYPE_STRING','','',0,0,'淘宝,;掏宝,;网上购物,;店铺,;\"',';;;;','',0,1,'Tag_Name','head','',0,'','<meta name=\"keywords\" content=\"#@!>',0,''),(205,30,'data_xiu_hao_chi','ping_fen','商品评分','','','','DATA_TYPE_STRING','','',0,0,'','','',0,0,'XPath','//*[@id=\"J_Stars\"]/p/span[1]/em','',0,'','',1,''),(206,30,'data_xiu_hao_chi','ping_fen_num','商品评分数字表示','','','','DATA_TYPE_NUMBER','','',0,0,'','','',0,0,'XPath','//*[@id=\"J_Stars\"]/p/span[1]/em','',0,'','',1,''),(207,30,'data_xiu_hao_chi','shang_pin_lai_yuan','商品信息来源','','','1','DATA_TYPE_NUMBER','','',0,0,'','','',0,0,'Id','qq','',0,'','',0,''),(209,30,'data_xiu_hao_chi','shop_name','店铺名称','','','','DATA_TYPE_STRING','','',0,0,'','','',0,0,'XPath','//*[@id=\"mallLogo\"]/span[2]/a','',0,'','',1,''),(210,30,'data_xiu_hao_chi','shop_url','店铺链接url','','','','DATA_TYPE_STRING','','',0,0,'','','',0,0,'XPath','//*[@id=\"mallLogo\"]/span[2]/a','href',0,'','#@!/?',0,''),(211,30,'data_xiu_hao_chi','wang_wang_url','掌柜旺旺链接地址','','','','DATA_TYPE_STRING','1','',0,0,'spm=(.)*&','','',0,0,'XPath','//*[@id=\"mallLogo\"]/span[2]/span/a','href',0,'','',0,''),(212,30,'data_xiu_hao_chi','pin_pai_zhi_xiao','是否是品牌直销','','','','DATA_TYPE_BOOLEAN','1','',0,0,'','','',0,0,'XPath','//*[@id=\"mallLogo\"]/span[2]/a/span','',0,'','',1,'');

UNLOCK TABLES;

/*Data for the table `parse_item_action` */

LOCK TABLES `parse_item_action` WRITE;

insert  into `parse_item_action`(`id`,`parse_item_id`,`by_ele_type`,`by_ele_val`,`by_ele_action`) values (4,-1,'Id','telbtn','JAVA_SCRIPT_ACTION_CLICK');

UNLOCK TABLES;

/*Data for the table `parse_page_exception` */

LOCK TABLES `parse_page_exception` WRITE;

UNLOCK TABLES;

/*Data for the table `role` */

LOCK TABLES `role` WRITE;

insert  into `role`(`id`,`role_name`,`role_desc`) values (1,'Admin','Administrator of this system.'),(2,'Super Admin','Super administrator of this system.');

UNLOCK TABLES;

/*Data for the table `role_menu_map` */

LOCK TABLES `role_menu_map` WRITE;

insert  into `role_menu_map`(`role_id`,`menu_id`) values (2,1),(2,2),(2,3),(2,4),(2,5),(2,6),(2,7),(2,8),(2,9);

UNLOCK TABLES;

/*Data for the table `selenium_setting` */

LOCK TABLES `selenium_setting` WRITE;

UNLOCK TABLES;

/*Data for the table `site` */

LOCK TABLES `site` WRITE;

insert  into `site`(`id`,`category_id`,`site_name`,`site_desc`,`parse_id`,`top_url`,`start_download_time`,`download_duration_seconds`,`over_write_attributes`,`download_task_reget_duration_d`,`need_login`,`login_check_return_url`,`login_check_return_data`,`login_check_return_data_xpath`,`test_passed`,`site_status`,`multi_country`,`place_holders`,`browser_type`,`access_denied_page_element_xpath`,`access_denied_page_element_value`,`alert_text_to_reset_d_task`,`need_scroll_page_url_charactor`,`not_need_scroll_page_url_charactor`,`set_high_level_task_url_charactor`,`set_middle_level_task_url_charactor`) values (1,8,'新浪软件下载','新浪软件下载',22,'http://tech.sina.com.cn/down/',8,9,'',10,0,'','','',0,0,0,'',NULL,NULL,NULL,NULL,NULL,NULL,NULL,NULL),(2,8,'Apple ios app download','',23,'https://itunes.apple.com/cn/genre/ios/id36?mt=8',3,6,'https://itunes.apple.com/cn/genre/mac/id39?mt=12;https://itunes.apple.com/tw/genre/music/id34;https://itunes.apple.com/tw/genre/movies/id33;https://itunes.apple.com/tw/genre/ios/id36?mt=8;https://itunes.apple.com/tw/genre/podcasts/id26?mt=2;https://itunes.apple.com/tw/genre/books/id38?mt=11;https://itunes.apple.com/tw/genre/music-videos/id31;https://itunes.apple.com/tw/genre/audiobooks/id50000024',9,0,'','','',0,0,0,'111111','WEB_DRIVER_BROWSER_TYPE_HTML_UNIT','','','','','','',''),(3,10,'淘宝店铺信息','淘宝店铺信息',24,'http://list.taobao.com/browse/cat-0.htm?',9,9,'',12,0,'','','',0,0,0,'','WEB_DRIVER_BROWSER_TYPE_FIREFOX_10','/html/head/title','访问受限了','','list.taobao.com/;list.tmall.com/','','store.taobao.com;store.tmall.com;/view_shop.htm',''),(6,10,'淘宝各种食品信息(不包括天猫)','解析淘宝里面的美食特产里面的食品信息(不包括天猫)',27,'http://www.taobao.com/market/foodindex.php',9,9,'',12,0,'','','',0,0,0,'','WEB_DRIVER_BROWSER_TYPE_FIREFOX_10','/html/head/title','访问受限了','','list.taobao.com/;s.taobao.com/','','',''),(8,10,'淘宝所有品类商品信息(不包括天猫)','解析淘宝里面的淘宝所有品类商品信息(不包括天猫)',29,'http://list.taobao.com/browse/cat-0.htm?',9,9,'',12,0,'','','',0,0,0,'','WEB_DRIVER_BROWSER_TYPE_FIREFOX_10','/html/head/title','访问受限了','','list.taobao.com/','','',''),(9,10,'天猫各种食品信息(不包括淘宝)','解析天猫里面的美食特产里面的食品信息(不包括淘宝)',30,'http://list.tmall.com/search_product.htm?cat=$PlaceHolders$',9,9,'',12,0,'','','',0,0,0,'50100151;50100152;50100153;50100154;50100155;50100156;50099889;50099289;50099890;50099888;50099887;50099300;50100166;50100167;50099298;50099888','WEB_DRIVER_BROWSER_TYPE_FIREFOX_10','/html/head/title','访问受限了','','list.tmall.com','','','');

UNLOCK TABLES;

/*Data for the table `site_auth` */

LOCK TABLES `site_auth` WRITE;

UNLOCK TABLES;

/*Data for the table `site_category` */

LOCK TABLES `site_category` WRITE;

insert  into `site_category`(`id`,`cat_name`,`cat_desc`) values (8,'下载网站','记录各种数字产品下载网站的信息'),(10,'电子商务网站','抓取电子商务网站店铺，商品，特价，限时特价信息，然后展示给用户，通过淘宝联盟来赚取广告费佣金');

UNLOCK TABLES;

/*Data for the table `site_content_page_check` */

LOCK TABLES `site_content_page_check` WRITE;

insert  into `site_content_page_check`(`id`,`site_id`,`by_ele_type`,`by_ele_val`,`by_tag_attribute`,`charactor`,`not_charactor`,`parse_value_reg_exp`,`parse_value_string`) values (1,6,'XPath','/html/head/title','','-淘宝网','-tmall.com天猫','',''),(3,9,'XPath','/html/head/title','','','出错啦！ -','','');

UNLOCK TABLES;

/*Data for the table `site_url_parse` */

LOCK TABLES `site_url_parse` WRITE;

insert  into `site_url_parse`(`id`,`site_id`,`url_charactor`,`not_url_charactor`,`exec_javascript`,`url_page_desc`,`page_encoding`,`url_match_reg_exp`,`content_page_url_charactor`,`by_ele_type`,`by_ele_val`,`by_tag_attribute`,`run_regexp_on_url`,`run_string_find_on_url`) values (4,1,'down.tech.sina.com.cn','','','Software download page.','','','3gsoft/download.php;\ndown.tech.sina.com.cn/content/','Tag_Name','a',NULL,NULL,NULL),(5,2,'/genre/ios;/app/','','','','','','/app/','Tag_Name','a',NULL,NULL,NULL),(6,3,'list.taobao.com/;rate.taobao.com/;store.taobao.com/;list.tmall.com/','/myRate.htm;rater=1;login.;regist;https;alisec.taobao.com/','','','','','rate.taobao.com','Tag_Name','a','href;HREF','','spm=!@#&;scm!@#&;&from=!@#&;taobao_from=!@#&;ssid=!@#&;style=!@#&;auction_tag=!@#&;sort=!@#&;area_code=!@#&;rn=!@#&;n=!@#&;vmarket=!@#&;search_condition=!@#&;active=!@#&;!@##J_Filter;!@##grid-column;_u=!@#&;ppath=!@#&;sku=!@#&;_tb_token_=!@#&'),(8,3,'list.taobao.com/;rate.taobao.com/;store.taobao.com/;list.tmall.com/','/myRate.htm;rater=1;login.;regist;https;alisec.taobao.com/','','','','','rate.taobao.com','Css_Selector','a[data-module=\"page\"];a[data-k=\"page\"]',NULL,'','spm=!@#&;scm!@#&;&from=!@#&;taobao_from=!@#&;ssid=!@#&;style=!@#&;auction_tag=!@#&;sort=!@#&;area_code=!@#&;rn=!@#&;n=!@#&;vmarket=!@#&;search_condition=!@#&;active=!@#&;!@##J_Filter;!@##grid-column;_u=!@#&;ppath=!@#&;sku=!@#&;_tb_token_=!@#&'),(9,6,'china.taobao.com;/food;list.taobao.com;item.taobao.com;s.taobao.com/;ny.taobao.com','login.;regist;https;alisec.taobao.com;re.taobao.com;simba.taobao.com;tmall.com;tejia.taobao.com;bangpai.taobao.com;quanzi.taobao.com;/browse/cat-0.htm','','','','','http://item.taobao.com/item.htm','Tag_Name','a',NULL,'','cat;id;s;ppath;q'),(10,6,'china.taobao.com;/food;list.taobao.com;item.taobao.com;s.taobao.com/;ny.taobao.com','login.;regist;https;alisec.taobao.com;re.taobao.com;simba.taobao.com;tmall.com;tejia.taobao.com;bangpai.taobao.com;quanzi.taobao.com;/browse/cat-0.htm','','','','','http://item.taobao.com/item.htm','Css_Selector','a[data-module=\"page\"];a[data-k=\"page\"];a[class=\"J_pageitem\"];a[class=\"page\"];a[data-key=\"ppath\"];a[data-key=\"cat\"]',NULL,'','cat;id;s;ppath;q'),(13,8,'list.taobao.com;nvzhuang.taobao.com;nanzhuang.taobao.com;nvxie.taobao.com;nanxie.taobao.com;nvbao.taobao.com;nanbao.taobao.com;neiyi.taobao.com;sport.taobao.com;/market/;jiadian.taobao.com;3c.taobao.com;/3c/;mei.taobao.com;spu.taobao.com;baobao.taobao.com;home.taobao.com;chi.taobao.com;ny.taobao.com;baihuo.taobao.com;car.taobao.com;life.taobao.com;item.taobao.com','login.;regist;https;alisec.taobao.com;re.taobao.com;simba.taobao.com;search;tmall.com;/itemlist/.htm?;pro.taobao.com','','','','','http://item.taobao.com/item.htm','Tag_Name','a',NULL,'','cat;id;s;ppath;q'),(14,8,'list.taobao.com;nvzhuang.taobao.com;nanzhuang.taobao.com;nvxie.taobao.com;nanxie.taobao.com;nvbao.taobao.com;nanbao.taobao.com;neiyi.taobao.com;sport.taobao.com;/market/;jiadian.taobao.com;3c.taobao.com;/3c/;mei.taobao.com;spu.taobao.com;baobao.taobao.com;home.taobao.com;chi.taobao.com;ny.taobao.com;baihuo.taobao.com;car.taobao.com;life.taobao.com;item.taobao.com','login.;regist;https;alisec.taobao.com;re.taobao.com;simba.taobao.com;search;tmall.com;/itemlist/.htm?;pro.taobao.com','','','','','http://item.taobao.com/item.htm','Css_Selector','a[data-module=\"page\"];a[data-k=\"page\"];a[data-key=\"ppath\"];a[data-key=\"cat\"]',NULL,'','cat;id;s;ppath;q'),(15,9,'list.tmall.com;detail.tmall.com','taobao.com;http://login.tmall.com/','','','','','http://detail.tmall.com/item.htm','Tag_Name','a',NULL,'','cat;id;s;ppath;q');

UNLOCK TABLES;

/*!40101 SET SQL_MODE=@OLD_SQL_MODE */;
/*!40014 SET FOREIGN_KEY_CHECKS=@OLD_FOREIGN_KEY_CHECKS */;
/*!40014 SET UNIQUE_CHECKS=@OLD_UNIQUE_CHECKS */;
/*!40111 SET SQL_NOTES=@OLD_SQL_NOTES */;
